ISO-10303-21;
HEADER;
/* Generated by software containing ST-Developer
 * from STEP Tools, Inc. (www.steptools.com) 
 */

FILE_DESCRIPTION(
/* description */ (''),
/* implementation_level */ '2;1');

FILE_NAME(
/* name */ 'aereo rc.step',
/* time_stamp */ '2026-10-05T22:36:53+02:00',
/* author */ (''),
/* organization */ (''),
/* preprocessor_version */ 'ST-DEVELOPER v20.2',
/* originating_system */ 'Autodesk Translation Framework v15.15.0.0',
/* authorisation */ '');

FILE_SCHEMA (('AUTOMOTIVE_DESIGN { 1 0 10303 214 3 1 1 }'));
ENDSEC;

DATA;
#10=MECHANICAL_DESIGN_GEOMETRIC_PRESENTATION_REPRESENTATION('',(#13,#14),
#17656);
#11=SHAPE_REPRESENTATION_RELATIONSHIP('SRR','None',#17663,#12);
#12=ADVANCED_BREP_SHAPE_REPRESENTATION('',(#11111,#11112),#17655);
#13=STYLED_ITEM('',(#17672),#11111);
#14=STYLED_ITEM('',(#17672),#11112);
#15=ORIENTED_CLOSED_SHELL('',*,#11102,.F.);
#16=ORIENTED_CLOSED_SHELL('',*,#11103,.F.);
#17=ORIENTED_CLOSED_SHELL('',*,#11104,.F.);
#18=ORIENTED_CLOSED_SHELL('',*,#11105,.F.);
#19=ORIENTED_CLOSED_SHELL('',*,#11107,.F.);
#20=ORIENTED_CLOSED_SHELL('',*,#11108,.F.);
#21=ORIENTED_CLOSED_SHELL('',*,#11109,.F.);
#22=ORIENTED_CLOSED_SHELL('',*,#11110,.F.);
#23=CIRCLE('',#11233,0.3);
#24=CIRCLE('',#11234,0.3);
#25=CIRCLE('',#11244,0.999999967450093);
#26=CIRCLE('',#11245,0.999999594778666);
#27=CIRCLE('',#11267,0.999999594778666);
#28=CIRCLE('',#11268,0.999999967450093);
#29=CIRCLE('',#11295,1.00000000000002);
#30=CIRCLE('',#11296,1.00000000000001);
#31=CIRCLE('',#11297,0.999999749783204);
#32=CIRCLE('',#11298,0.999999999999984);
#33=CIRCLE('',#11300,0.999999749783204);
#34=CIRCLE('',#11311,1.00000000000001);
#35=CIRCLE('',#11315,1.00000000000002);
#36=CIRCLE('',#11316,0.999999999999984);
#37=CIRCLE('',#11331,0.999999749783204);
#38=CIRCLE('',#11332,0.999999749783204);
#39=CIRCLE('',#11337,0.999999999999996);
#40=CIRCLE('',#11338,1.00000026008116);
#41=CIRCLE('',#11356,1.00000026008116);
#42=CIRCLE('',#11357,0.999999999999996);
#43=CIRCLE('',#11375,1.29999977693124);
#44=CIRCLE('',#11376,0.999999776931269);
#45=CIRCLE('',#11377,0.999999591520495);
#46=CIRCLE('',#11378,0.999999937009583);
#47=CIRCLE('',#11379,1.29999995851288);
#48=CIRCLE('',#11400,0.999999776931269);
#49=CIRCLE('',#11403,1.29999977693124);
#50=CIRCLE('',#11405,1.29999995851288);
#51=CIRCLE('',#11406,0.999999937009583);
#52=CIRCLE('',#11407,0.999999591520495);
#53=CIRCLE('',#11538,0.3);
#54=CIRCLE('',#11539,0.3);
#55=CIRCLE('',#11549,0.999999967450093);
#56=CIRCLE('',#11550,0.999999594778666);
#57=CIRCLE('',#11572,0.999999594778666);
#58=CIRCLE('',#11573,0.999999967450093);
#59=CIRCLE('',#11600,1.00000000000002);
#60=CIRCLE('',#11601,1.00000000000001);
#61=CIRCLE('',#11602,0.999999749783204);
#62=CIRCLE('',#11603,0.999999999999984);
#63=CIRCLE('',#11605,0.999999749783204);
#64=CIRCLE('',#11616,1.00000000000001);
#65=CIRCLE('',#11620,1.00000000000002);
#66=CIRCLE('',#11621,0.999999999999984);
#67=CIRCLE('',#11636,0.999999749783204);
#68=CIRCLE('',#11637,0.999999749783204);
#69=CIRCLE('',#11642,0.999999999999996);
#70=CIRCLE('',#11643,1.00000026008116);
#71=CIRCLE('',#11661,1.00000026008116);
#72=CIRCLE('',#11662,0.999999999999996);
#73=CIRCLE('',#11680,1.29999977693124);
#74=CIRCLE('',#11681,0.999999776931269);
#75=CIRCLE('',#11682,0.999999591520495);
#76=CIRCLE('',#11683,0.999999937009583);
#77=CIRCLE('',#11684,1.29999995851288);
#78=CIRCLE('',#11705,0.999999776931269);
#79=CIRCLE('',#11708,1.29999977693124);
#80=CIRCLE('',#11710,1.29999995851288);
#81=CIRCLE('',#11711,0.999999937009583);
#82=CIRCLE('',#11712,0.999999591520495);
#83=CYLINDRICAL_SURFACE('',#11232,0.3);
#84=CYLINDRICAL_SURFACE('',#11287,0.999999594778666);
#85=CYLINDRICAL_SURFACE('',#11289,0.999999967450093);
#86=CYLINDRICAL_SURFACE('',#11299,0.999999749783204);
#87=CYLINDRICAL_SURFACE('',#11310,1.00000000000001);
#88=CYLINDRICAL_SURFACE('',#11318,0.999999999999984);
#89=CYLINDRICAL_SURFACE('',#11330,0.999999749783204);
#90=CYLINDRICAL_SURFACE('',#11333,1.00000000000002);
#91=CYLINDRICAL_SURFACE('',#11358,0.999999999999996);
#92=CYLINDRICAL_SURFACE('',#11360,1.00000026008116);
#93=CYLINDRICAL_SURFACE('',#11399,0.999999776931269);
#94=CYLINDRICAL_SURFACE('',#11402,1.29999977693124);
#95=CYLINDRICAL_SURFACE('',#11409,0.999999937009583);
#96=CYLINDRICAL_SURFACE('',#11428,1.29999995851288);
#97=CYLINDRICAL_SURFACE('',#11430,0.999999591520495);
#98=CYLINDRICAL_SURFACE('',#11537,0.3);
#99=CYLINDRICAL_SURFACE('',#11592,0.999999594778666);
#100=CYLINDRICAL_SURFACE('',#11594,0.999999967450093);
#101=CYLINDRICAL_SURFACE('',#11604,0.999999749783204);
#102=CYLINDRICAL_SURFACE('',#11615,1.00000000000001);
#103=CYLINDRICAL_SURFACE('',#11623,0.999999999999984);
#104=CYLINDRICAL_SURFACE('',#11635,0.999999749783204);
#105=CYLINDRICAL_SURFACE('',#11638,1.00000000000002);
#106=CYLINDRICAL_SURFACE('',#11663,0.999999999999996);
#107=CYLINDRICAL_SURFACE('',#11665,1.00000026008116);
#108=CYLINDRICAL_SURFACE('',#11704,0.999999776931269);
#109=CYLINDRICAL_SURFACE('',#11707,1.29999977693124);
#110=CYLINDRICAL_SURFACE('',#11714,0.999999937009583);
#111=CYLINDRICAL_SURFACE('',#11733,1.29999995851288);
#112=CYLINDRICAL_SURFACE('',#11735,0.999999591520495);
#113=FACE_OUTER_BOUND('',#663,.T.);
#114=FACE_OUTER_BOUND('',#664,.T.);
#115=FACE_OUTER_BOUND('',#665,.T.);
#116=FACE_OUTER_BOUND('',#666,.T.);
#117=FACE_OUTER_BOUND('',#667,.T.);
#118=FACE_OUTER_BOUND('',#668,.T.);
#119=FACE_OUTER_BOUND('',#669,.T.);
#120=FACE_OUTER_BOUND('',#670,.T.);
#121=FACE_OUTER_BOUND('',#671,.T.);
#122=FACE_OUTER_BOUND('',#672,.T.);
#123=FACE_OUTER_BOUND('',#673,.T.);
#124=FACE_OUTER_BOUND('',#674,.T.);
#125=FACE_OUTER_BOUND('',#675,.T.);
#126=FACE_OUTER_BOUND('',#676,.T.);
#127=FACE_OUTER_BOUND('',#677,.T.);
#128=FACE_OUTER_BOUND('',#678,.T.);
#129=FACE_OUTER_BOUND('',#679,.T.);
#130=FACE_OUTER_BOUND('',#680,.T.);
#131=FACE_OUTER_BOUND('',#681,.T.);
#132=FACE_OUTER_BOUND('',#682,.T.);
#133=FACE_OUTER_BOUND('',#683,.T.);
#134=FACE_OUTER_BOUND('',#684,.T.);
#135=FACE_OUTER_BOUND('',#685,.T.);
#136=FACE_OUTER_BOUND('',#686,.T.);
#137=FACE_OUTER_BOUND('',#687,.T.);
#138=FACE_OUTER_BOUND('',#688,.T.);
#139=FACE_OUTER_BOUND('',#689,.T.);
#140=FACE_OUTER_BOUND('',#690,.T.);
#141=FACE_OUTER_BOUND('',#691,.T.);
#142=FACE_OUTER_BOUND('',#692,.T.);
#143=FACE_OUTER_BOUND('',#693,.T.);
#144=FACE_OUTER_BOUND('',#694,.T.);
#145=FACE_OUTER_BOUND('',#695,.T.);
#146=FACE_OUTER_BOUND('',#696,.T.);
#147=FACE_OUTER_BOUND('',#697,.T.);
#148=FACE_OUTER_BOUND('',#698,.T.);
#149=FACE_OUTER_BOUND('',#699,.T.);
#150=FACE_OUTER_BOUND('',#700,.T.);
#151=FACE_OUTER_BOUND('',#701,.T.);
#152=FACE_OUTER_BOUND('',#702,.T.);
#153=FACE_OUTER_BOUND('',#703,.T.);
#154=FACE_OUTER_BOUND('',#704,.T.);
#155=FACE_OUTER_BOUND('',#705,.T.);
#156=FACE_OUTER_BOUND('',#706,.T.);
#157=FACE_OUTER_BOUND('',#707,.T.);
#158=FACE_OUTER_BOUND('',#708,.T.);
#159=FACE_OUTER_BOUND('',#709,.T.);
#160=FACE_OUTER_BOUND('',#710,.T.);
#161=FACE_OUTER_BOUND('',#711,.T.);
#162=FACE_OUTER_BOUND('',#712,.T.);
#163=FACE_OUTER_BOUND('',#713,.T.);
#164=FACE_OUTER_BOUND('',#714,.T.);
#165=FACE_OUTER_BOUND('',#715,.T.);
#166=FACE_OUTER_BOUND('',#716,.T.);
#167=FACE_OUTER_BOUND('',#717,.T.);
#168=FACE_OUTER_BOUND('',#718,.T.);
#169=FACE_OUTER_BOUND('',#719,.T.);
#170=FACE_OUTER_BOUND('',#720,.T.);
#171=FACE_OUTER_BOUND('',#721,.T.);
#172=FACE_OUTER_BOUND('',#722,.T.);
#173=FACE_OUTER_BOUND('',#723,.T.);
#174=FACE_OUTER_BOUND('',#724,.T.);
#175=FACE_OUTER_BOUND('',#725,.T.);
#176=FACE_OUTER_BOUND('',#726,.T.);
#177=FACE_OUTER_BOUND('',#727,.T.);
#178=FACE_OUTER_BOUND('',#728,.T.);
#179=FACE_OUTER_BOUND('',#729,.T.);
#180=FACE_OUTER_BOUND('',#730,.T.);
#181=FACE_OUTER_BOUND('',#731,.T.);
#182=FACE_OUTER_BOUND('',#732,.T.);
#183=FACE_OUTER_BOUND('',#733,.T.);
#184=FACE_OUTER_BOUND('',#734,.T.);
#185=FACE_OUTER_BOUND('',#735,.T.);
#186=FACE_OUTER_BOUND('',#736,.T.);
#187=FACE_OUTER_BOUND('',#737,.T.);
#188=FACE_OUTER_BOUND('',#738,.T.);
#189=FACE_OUTER_BOUND('',#739,.T.);
#190=FACE_OUTER_BOUND('',#740,.T.);
#191=FACE_OUTER_BOUND('',#741,.T.);
#192=FACE_OUTER_BOUND('',#742,.T.);
#193=FACE_OUTER_BOUND('',#743,.T.);
#194=FACE_OUTER_BOUND('',#744,.T.);
#195=FACE_OUTER_BOUND('',#745,.T.);
#196=FACE_OUTER_BOUND('',#746,.T.);
#197=FACE_OUTER_BOUND('',#747,.T.);
#198=FACE_OUTER_BOUND('',#748,.T.);
#199=FACE_OUTER_BOUND('',#749,.T.);
#200=FACE_OUTER_BOUND('',#750,.T.);
#201=FACE_OUTER_BOUND('',#751,.T.);
#202=FACE_OUTER_BOUND('',#752,.T.);
#203=FACE_OUTER_BOUND('',#753,.T.);
#204=FACE_OUTER_BOUND('',#754,.T.);
#205=FACE_OUTER_BOUND('',#755,.T.);
#206=FACE_OUTER_BOUND('',#756,.T.);
#207=FACE_OUTER_BOUND('',#757,.T.);
#208=FACE_OUTER_BOUND('',#758,.T.);
#209=FACE_OUTER_BOUND('',#759,.T.);
#210=FACE_OUTER_BOUND('',#760,.T.);
#211=FACE_OUTER_BOUND('',#761,.T.);
#212=FACE_OUTER_BOUND('',#762,.T.);
#213=FACE_OUTER_BOUND('',#763,.T.);
#214=FACE_OUTER_BOUND('',#764,.T.);
#215=FACE_OUTER_BOUND('',#765,.T.);
#216=FACE_OUTER_BOUND('',#766,.T.);
#217=FACE_OUTER_BOUND('',#767,.T.);
#218=FACE_OUTER_BOUND('',#768,.T.);
#219=FACE_OUTER_BOUND('',#769,.T.);
#220=FACE_OUTER_BOUND('',#770,.T.);
#221=FACE_OUTER_BOUND('',#771,.T.);
#222=FACE_OUTER_BOUND('',#772,.T.);
#223=FACE_OUTER_BOUND('',#773,.T.);
#224=FACE_OUTER_BOUND('',#774,.T.);
#225=FACE_OUTER_BOUND('',#775,.T.);
#226=FACE_OUTER_BOUND('',#776,.T.);
#227=FACE_OUTER_BOUND('',#777,.T.);
#228=FACE_OUTER_BOUND('',#778,.T.);
#229=FACE_OUTER_BOUND('',#779,.T.);
#230=FACE_OUTER_BOUND('',#780,.T.);
#231=FACE_OUTER_BOUND('',#781,.T.);
#232=FACE_OUTER_BOUND('',#782,.T.);
#233=FACE_OUTER_BOUND('',#783,.T.);
#234=FACE_OUTER_BOUND('',#784,.T.);
#235=FACE_OUTER_BOUND('',#785,.T.);
#236=FACE_OUTER_BOUND('',#786,.T.);
#237=FACE_OUTER_BOUND('',#787,.T.);
#238=FACE_OUTER_BOUND('',#788,.T.);
#239=FACE_OUTER_BOUND('',#789,.T.);
#240=FACE_OUTER_BOUND('',#790,.T.);
#241=FACE_OUTER_BOUND('',#791,.T.);
#242=FACE_OUTER_BOUND('',#792,.T.);
#243=FACE_OUTER_BOUND('',#793,.T.);
#244=FACE_OUTER_BOUND('',#794,.T.);
#245=FACE_OUTER_BOUND('',#795,.T.);
#246=FACE_OUTER_BOUND('',#796,.T.);
#247=FACE_OUTER_BOUND('',#797,.T.);
#248=FACE_OUTER_BOUND('',#798,.T.);
#249=FACE_OUTER_BOUND('',#799,.T.);
#250=FACE_OUTER_BOUND('',#800,.T.);
#251=FACE_OUTER_BOUND('',#801,.T.);
#252=FACE_OUTER_BOUND('',#802,.T.);
#253=FACE_OUTER_BOUND('',#803,.T.);
#254=FACE_OUTER_BOUND('',#804,.T.);
#255=FACE_OUTER_BOUND('',#805,.T.);
#256=FACE_OUTER_BOUND('',#806,.T.);
#257=FACE_OUTER_BOUND('',#807,.T.);
#258=FACE_OUTER_BOUND('',#808,.T.);
#259=FACE_OUTER_BOUND('',#809,.T.);
#260=FACE_OUTER_BOUND('',#810,.T.);
#261=FACE_OUTER_BOUND('',#811,.T.);
#262=FACE_OUTER_BOUND('',#812,.T.);
#263=FACE_OUTER_BOUND('',#813,.T.);
#264=FACE_OUTER_BOUND('',#814,.T.);
#265=FACE_OUTER_BOUND('',#815,.T.);
#266=FACE_OUTER_BOUND('',#816,.T.);
#267=FACE_OUTER_BOUND('',#817,.T.);
#268=FACE_OUTER_BOUND('',#818,.T.);
#269=FACE_OUTER_BOUND('',#819,.T.);
#270=FACE_OUTER_BOUND('',#820,.T.);
#271=FACE_OUTER_BOUND('',#821,.T.);
#272=FACE_OUTER_BOUND('',#822,.T.);
#273=FACE_OUTER_BOUND('',#823,.T.);
#274=FACE_OUTER_BOUND('',#824,.T.);
#275=FACE_OUTER_BOUND('',#825,.T.);
#276=FACE_OUTER_BOUND('',#826,.T.);
#277=FACE_OUTER_BOUND('',#827,.T.);
#278=FACE_OUTER_BOUND('',#828,.T.);
#279=FACE_OUTER_BOUND('',#829,.T.);
#280=FACE_OUTER_BOUND('',#830,.T.);
#281=FACE_OUTER_BOUND('',#831,.T.);
#282=FACE_OUTER_BOUND('',#832,.T.);
#283=FACE_OUTER_BOUND('',#833,.T.);
#284=FACE_OUTER_BOUND('',#834,.T.);
#285=FACE_OUTER_BOUND('',#835,.T.);
#286=FACE_OUTER_BOUND('',#836,.T.);
#287=FACE_OUTER_BOUND('',#837,.T.);
#288=FACE_OUTER_BOUND('',#838,.T.);
#289=FACE_OUTER_BOUND('',#839,.T.);
#290=FACE_OUTER_BOUND('',#840,.T.);
#291=FACE_OUTER_BOUND('',#841,.T.);
#292=FACE_OUTER_BOUND('',#842,.T.);
#293=FACE_OUTER_BOUND('',#843,.T.);
#294=FACE_OUTER_BOUND('',#844,.T.);
#295=FACE_OUTER_BOUND('',#845,.T.);
#296=FACE_OUTER_BOUND('',#846,.T.);
#297=FACE_OUTER_BOUND('',#847,.T.);
#298=FACE_OUTER_BOUND('',#848,.T.);
#299=FACE_OUTER_BOUND('',#849,.T.);
#300=FACE_OUTER_BOUND('',#850,.T.);
#301=FACE_OUTER_BOUND('',#851,.T.);
#302=FACE_OUTER_BOUND('',#852,.T.);
#303=FACE_OUTER_BOUND('',#853,.T.);
#304=FACE_OUTER_BOUND('',#854,.T.);
#305=FACE_OUTER_BOUND('',#855,.T.);
#306=FACE_OUTER_BOUND('',#856,.T.);
#307=FACE_OUTER_BOUND('',#857,.T.);
#308=FACE_OUTER_BOUND('',#858,.T.);
#309=FACE_OUTER_BOUND('',#859,.T.);
#310=FACE_OUTER_BOUND('',#860,.T.);
#311=FACE_OUTER_BOUND('',#861,.T.);
#312=FACE_OUTER_BOUND('',#862,.T.);
#313=FACE_OUTER_BOUND('',#863,.T.);
#314=FACE_OUTER_BOUND('',#864,.T.);
#315=FACE_OUTER_BOUND('',#865,.T.);
#316=FACE_OUTER_BOUND('',#866,.T.);
#317=FACE_OUTER_BOUND('',#867,.T.);
#318=FACE_OUTER_BOUND('',#868,.T.);
#319=FACE_OUTER_BOUND('',#869,.T.);
#320=FACE_OUTER_BOUND('',#870,.T.);
#321=FACE_OUTER_BOUND('',#871,.T.);
#322=FACE_OUTER_BOUND('',#872,.T.);
#323=FACE_OUTER_BOUND('',#873,.T.);
#324=FACE_OUTER_BOUND('',#874,.T.);
#325=FACE_OUTER_BOUND('',#875,.T.);
#326=FACE_OUTER_BOUND('',#876,.T.);
#327=FACE_OUTER_BOUND('',#877,.T.);
#328=FACE_OUTER_BOUND('',#878,.T.);
#329=FACE_OUTER_BOUND('',#879,.T.);
#330=FACE_OUTER_BOUND('',#880,.T.);
#331=FACE_OUTER_BOUND('',#881,.T.);
#332=FACE_OUTER_BOUND('',#882,.T.);
#333=FACE_OUTER_BOUND('',#883,.T.);
#334=FACE_OUTER_BOUND('',#884,.T.);
#335=FACE_OUTER_BOUND('',#885,.T.);
#336=FACE_OUTER_BOUND('',#886,.T.);
#337=FACE_OUTER_BOUND('',#887,.T.);
#338=FACE_OUTER_BOUND('',#888,.T.);
#339=FACE_OUTER_BOUND('',#889,.T.);
#340=FACE_OUTER_BOUND('',#890,.T.);
#341=FACE_OUTER_BOUND('',#891,.T.);
#342=FACE_OUTER_BOUND('',#892,.T.);
#343=FACE_OUTER_BOUND('',#893,.T.);
#344=FACE_OUTER_BOUND('',#894,.T.);
#345=FACE_OUTER_BOUND('',#895,.T.);
#346=FACE_OUTER_BOUND('',#896,.T.);
#347=FACE_OUTER_BOUND('',#897,.T.);
#348=FACE_OUTER_BOUND('',#898,.T.);
#349=FACE_OUTER_BOUND('',#899,.T.);
#350=FACE_OUTER_BOUND('',#900,.T.);
#351=FACE_OUTER_BOUND('',#901,.T.);
#352=FACE_OUTER_BOUND('',#902,.T.);
#353=FACE_OUTER_BOUND('',#903,.T.);
#354=FACE_OUTER_BOUND('',#904,.T.);
#355=FACE_OUTER_BOUND('',#905,.T.);
#356=FACE_OUTER_BOUND('',#906,.T.);
#357=FACE_OUTER_BOUND('',#907,.T.);
#358=FACE_OUTER_BOUND('',#908,.T.);
#359=FACE_OUTER_BOUND('',#909,.T.);
#360=FACE_OUTER_BOUND('',#910,.T.);
#361=FACE_OUTER_BOUND('',#911,.T.);
#362=FACE_OUTER_BOUND('',#912,.T.);
#363=FACE_OUTER_BOUND('',#913,.T.);
#364=FACE_OUTER_BOUND('',#914,.T.);
#365=FACE_OUTER_BOUND('',#915,.T.);
#366=FACE_OUTER_BOUND('',#916,.T.);
#367=FACE_OUTER_BOUND('',#917,.T.);
#368=FACE_OUTER_BOUND('',#918,.T.);
#369=FACE_OUTER_BOUND('',#919,.T.);
#370=FACE_OUTER_BOUND('',#920,.T.);
#371=FACE_OUTER_BOUND('',#921,.T.);
#372=FACE_OUTER_BOUND('',#922,.T.);
#373=FACE_OUTER_BOUND('',#923,.T.);
#374=FACE_OUTER_BOUND('',#924,.T.);
#375=FACE_OUTER_BOUND('',#925,.T.);
#376=FACE_OUTER_BOUND('',#926,.T.);
#377=FACE_OUTER_BOUND('',#927,.T.);
#378=FACE_OUTER_BOUND('',#928,.T.);
#379=FACE_OUTER_BOUND('',#929,.T.);
#380=FACE_OUTER_BOUND('',#930,.T.);
#381=FACE_OUTER_BOUND('',#931,.T.);
#382=FACE_OUTER_BOUND('',#932,.T.);
#383=FACE_OUTER_BOUND('',#933,.T.);
#384=FACE_OUTER_BOUND('',#934,.T.);
#385=FACE_OUTER_BOUND('',#935,.T.);
#386=FACE_OUTER_BOUND('',#936,.T.);
#387=FACE_OUTER_BOUND('',#937,.T.);
#388=FACE_OUTER_BOUND('',#938,.T.);
#389=FACE_OUTER_BOUND('',#939,.T.);
#390=FACE_OUTER_BOUND('',#940,.T.);
#391=FACE_OUTER_BOUND('',#941,.T.);
#392=FACE_OUTER_BOUND('',#942,.T.);
#393=FACE_OUTER_BOUND('',#943,.T.);
#394=FACE_OUTER_BOUND('',#944,.T.);
#395=FACE_OUTER_BOUND('',#945,.T.);
#396=FACE_OUTER_BOUND('',#946,.T.);
#397=FACE_OUTER_BOUND('',#947,.T.);
#398=FACE_OUTER_BOUND('',#948,.T.);
#399=FACE_OUTER_BOUND('',#949,.T.);
#400=FACE_OUTER_BOUND('',#950,.T.);
#401=FACE_OUTER_BOUND('',#951,.T.);
#402=FACE_OUTER_BOUND('',#952,.T.);
#403=FACE_OUTER_BOUND('',#953,.T.);
#404=FACE_OUTER_BOUND('',#954,.T.);
#405=FACE_OUTER_BOUND('',#955,.T.);
#406=FACE_OUTER_BOUND('',#956,.T.);
#407=FACE_OUTER_BOUND('',#957,.T.);
#408=FACE_OUTER_BOUND('',#958,.T.);
#409=FACE_OUTER_BOUND('',#959,.T.);
#410=FACE_OUTER_BOUND('',#960,.T.);
#411=FACE_OUTER_BOUND('',#961,.T.);
#412=FACE_OUTER_BOUND('',#962,.T.);
#413=FACE_OUTER_BOUND('',#963,.T.);
#414=FACE_OUTER_BOUND('',#964,.T.);
#415=FACE_OUTER_BOUND('',#965,.T.);
#416=FACE_OUTER_BOUND('',#966,.T.);
#417=FACE_OUTER_BOUND('',#967,.T.);
#418=FACE_OUTER_BOUND('',#968,.T.);
#419=FACE_OUTER_BOUND('',#969,.T.);
#420=FACE_OUTER_BOUND('',#970,.T.);
#421=FACE_OUTER_BOUND('',#971,.T.);
#422=FACE_OUTER_BOUND('',#972,.T.);
#423=FACE_OUTER_BOUND('',#973,.T.);
#424=FACE_OUTER_BOUND('',#974,.T.);
#425=FACE_OUTER_BOUND('',#975,.T.);
#426=FACE_OUTER_BOUND('',#976,.T.);
#427=FACE_OUTER_BOUND('',#977,.T.);
#428=FACE_OUTER_BOUND('',#978,.T.);
#429=FACE_OUTER_BOUND('',#979,.T.);
#430=FACE_OUTER_BOUND('',#980,.T.);
#431=FACE_OUTER_BOUND('',#981,.T.);
#432=FACE_OUTER_BOUND('',#982,.T.);
#433=FACE_OUTER_BOUND('',#983,.T.);
#434=FACE_OUTER_BOUND('',#984,.T.);
#435=FACE_OUTER_BOUND('',#985,.T.);
#436=FACE_OUTER_BOUND('',#986,.T.);
#437=FACE_OUTER_BOUND('',#987,.T.);
#438=FACE_OUTER_BOUND('',#988,.T.);
#439=FACE_OUTER_BOUND('',#989,.T.);
#440=FACE_OUTER_BOUND('',#990,.T.);
#441=FACE_OUTER_BOUND('',#991,.T.);
#442=FACE_OUTER_BOUND('',#992,.T.);
#443=FACE_OUTER_BOUND('',#993,.T.);
#444=FACE_OUTER_BOUND('',#994,.T.);
#445=FACE_OUTER_BOUND('',#995,.T.);
#446=FACE_OUTER_BOUND('',#996,.T.);
#447=FACE_OUTER_BOUND('',#997,.T.);
#448=FACE_OUTER_BOUND('',#998,.T.);
#449=FACE_OUTER_BOUND('',#999,.T.);
#450=FACE_OUTER_BOUND('',#1000,.T.);
#451=FACE_OUTER_BOUND('',#1001,.T.);
#452=FACE_OUTER_BOUND('',#1002,.T.);
#453=FACE_OUTER_BOUND('',#1003,.T.);
#454=FACE_OUTER_BOUND('',#1004,.T.);
#455=FACE_OUTER_BOUND('',#1005,.T.);
#456=FACE_OUTER_BOUND('',#1006,.T.);
#457=FACE_OUTER_BOUND('',#1007,.T.);
#458=FACE_OUTER_BOUND('',#1008,.T.);
#459=FACE_OUTER_BOUND('',#1009,.T.);
#460=FACE_OUTER_BOUND('',#1010,.T.);
#461=FACE_OUTER_BOUND('',#1011,.T.);
#462=FACE_OUTER_BOUND('',#1012,.T.);
#463=FACE_OUTER_BOUND('',#1013,.T.);
#464=FACE_OUTER_BOUND('',#1014,.T.);
#465=FACE_OUTER_BOUND('',#1015,.T.);
#466=FACE_OUTER_BOUND('',#1016,.T.);
#467=FACE_OUTER_BOUND('',#1017,.T.);
#468=FACE_OUTER_BOUND('',#1018,.T.);
#469=FACE_OUTER_BOUND('',#1019,.T.);
#470=FACE_OUTER_BOUND('',#1020,.T.);
#471=FACE_OUTER_BOUND('',#1021,.T.);
#472=FACE_OUTER_BOUND('',#1022,.T.);
#473=FACE_OUTER_BOUND('',#1023,.T.);
#474=FACE_OUTER_BOUND('',#1024,.T.);
#475=FACE_OUTER_BOUND('',#1025,.T.);
#476=FACE_OUTER_BOUND('',#1026,.T.);
#477=FACE_OUTER_BOUND('',#1027,.T.);
#478=FACE_OUTER_BOUND('',#1028,.T.);
#479=FACE_OUTER_BOUND('',#1029,.T.);
#480=FACE_OUTER_BOUND('',#1030,.T.);
#481=FACE_OUTER_BOUND('',#1031,.T.);
#482=FACE_OUTER_BOUND('',#1032,.T.);
#483=FACE_OUTER_BOUND('',#1033,.T.);
#484=FACE_OUTER_BOUND('',#1034,.T.);
#485=FACE_OUTER_BOUND('',#1035,.T.);
#486=FACE_OUTER_BOUND('',#1036,.T.);
#487=FACE_OUTER_BOUND('',#1037,.T.);
#488=FACE_OUTER_BOUND('',#1038,.T.);
#489=FACE_OUTER_BOUND('',#1039,.T.);
#490=FACE_OUTER_BOUND('',#1040,.T.);
#491=FACE_OUTER_BOUND('',#1041,.T.);
#492=FACE_OUTER_BOUND('',#1042,.T.);
#493=FACE_OUTER_BOUND('',#1043,.T.);
#494=FACE_OUTER_BOUND('',#1044,.T.);
#495=FACE_OUTER_BOUND('',#1045,.T.);
#496=FACE_OUTER_BOUND('',#1046,.T.);
#497=FACE_OUTER_BOUND('',#1047,.T.);
#498=FACE_OUTER_BOUND('',#1048,.T.);
#499=FACE_OUTER_BOUND('',#1049,.T.);
#500=FACE_OUTER_BOUND('',#1050,.T.);
#501=FACE_OUTER_BOUND('',#1051,.T.);
#502=FACE_OUTER_BOUND('',#1052,.T.);
#503=FACE_OUTER_BOUND('',#1053,.T.);
#504=FACE_OUTER_BOUND('',#1054,.T.);
#505=FACE_OUTER_BOUND('',#1055,.T.);
#506=FACE_OUTER_BOUND('',#1056,.T.);
#507=FACE_OUTER_BOUND('',#1057,.T.);
#508=FACE_OUTER_BOUND('',#1058,.T.);
#509=FACE_OUTER_BOUND('',#1059,.T.);
#510=FACE_OUTER_BOUND('',#1060,.T.);
#511=FACE_OUTER_BOUND('',#1061,.T.);
#512=FACE_OUTER_BOUND('',#1062,.T.);
#513=FACE_OUTER_BOUND('',#1063,.T.);
#514=FACE_OUTER_BOUND('',#1064,.T.);
#515=FACE_OUTER_BOUND('',#1065,.T.);
#516=FACE_OUTER_BOUND('',#1066,.T.);
#517=FACE_OUTER_BOUND('',#1067,.T.);
#518=FACE_OUTER_BOUND('',#1068,.T.);
#519=FACE_OUTER_BOUND('',#1069,.T.);
#520=FACE_OUTER_BOUND('',#1070,.T.);
#521=FACE_OUTER_BOUND('',#1071,.T.);
#522=FACE_OUTER_BOUND('',#1072,.T.);
#523=FACE_OUTER_BOUND('',#1073,.T.);
#524=FACE_OUTER_BOUND('',#1074,.T.);
#525=FACE_OUTER_BOUND('',#1075,.T.);
#526=FACE_OUTER_BOUND('',#1076,.T.);
#527=FACE_OUTER_BOUND('',#1077,.T.);
#528=FACE_OUTER_BOUND('',#1078,.T.);
#529=FACE_OUTER_BOUND('',#1079,.T.);
#530=FACE_OUTER_BOUND('',#1080,.T.);
#531=FACE_OUTER_BOUND('',#1081,.T.);
#532=FACE_OUTER_BOUND('',#1082,.T.);
#533=FACE_OUTER_BOUND('',#1083,.T.);
#534=FACE_OUTER_BOUND('',#1084,.T.);
#535=FACE_OUTER_BOUND('',#1085,.T.);
#536=FACE_OUTER_BOUND('',#1086,.T.);
#537=FACE_OUTER_BOUND('',#1087,.T.);
#538=FACE_OUTER_BOUND('',#1088,.T.);
#539=FACE_OUTER_BOUND('',#1089,.T.);
#540=FACE_OUTER_BOUND('',#1090,.T.);
#541=FACE_OUTER_BOUND('',#1091,.T.);
#542=FACE_OUTER_BOUND('',#1092,.T.);
#543=FACE_OUTER_BOUND('',#1093,.T.);
#544=FACE_OUTER_BOUND('',#1094,.T.);
#545=FACE_OUTER_BOUND('',#1095,.T.);
#546=FACE_OUTER_BOUND('',#1096,.T.);
#547=FACE_OUTER_BOUND('',#1097,.T.);
#548=FACE_OUTER_BOUND('',#1098,.T.);
#549=FACE_OUTER_BOUND('',#1099,.T.);
#550=FACE_OUTER_BOUND('',#1100,.T.);
#551=FACE_OUTER_BOUND('',#1101,.T.);
#552=FACE_OUTER_BOUND('',#1102,.T.);
#553=FACE_OUTER_BOUND('',#1103,.T.);
#554=FACE_OUTER_BOUND('',#1104,.T.);
#555=FACE_OUTER_BOUND('',#1105,.T.);
#556=FACE_OUTER_BOUND('',#1106,.T.);
#557=FACE_OUTER_BOUND('',#1107,.T.);
#558=FACE_OUTER_BOUND('',#1108,.T.);
#559=FACE_OUTER_BOUND('',#1109,.T.);
#560=FACE_OUTER_BOUND('',#1110,.T.);
#561=FACE_OUTER_BOUND('',#1111,.T.);
#562=FACE_OUTER_BOUND('',#1112,.T.);
#563=FACE_OUTER_BOUND('',#1113,.T.);
#564=FACE_OUTER_BOUND('',#1114,.T.);
#565=FACE_OUTER_BOUND('',#1115,.T.);
#566=FACE_OUTER_BOUND('',#1116,.T.);
#567=FACE_OUTER_BOUND('',#1117,.T.);
#568=FACE_OUTER_BOUND('',#1118,.T.);
#569=FACE_OUTER_BOUND('',#1119,.T.);
#570=FACE_OUTER_BOUND('',#1120,.T.);
#571=FACE_OUTER_BOUND('',#1121,.T.);
#572=FACE_OUTER_BOUND('',#1122,.T.);
#573=FACE_OUTER_BOUND('',#1123,.T.);
#574=FACE_OUTER_BOUND('',#1124,.T.);
#575=FACE_OUTER_BOUND('',#1125,.T.);
#576=FACE_OUTER_BOUND('',#1126,.T.);
#577=FACE_OUTER_BOUND('',#1127,.T.);
#578=FACE_OUTER_BOUND('',#1128,.T.);
#579=FACE_OUTER_BOUND('',#1129,.T.);
#580=FACE_OUTER_BOUND('',#1130,.T.);
#581=FACE_OUTER_BOUND('',#1131,.T.);
#582=FACE_OUTER_BOUND('',#1132,.T.);
#583=FACE_OUTER_BOUND('',#1133,.T.);
#584=FACE_OUTER_BOUND('',#1134,.T.);
#585=FACE_OUTER_BOUND('',#1135,.T.);
#586=FACE_OUTER_BOUND('',#1136,.T.);
#587=FACE_OUTER_BOUND('',#1137,.T.);
#588=FACE_OUTER_BOUND('',#1138,.T.);
#589=FACE_OUTER_BOUND('',#1139,.T.);
#590=FACE_OUTER_BOUND('',#1140,.T.);
#591=FACE_OUTER_BOUND('',#1141,.T.);
#592=FACE_OUTER_BOUND('',#1142,.T.);
#593=FACE_OUTER_BOUND('',#1143,.T.);
#594=FACE_OUTER_BOUND('',#1144,.T.);
#595=FACE_OUTER_BOUND('',#1145,.T.);
#596=FACE_OUTER_BOUND('',#1146,.T.);
#597=FACE_OUTER_BOUND('',#1147,.T.);
#598=FACE_OUTER_BOUND('',#1148,.T.);
#599=FACE_OUTER_BOUND('',#1149,.T.);
#600=FACE_OUTER_BOUND('',#1150,.T.);
#601=FACE_OUTER_BOUND('',#1151,.T.);
#602=FACE_OUTER_BOUND('',#1152,.T.);
#603=FACE_OUTER_BOUND('',#1153,.T.);
#604=FACE_OUTER_BOUND('',#1154,.T.);
#605=FACE_OUTER_BOUND('',#1155,.T.);
#606=FACE_OUTER_BOUND('',#1156,.T.);
#607=FACE_OUTER_BOUND('',#1157,.T.);
#608=FACE_OUTER_BOUND('',#1158,.T.);
#609=FACE_OUTER_BOUND('',#1159,.T.);
#610=FACE_OUTER_BOUND('',#1160,.T.);
#611=FACE_OUTER_BOUND('',#1161,.T.);
#612=FACE_OUTER_BOUND('',#1162,.T.);
#613=FACE_OUTER_BOUND('',#1163,.T.);
#614=FACE_OUTER_BOUND('',#1164,.T.);
#615=FACE_OUTER_BOUND('',#1165,.T.);
#616=FACE_OUTER_BOUND('',#1166,.T.);
#617=FACE_OUTER_BOUND('',#1167,.T.);
#618=FACE_OUTER_BOUND('',#1168,.T.);
#619=FACE_OUTER_BOUND('',#1169,.T.);
#620=FACE_OUTER_BOUND('',#1170,.T.);
#621=FACE_OUTER_BOUND('',#1171,.T.);
#622=FACE_OUTER_BOUND('',#1172,.T.);
#623=FACE_OUTER_BOUND('',#1173,.T.);
#624=FACE_OUTER_BOUND('',#1174,.T.);
#625=FACE_OUTER_BOUND('',#1175,.T.);
#626=FACE_OUTER_BOUND('',#1176,.T.);
#627=FACE_OUTER_BOUND('',#1177,.T.);
#628=FACE_OUTER_BOUND('',#1178,.T.);
#629=FACE_OUTER_BOUND('',#1179,.T.);
#630=FACE_OUTER_BOUND('',#1180,.T.);
#631=FACE_OUTER_BOUND('',#1181,.T.);
#632=FACE_OUTER_BOUND('',#1182,.T.);
#633=FACE_OUTER_BOUND('',#1183,.T.);
#634=FACE_OUTER_BOUND('',#1184,.T.);
#635=FACE_OUTER_BOUND('',#1185,.T.);
#636=FACE_OUTER_BOUND('',#1186,.T.);
#637=FACE_OUTER_BOUND('',#1187,.T.);
#638=FACE_OUTER_BOUND('',#1188,.T.);
#639=FACE_OUTER_BOUND('',#1189,.T.);
#640=FACE_OUTER_BOUND('',#1190,.T.);
#641=FACE_OUTER_BOUND('',#1191,.T.);
#642=FACE_OUTER_BOUND('',#1192,.T.);
#643=FACE_OUTER_BOUND('',#1193,.T.);
#644=FACE_OUTER_BOUND('',#1194,.T.);
#645=FACE_OUTER_BOUND('',#1195,.T.);
#646=FACE_OUTER_BOUND('',#1196,.T.);
#647=FACE_OUTER_BOUND('',#1197,.T.);
#648=FACE_OUTER_BOUND('',#1198,.T.);
#649=FACE_OUTER_BOUND('',#1199,.T.);
#650=FACE_OUTER_BOUND('',#1200,.T.);
#651=FACE_OUTER_BOUND('',#1201,.T.);
#652=FACE_OUTER_BOUND('',#1202,.T.);
#653=FACE_OUTER_BOUND('',#1203,.T.);
#654=FACE_OUTER_BOUND('',#1204,.T.);
#655=FACE_OUTER_BOUND('',#1205,.T.);
#656=FACE_OUTER_BOUND('',#1206,.T.);
#657=FACE_OUTER_BOUND('',#1207,.T.);
#658=FACE_OUTER_BOUND('',#1208,.T.);
#659=FACE_OUTER_BOUND('',#1209,.T.);
#660=FACE_OUTER_BOUND('',#1210,.T.);
#661=FACE_OUTER_BOUND('',#1211,.T.);
#662=FACE_OUTER_BOUND('',#1212,.T.);
#663=EDGE_LOOP('',(#6875,#6876,#6877,#6878));
#664=EDGE_LOOP('',(#6879,#6880,#6881,#6882));
#665=EDGE_LOOP('',(#6883,#6884,#6885,#6886));
#666=EDGE_LOOP('',(#6887,#6888,#6889,#6890));
#667=EDGE_LOOP('',(#6891,#6892,#6893,#6894));
#668=EDGE_LOOP('',(#6895,#6896,#6897,#6898));
#669=EDGE_LOOP('',(#6899,#6900,#6901,#6902));
#670=EDGE_LOOP('',(#6903,#6904,#6905,#6906));
#671=EDGE_LOOP('',(#6907,#6908,#6909,#6910));
#672=EDGE_LOOP('',(#6911,#6912,#6913,#6914));
#673=EDGE_LOOP('',(#6915,#6916,#6917,#6918));
#674=EDGE_LOOP('',(#6919,#6920,#6921,#6922));
#675=EDGE_LOOP('',(#6923,#6924,#6925,#6926));
#676=EDGE_LOOP('',(#6927,#6928,#6929,#6930));
#677=EDGE_LOOP('',(#6931,#6932,#6933,#6934));
#678=EDGE_LOOP('',(#6935,#6936,#6937,#6938));
#679=EDGE_LOOP('',(#6939,#6940,#6941,#6942));
#680=EDGE_LOOP('',(#6943,#6944,#6945,#6946));
#681=EDGE_LOOP('',(#6947,#6948,#6949,#6950));
#682=EDGE_LOOP('',(#6951,#6952,#6953,#6954));
#683=EDGE_LOOP('',(#6955,#6956,#6957,#6958));
#684=EDGE_LOOP('',(#6959,#6960,#6961,#6962));
#685=EDGE_LOOP('',(#6963,#6964,#6965,#6966));
#686=EDGE_LOOP('',(#6967,#6968,#6969,#6970));
#687=EDGE_LOOP('',(#6971,#6972,#6973,#6974));
#688=EDGE_LOOP('',(#6975,#6976,#6977,#6978));
#689=EDGE_LOOP('',(#6979,#6980,#6981,#6982));
#690=EDGE_LOOP('',(#6983,#6984,#6985,#6986));
#691=EDGE_LOOP('',(#6987,#6988,#6989,#6990));
#692=EDGE_LOOP('',(#6991,#6992,#6993,#6994));
#693=EDGE_LOOP('',(#6995,#6996,#6997,#6998));
#694=EDGE_LOOP('',(#6999,#7000,#7001,#7002));
#695=EDGE_LOOP('',(#7003,#7004,#7005,#7006));
#696=EDGE_LOOP('',(#7007,#7008,#7009,#7010));
#697=EDGE_LOOP('',(#7011,#7012,#7013,#7014));
#698=EDGE_LOOP('',(#7015,#7016,#7017,#7018));
#699=EDGE_LOOP('',(#7019,#7020,#7021,#7022));
#700=EDGE_LOOP('',(#7023,#7024,#7025,#7026));
#701=EDGE_LOOP('',(#7027,#7028,#7029,#7030));
#702=EDGE_LOOP('',(#7031,#7032,#7033,#7034));
#703=EDGE_LOOP('',(#7035,#7036,#7037,#7038));
#704=EDGE_LOOP('',(#7039,#7040,#7041,#7042));
#705=EDGE_LOOP('',(#7043,#7044,#7045,#7046));
#706=EDGE_LOOP('',(#7047,#7048,#7049,#7050));
#707=EDGE_LOOP('',(#7051,#7052,#7053,#7054));
#708=EDGE_LOOP('',(#7055,#7056,#7057,#7058));
#709=EDGE_LOOP('',(#7059,#7060,#7061,#7062));
#710=EDGE_LOOP('',(#7063,#7064,#7065,#7066));
#711=EDGE_LOOP('',(#7067,#7068,#7069,#7070));
#712=EDGE_LOOP('',(#7071,#7072,#7073,#7074));
#713=EDGE_LOOP('',(#7075,#7076,#7077,#7078));
#714=EDGE_LOOP('',(#7079,#7080,#7081,#7082));
#715=EDGE_LOOP('',(#7083,#7084,#7085,#7086));
#716=EDGE_LOOP('',(#7087,#7088,#7089,#7090));
#717=EDGE_LOOP('',(#7091,#7092,#7093,#7094));
#718=EDGE_LOOP('',(#7095,#7096,#7097,#7098,#7099,#7100));
#719=EDGE_LOOP('',(#7101,#7102,#7103,#7104,#7105,#7106));
#720=EDGE_LOOP('',(#7107,#7108,#7109,#7110));
#721=EDGE_LOOP('',(#7111,#7112,#7113,#7114));
#722=EDGE_LOOP('',(#7115,#7116,#7117,#7118));
#723=EDGE_LOOP('',(#7119,#7120,#7121,#7122));
#724=EDGE_LOOP('',(#7123,#7124,#7125,#7126));
#725=EDGE_LOOP('',(#7127,#7128,#7129,#7130));
#726=EDGE_LOOP('',(#7131,#7132,#7133,#7134));
#727=EDGE_LOOP('',(#7135,#7136,#7137,#7138));
#728=EDGE_LOOP('',(#7139,#7140,#7141,#7142));
#729=EDGE_LOOP('',(#7143,#7144,#7145,#7146));
#730=EDGE_LOOP('',(#7147,#7148,#7149,#7150));
#731=EDGE_LOOP('',(#7151,#7152,#7153,#7154));
#732=EDGE_LOOP('',(#7155,#7156,#7157,#7158));
#733=EDGE_LOOP('',(#7159,#7160,#7161,#7162));
#734=EDGE_LOOP('',(#7163,#7164,#7165,#7166));
#735=EDGE_LOOP('',(#7167,#7168,#7169,#7170));
#736=EDGE_LOOP('',(#7171,#7172,#7173,#7174));
#737=EDGE_LOOP('',(#7175,#7176,#7177,#7178));
#738=EDGE_LOOP('',(#7179,#7180,#7181,#7182));
#739=EDGE_LOOP('',(#7183,#7184,#7185,#7186));
#740=EDGE_LOOP('',(#7187,#7188,#7189,#7190));
#741=EDGE_LOOP('',(#7191,#7192,#7193,#7194));
#742=EDGE_LOOP('',(#7195,#7196,#7197,#7198));
#743=EDGE_LOOP('',(#7199,#7200,#7201,#7202));
#744=EDGE_LOOP('',(#7203,#7204,#7205,#7206));
#745=EDGE_LOOP('',(#7207,#7208,#7209,#7210));
#746=EDGE_LOOP('',(#7211,#7212,#7213,#7214));
#747=EDGE_LOOP('',(#7215,#7216,#7217,#7218));
#748=EDGE_LOOP('',(#7219,#7220,#7221,#7222));
#749=EDGE_LOOP('',(#7223,#7224,#7225,#7226));
#750=EDGE_LOOP('',(#7227,#7228,#7229,#7230));
#751=EDGE_LOOP('',(#7231,#7232,#7233,#7234));
#752=EDGE_LOOP('',(#7235,#7236,#7237,#7238));
#753=EDGE_LOOP('',(#7239,#7240,#7241,#7242));
#754=EDGE_LOOP('',(#7243,#7244,#7245,#7246));
#755=EDGE_LOOP('',(#7247,#7248,#7249,#7250));
#756=EDGE_LOOP('',(#7251,#7252,#7253,#7254));
#757=EDGE_LOOP('',(#7255,#7256,#7257,#7258));
#758=EDGE_LOOP('',(#7259,#7260,#7261,#7262));
#759=EDGE_LOOP('',(#7263,#7264,#7265,#7266));
#760=EDGE_LOOP('',(#7267,#7268,#7269,#7270));
#761=EDGE_LOOP('',(#7271,#7272,#7273,#7274));
#762=EDGE_LOOP('',(#7275,#7276,#7277,#7278));
#763=EDGE_LOOP('',(#7279,#7280,#7281,#7282));
#764=EDGE_LOOP('',(#7283,#7284,#7285,#7286));
#765=EDGE_LOOP('',(#7287,#7288,#7289,#7290));
#766=EDGE_LOOP('',(#7291,#7292,#7293,#7294));
#767=EDGE_LOOP('',(#7295,#7296,#7297,#7298));
#768=EDGE_LOOP('',(#7299,#7300,#7301,#7302));
#769=EDGE_LOOP('',(#7303,#7304,#7305,#7306));
#770=EDGE_LOOP('',(#7307,#7308,#7309,#7310));
#771=EDGE_LOOP('',(#7311,#7312,#7313,#7314));
#772=EDGE_LOOP('',(#7315,#7316,#7317,#7318));
#773=EDGE_LOOP('',(#7319,#7320,#7321,#7322));
#774=EDGE_LOOP('',(#7323,#7324,#7325,#7326));
#775=EDGE_LOOP('',(#7327,#7328,#7329,#7330));
#776=EDGE_LOOP('',(#7331,#7332,#7333,#7334,#7335,#7336,#7337,#7338,#7339,
#7340,#7341,#7342,#7343,#7344,#7345,#7346,#7347,#7348,#7349,#7350,#7351,
#7352,#7353,#7354,#7355,#7356,#7357,#7358,#7359,#7360,#7361,#7362,#7363,
#7364,#7365,#7366,#7367,#7368,#7369,#7370,#7371,#7372,#7373,#7374,#7375,
#7376,#7377,#7378,#7379,#7380,#7381,#7382,#7383,#7384,#7385,#7386,#7387,
#7388,#7389,#7390,#7391,#7392,#7393,#7394,#7395,#7396,#7397,#7398,#7399,
#7400,#7401,#7402,#7403,#7404,#7405,#7406,#7407,#7408,#7409,#7410,#7411,
#7412,#7413,#7414,#7415,#7416,#7417,#7418,#7419,#7420,#7421,#7422,#7423,
#7424,#7425,#7426,#7427,#7428,#7429,#7430,#7431,#7432,#7433,#7434,#7435,
#7436,#7437,#7438,#7439,#7440,#7441,#7442,#7443));
#777=EDGE_LOOP('',(#7444,#7445,#7446,#7447,#7448,#7449,#7450,#7451,#7452,
#7453,#7454,#7455,#7456,#7457,#7458,#7459,#7460,#7461,#7462,#7463,#7464,
#7465,#7466,#7467,#7468,#7469,#7470,#7471,#7472,#7473,#7474,#7475,#7476,
#7477,#7478,#7479,#7480,#7481,#7482,#7483,#7484,#7485,#7486,#7487,#7488,
#7489,#7490,#7491,#7492,#7493,#7494,#7495,#7496,#7497,#7498,#7499,#7500,
#7501,#7502,#7503,#7504,#7505,#7506,#7507,#7508,#7509,#7510,#7511,#7512,
#7513,#7514,#7515,#7516,#7517,#7518,#7519,#7520,#7521,#7522,#7523,#7524,
#7525,#7526,#7527,#7528,#7529,#7530,#7531,#7532,#7533,#7534,#7535,#7536,
#7537,#7538,#7539,#7540,#7541,#7542,#7543,#7544,#7545,#7546,#7547,#7548,
#7549,#7550,#7551,#7552,#7553,#7554,#7555,#7556));
#778=EDGE_LOOP('',(#7557,#7558,#7559,#7560,#7561,#7562,#7563,#7564,#7565,
#7566,#7567,#7568,#7569,#7570,#7571,#7572,#7573,#7574,#7575,#7576,#7577,
#7578,#7579,#7580,#7581,#7582,#7583,#7584,#7585,#7586,#7587,#7588,#7589,
#7590,#7591,#7592,#7593,#7594,#7595,#7596));
#779=EDGE_LOOP('',(#7597,#7598,#7599,#7600));
#780=EDGE_LOOP('',(#7601,#7602,#7603,#7604));
#781=EDGE_LOOP('',(#7605,#7606,#7607,#7608));
#782=EDGE_LOOP('',(#7609,#7610,#7611,#7612));
#783=EDGE_LOOP('',(#7613,#7614,#7615,#7616));
#784=EDGE_LOOP('',(#7617,#7618,#7619,#7620));
#785=EDGE_LOOP('',(#7621,#7622,#7623,#7624));
#786=EDGE_LOOP('',(#7625,#7626,#7627,#7628));
#787=EDGE_LOOP('',(#7629,#7630,#7631,#7632));
#788=EDGE_LOOP('',(#7633,#7634,#7635,#7636));
#789=EDGE_LOOP('',(#7637,#7638,#7639,#7640));
#790=EDGE_LOOP('',(#7641,#7642,#7643,#7644));
#791=EDGE_LOOP('',(#7645,#7646,#7647,#7648));
#792=EDGE_LOOP('',(#7649,#7650,#7651,#7652));
#793=EDGE_LOOP('',(#7653,#7654,#7655,#7656));
#794=EDGE_LOOP('',(#7657,#7658,#7659,#7660));
#795=EDGE_LOOP('',(#7661,#7662,#7663,#7664));
#796=EDGE_LOOP('',(#7665,#7666,#7667,#7668));
#797=EDGE_LOOP('',(#7669,#7670,#7671,#7672));
#798=EDGE_LOOP('',(#7673,#7674,#7675,#7676));
#799=EDGE_LOOP('',(#7677,#7678,#7679,#7680,#7681,#7682,#7683,#7684,#7685,
#7686,#7687,#7688,#7689,#7690,#7691,#7692,#7693,#7694,#7695,#7696,#7697,
#7698,#7699,#7700,#7701,#7702,#7703,#7704,#7705,#7706,#7707,#7708,#7709,
#7710,#7711,#7712,#7713,#7714,#7715,#7716));
#800=EDGE_LOOP('',(#7717,#7718,#7719,#7720));
#801=EDGE_LOOP('',(#7721,#7722,#7723));
#802=EDGE_LOOP('',(#7724,#7725,#7726));
#803=EDGE_LOOP('',(#7727,#7728,#7729,#7730));
#804=EDGE_LOOP('',(#7731,#7732,#7733,#7734));
#805=EDGE_LOOP('',(#7735,#7736,#7737,#7738));
#806=EDGE_LOOP('',(#7739,#7740,#7741,#7742));
#807=EDGE_LOOP('',(#7743,#7744,#7745,#7746));
#808=EDGE_LOOP('',(#7747,#7748,#7749,#7750));
#809=EDGE_LOOP('',(#7751,#7752,#7753,#7754));
#810=EDGE_LOOP('',(#7755,#7756,#7757,#7758));
#811=EDGE_LOOP('',(#7759,#7760,#7761,#7762,#7763,#7764));
#812=EDGE_LOOP('',(#7765,#7766,#7767,#7768));
#813=EDGE_LOOP('',(#7769,#7770,#7771,#7772));
#814=EDGE_LOOP('',(#7773,#7774,#7775,#7776));
#815=EDGE_LOOP('',(#7777,#7778,#7779,#7780));
#816=EDGE_LOOP('',(#7781,#7782,#7783,#7784));
#817=EDGE_LOOP('',(#7785,#7786,#7787,#7788));
#818=EDGE_LOOP('',(#7789,#7790,#7791,#7792));
#819=EDGE_LOOP('',(#7793,#7794,#7795,#7796));
#820=EDGE_LOOP('',(#7797,#7798,#7799,#7800));
#821=EDGE_LOOP('',(#7801,#7802,#7803,#7804));
#822=EDGE_LOOP('',(#7805,#7806,#7807,#7808));
#823=EDGE_LOOP('',(#7809,#7810,#7811,#7812,#7813,#7814));
#824=EDGE_LOOP('',(#7815,#7816,#7817,#7818));
#825=EDGE_LOOP('',(#7819,#7820,#7821,#7822,#7823,#7824,#7825,#7826,#7827,
#7828,#7829,#7830,#7831,#7832,#7833,#7834,#7835,#7836,#7837,#7838,#7839,
#7840,#7841,#7842,#7843));
#826=EDGE_LOOP('',(#7844,#7845,#7846,#7847));
#827=EDGE_LOOP('',(#7848,#7849,#7850,#7851));
#828=EDGE_LOOP('',(#7852,#7853,#7854,#7855));
#829=EDGE_LOOP('',(#7856,#7857,#7858,#7859));
#830=EDGE_LOOP('',(#7860,#7861,#7862,#7863));
#831=EDGE_LOOP('',(#7864,#7865,#7866,#7867));
#832=EDGE_LOOP('',(#7868,#7869,#7870,#7871));
#833=EDGE_LOOP('',(#7872,#7873,#7874,#7875));
#834=EDGE_LOOP('',(#7876,#7877,#7878,#7879));
#835=EDGE_LOOP('',(#7880,#7881,#7882,#7883));
#836=EDGE_LOOP('',(#7884,#7885,#7886,#7887));
#837=EDGE_LOOP('',(#7888,#7889,#7890,#7891));
#838=EDGE_LOOP('',(#7892,#7893,#7894,#7895));
#839=EDGE_LOOP('',(#7896,#7897,#7898,#7899,#7900,#7901,#7902,#7903,#7904,
#7905,#7906,#7907,#7908,#7909,#7910,#7911,#7912,#7913,#7914,#7915,#7916,
#7917,#7918,#7919,#7920));
#840=EDGE_LOOP('',(#7921,#7922,#7923,#7924));
#841=EDGE_LOOP('',(#7925,#7926,#7927,#7928));
#842=EDGE_LOOP('',(#7929,#7930,#7931,#7932));
#843=EDGE_LOOP('',(#7933,#7934,#7935,#7936));
#844=EDGE_LOOP('',(#7937,#7938,#7939,#7940));
#845=EDGE_LOOP('',(#7941,#7942,#7943,#7944));
#846=EDGE_LOOP('',(#7945,#7946,#7947,#7948));
#847=EDGE_LOOP('',(#7949,#7950,#7951,#7952));
#848=EDGE_LOOP('',(#7953,#7954,#7955,#7956));
#849=EDGE_LOOP('',(#7957,#7958,#7959,#7960));
#850=EDGE_LOOP('',(#7961,#7962,#7963,#7964));
#851=EDGE_LOOP('',(#7965,#7966,#7967,#7968));
#852=EDGE_LOOP('',(#7969,#7970,#7971,#7972,#7973,#7974));
#853=EDGE_LOOP('',(#7975,#7976,#7977,#7978,#7979,#7980));
#854=EDGE_LOOP('',(#7981,#7982,#7983,#7984));
#855=EDGE_LOOP('',(#7985,#7986,#7987));
#856=EDGE_LOOP('',(#7988,#7989,#7990));
#857=EDGE_LOOP('',(#7991,#7992,#7993,#7994,#7995,#7996,#7997,#7998,#7999,
#8000,#8001,#8002,#8003,#8004,#8005,#8006,#8007,#8008,#8009,#8010,#8011,
#8012,#8013,#8014,#8015,#8016,#8017,#8018,#8019,#8020,#8021,#8022));
#858=EDGE_LOOP('',(#8023,#8024,#8025,#8026));
#859=EDGE_LOOP('',(#8027,#8028,#8029,#8030));
#860=EDGE_LOOP('',(#8031,#8032,#8033,#8034));
#861=EDGE_LOOP('',(#8035,#8036,#8037,#8038));
#862=EDGE_LOOP('',(#8039,#8040,#8041,#8042));
#863=EDGE_LOOP('',(#8043,#8044,#8045,#8046));
#864=EDGE_LOOP('',(#8047,#8048,#8049,#8050));
#865=EDGE_LOOP('',(#8051,#8052,#8053,#8054));
#866=EDGE_LOOP('',(#8055,#8056,#8057,#8058));
#867=EDGE_LOOP('',(#8059,#8060,#8061,#8062));
#868=EDGE_LOOP('',(#8063,#8064,#8065,#8066));
#869=EDGE_LOOP('',(#8067,#8068,#8069,#8070));
#870=EDGE_LOOP('',(#8071,#8072,#8073,#8074));
#871=EDGE_LOOP('',(#8075,#8076,#8077,#8078));
#872=EDGE_LOOP('',(#8079,#8080,#8081,#8082));
#873=EDGE_LOOP('',(#8083,#8084,#8085,#8086));
#874=EDGE_LOOP('',(#8087,#8088,#8089,#8090,#8091,#8092,#8093,#8094,#8095,
#8096,#8097,#8098,#8099,#8100,#8101,#8102,#8103,#8104,#8105,#8106,#8107,
#8108,#8109,#8110,#8111,#8112,#8113,#8114,#8115,#8116,#8117,#8118));
#875=EDGE_LOOP('',(#8119,#8120,#8121,#8122));
#876=EDGE_LOOP('',(#8123,#8124,#8125,#8126));
#877=EDGE_LOOP('',(#8127,#8128,#8129,#8130));
#878=EDGE_LOOP('',(#8131,#8132,#8133,#8134));
#879=EDGE_LOOP('',(#8135,#8136,#8137,#8138));
#880=EDGE_LOOP('',(#8139,#8140,#8141,#8142));
#881=EDGE_LOOP('',(#8143,#8144,#8145,#8146));
#882=EDGE_LOOP('',(#8147,#8148,#8149,#8150));
#883=EDGE_LOOP('',(#8151,#8152,#8153,#8154));
#884=EDGE_LOOP('',(#8155,#8156,#8157,#8158));
#885=EDGE_LOOP('',(#8159,#8160,#8161,#8162));
#886=EDGE_LOOP('',(#8163,#8164,#8165,#8166));
#887=EDGE_LOOP('',(#8167,#8168,#8169,#8170));
#888=EDGE_LOOP('',(#8171,#8172,#8173,#8174));
#889=EDGE_LOOP('',(#8175,#8176,#8177,#8178));
#890=EDGE_LOOP('',(#8179,#8180,#8181,#8182));
#891=EDGE_LOOP('',(#8183,#8184,#8185,#8186,#8187,#8188,#8189,#8190,#8191,
#8192,#8193,#8194,#8195,#8196,#8197,#8198,#8199,#8200,#8201,#8202,#8203,
#8204,#8205,#8206,#8207,#8208,#8209,#8210,#8211,#8212,#8213,#8214,#8215,
#8216,#8217,#8218,#8219,#8220,#8221,#8222,#8223,#8224,#8225,#8226,#8227));
#892=EDGE_LOOP('',(#8228,#8229,#8230,#8231));
#893=EDGE_LOOP('',(#8232,#8233,#8234,#8235));
#894=EDGE_LOOP('',(#8236,#8237,#8238,#8239));
#895=EDGE_LOOP('',(#8240,#8241,#8242,#8243));
#896=EDGE_LOOP('',(#8244,#8245,#8246,#8247));
#897=EDGE_LOOP('',(#8248,#8249,#8250,#8251));
#898=EDGE_LOOP('',(#8252,#8253,#8254,#8255));
#899=EDGE_LOOP('',(#8256,#8257,#8258,#8259));
#900=EDGE_LOOP('',(#8260,#8261,#8262,#8263));
#901=EDGE_LOOP('',(#8264,#8265,#8266,#8267));
#902=EDGE_LOOP('',(#8268,#8269,#8270,#8271));
#903=EDGE_LOOP('',(#8272,#8273,#8274,#8275));
#904=EDGE_LOOP('',(#8276,#8277,#8278,#8279));
#905=EDGE_LOOP('',(#8280,#8281,#8282,#8283));
#906=EDGE_LOOP('',(#8284,#8285,#8286,#8287));
#907=EDGE_LOOP('',(#8288,#8289,#8290,#8291));
#908=EDGE_LOOP('',(#8292,#8293,#8294,#8295));
#909=EDGE_LOOP('',(#8296,#8297,#8298,#8299));
#910=EDGE_LOOP('',(#8300,#8301,#8302,#8303));
#911=EDGE_LOOP('',(#8304,#8305,#8306,#8307));
#912=EDGE_LOOP('',(#8308,#8309,#8310,#8311));
#913=EDGE_LOOP('',(#8312,#8313,#8314,#8315));
#914=EDGE_LOOP('',(#8316,#8317,#8318,#8319,#8320,#8321,#8322,#8323,#8324,
#8325,#8326,#8327,#8328,#8329,#8330,#8331,#8332,#8333,#8334,#8335,#8336,
#8337,#8338,#8339,#8340,#8341,#8342,#8343,#8344,#8345,#8346,#8347,#8348,
#8349,#8350,#8351,#8352,#8353,#8354,#8355,#8356,#8357,#8358,#8359,#8360));
#915=EDGE_LOOP('',(#8361,#8362,#8363,#8364));
#916=EDGE_LOOP('',(#8365,#8366,#8367,#8368));
#917=EDGE_LOOP('',(#8369,#8370,#8371,#8372));
#918=EDGE_LOOP('',(#8373,#8374,#8375,#8376));
#919=EDGE_LOOP('',(#8377,#8378,#8379,#8380));
#920=EDGE_LOOP('',(#8381,#8382,#8383,#8384));
#921=EDGE_LOOP('',(#8385,#8386,#8387,#8388));
#922=EDGE_LOOP('',(#8389,#8390,#8391,#8392));
#923=EDGE_LOOP('',(#8393,#8394,#8395,#8396));
#924=EDGE_LOOP('',(#8397,#8398,#8399,#8400));
#925=EDGE_LOOP('',(#8401,#8402,#8403,#8404));
#926=EDGE_LOOP('',(#8405,#8406,#8407,#8408));
#927=EDGE_LOOP('',(#8409,#8410,#8411,#8412));
#928=EDGE_LOOP('',(#8413,#8414,#8415,#8416));
#929=EDGE_LOOP('',(#8417,#8418,#8419,#8420));
#930=EDGE_LOOP('',(#8421,#8422,#8423,#8424));
#931=EDGE_LOOP('',(#8425,#8426,#8427,#8428));
#932=EDGE_LOOP('',(#8429,#8430,#8431,#8432));
#933=EDGE_LOOP('',(#8433,#8434,#8435,#8436));
#934=EDGE_LOOP('',(#8437,#8438,#8439,#8440));
#935=EDGE_LOOP('',(#8441,#8442,#8443,#8444));
#936=EDGE_LOOP('',(#8445,#8446,#8447,#8448));
#937=EDGE_LOOP('',(#8449,#8450,#8451,#8452));
#938=EDGE_LOOP('',(#8453,#8454,#8455,#8456));
#939=EDGE_LOOP('',(#8457,#8458,#8459,#8460));
#940=EDGE_LOOP('',(#8461,#8462,#8463,#8464));
#941=EDGE_LOOP('',(#8465,#8466,#8467,#8468));
#942=EDGE_LOOP('',(#8469,#8470,#8471,#8472));
#943=EDGE_LOOP('',(#8473,#8474,#8475,#8476));
#944=EDGE_LOOP('',(#8477,#8478,#8479,#8480));
#945=EDGE_LOOP('',(#8481,#8482,#8483,#8484));
#946=EDGE_LOOP('',(#8485,#8486,#8487,#8488));
#947=EDGE_LOOP('',(#8489,#8490,#8491,#8492));
#948=EDGE_LOOP('',(#8493,#8494,#8495,#8496));
#949=EDGE_LOOP('',(#8497,#8498,#8499,#8500));
#950=EDGE_LOOP('',(#8501,#8502,#8503,#8504));
#951=EDGE_LOOP('',(#8505,#8506,#8507,#8508));
#952=EDGE_LOOP('',(#8509,#8510,#8511,#8512));
#953=EDGE_LOOP('',(#8513,#8514,#8515,#8516));
#954=EDGE_LOOP('',(#8517,#8518,#8519,#8520));
#955=EDGE_LOOP('',(#8521,#8522,#8523,#8524));
#956=EDGE_LOOP('',(#8525,#8526,#8527,#8528));
#957=EDGE_LOOP('',(#8529,#8530,#8531,#8532));
#958=EDGE_LOOP('',(#8533,#8534,#8535,#8536));
#959=EDGE_LOOP('',(#8537,#8538,#8539,#8540));
#960=EDGE_LOOP('',(#8541,#8542,#8543,#8544));
#961=EDGE_LOOP('',(#8545,#8546,#8547,#8548));
#962=EDGE_LOOP('',(#8549,#8550,#8551,#8552));
#963=EDGE_LOOP('',(#8553,#8554,#8555,#8556));
#964=EDGE_LOOP('',(#8557,#8558,#8559,#8560));
#965=EDGE_LOOP('',(#8561,#8562,#8563,#8564));
#966=EDGE_LOOP('',(#8565,#8566,#8567,#8568));
#967=EDGE_LOOP('',(#8569,#8570,#8571,#8572));
#968=EDGE_LOOP('',(#8573,#8574,#8575,#8576));
#969=EDGE_LOOP('',(#8577,#8578,#8579,#8580));
#970=EDGE_LOOP('',(#8581,#8582,#8583,#8584));
#971=EDGE_LOOP('',(#8585,#8586,#8587,#8588));
#972=EDGE_LOOP('',(#8589,#8590,#8591,#8592));
#973=EDGE_LOOP('',(#8593,#8594,#8595,#8596));
#974=EDGE_LOOP('',(#8597,#8598,#8599,#8600));
#975=EDGE_LOOP('',(#8601,#8602,#8603,#8604));
#976=EDGE_LOOP('',(#8605,#8606,#8607,#8608));
#977=EDGE_LOOP('',(#8609,#8610,#8611,#8612));
#978=EDGE_LOOP('',(#8613,#8614,#8615,#8616));
#979=EDGE_LOOP('',(#8617,#8618,#8619,#8620));
#980=EDGE_LOOP('',(#8621,#8622,#8623,#8624));
#981=EDGE_LOOP('',(#8625,#8626,#8627,#8628));
#982=EDGE_LOOP('',(#8629,#8630,#8631,#8632));
#983=EDGE_LOOP('',(#8633,#8634,#8635,#8636));
#984=EDGE_LOOP('',(#8637,#8638,#8639,#8640));
#985=EDGE_LOOP('',(#8641,#8642,#8643,#8644));
#986=EDGE_LOOP('',(#8645,#8646,#8647,#8648));
#987=EDGE_LOOP('',(#8649,#8650,#8651,#8652));
#988=EDGE_LOOP('',(#8653,#8654,#8655,#8656));
#989=EDGE_LOOP('',(#8657,#8658,#8659,#8660));
#990=EDGE_LOOP('',(#8661,#8662,#8663,#8664));
#991=EDGE_LOOP('',(#8665,#8666,#8667,#8668));
#992=EDGE_LOOP('',(#8669,#8670,#8671,#8672));
#993=EDGE_LOOP('',(#8673,#8674,#8675,#8676,#8677,#8678));
#994=EDGE_LOOP('',(#8679,#8680,#8681,#8682,#8683,#8684));
#995=EDGE_LOOP('',(#8685,#8686,#8687,#8688));
#996=EDGE_LOOP('',(#8689,#8690,#8691,#8692));
#997=EDGE_LOOP('',(#8693,#8694,#8695,#8696));
#998=EDGE_LOOP('',(#8697,#8698,#8699,#8700));
#999=EDGE_LOOP('',(#8701,#8702,#8703,#8704));
#1000=EDGE_LOOP('',(#8705,#8706,#8707,#8708));
#1001=EDGE_LOOP('',(#8709,#8710,#8711,#8712));
#1002=EDGE_LOOP('',(#8713,#8714,#8715,#8716));
#1003=EDGE_LOOP('',(#8717,#8718,#8719,#8720));
#1004=EDGE_LOOP('',(#8721,#8722,#8723,#8724));
#1005=EDGE_LOOP('',(#8725,#8726,#8727,#8728));
#1006=EDGE_LOOP('',(#8729,#8730,#8731,#8732));
#1007=EDGE_LOOP('',(#8733,#8734,#8735,#8736));
#1008=EDGE_LOOP('',(#8737,#8738,#8739,#8740));
#1009=EDGE_LOOP('',(#8741,#8742,#8743,#8744));
#1010=EDGE_LOOP('',(#8745,#8746,#8747,#8748));
#1011=EDGE_LOOP('',(#8749,#8750,#8751,#8752));
#1012=EDGE_LOOP('',(#8753,#8754,#8755,#8756));
#1013=EDGE_LOOP('',(#8757,#8758,#8759,#8760));
#1014=EDGE_LOOP('',(#8761,#8762,#8763,#8764));
#1015=EDGE_LOOP('',(#8765,#8766,#8767,#8768));
#1016=EDGE_LOOP('',(#8769,#8770,#8771,#8772));
#1017=EDGE_LOOP('',(#8773,#8774,#8775,#8776));
#1018=EDGE_LOOP('',(#8777,#8778,#8779,#8780));
#1019=EDGE_LOOP('',(#8781,#8782,#8783,#8784));
#1020=EDGE_LOOP('',(#8785,#8786,#8787,#8788));
#1021=EDGE_LOOP('',(#8789,#8790,#8791,#8792));
#1022=EDGE_LOOP('',(#8793,#8794,#8795,#8796));
#1023=EDGE_LOOP('',(#8797,#8798,#8799,#8800));
#1024=EDGE_LOOP('',(#8801,#8802,#8803,#8804));
#1025=EDGE_LOOP('',(#8805,#8806,#8807,#8808));
#1026=EDGE_LOOP('',(#8809,#8810,#8811,#8812));
#1027=EDGE_LOOP('',(#8813,#8814,#8815,#8816));
#1028=EDGE_LOOP('',(#8817,#8818,#8819,#8820));
#1029=EDGE_LOOP('',(#8821,#8822,#8823,#8824));
#1030=EDGE_LOOP('',(#8825,#8826,#8827,#8828));
#1031=EDGE_LOOP('',(#8829,#8830,#8831,#8832));
#1032=EDGE_LOOP('',(#8833,#8834,#8835,#8836));
#1033=EDGE_LOOP('',(#8837,#8838,#8839,#8840));
#1034=EDGE_LOOP('',(#8841,#8842,#8843,#8844));
#1035=EDGE_LOOP('',(#8845,#8846,#8847,#8848));
#1036=EDGE_LOOP('',(#8849,#8850,#8851,#8852));
#1037=EDGE_LOOP('',(#8853,#8854,#8855,#8856));
#1038=EDGE_LOOP('',(#8857,#8858,#8859,#8860));
#1039=EDGE_LOOP('',(#8861,#8862,#8863,#8864));
#1040=EDGE_LOOP('',(#8865,#8866,#8867,#8868));
#1041=EDGE_LOOP('',(#8869,#8870,#8871,#8872));
#1042=EDGE_LOOP('',(#8873,#8874,#8875,#8876));
#1043=EDGE_LOOP('',(#8877,#8878,#8879,#8880));
#1044=EDGE_LOOP('',(#8881,#8882,#8883,#8884));
#1045=EDGE_LOOP('',(#8885,#8886,#8887,#8888));
#1046=EDGE_LOOP('',(#8889,#8890,#8891,#8892));
#1047=EDGE_LOOP('',(#8893,#8894,#8895,#8896));
#1048=EDGE_LOOP('',(#8897,#8898,#8899,#8900));
#1049=EDGE_LOOP('',(#8901,#8902,#8903,#8904));
#1050=EDGE_LOOP('',(#8905,#8906,#8907,#8908));
#1051=EDGE_LOOP('',(#8909,#8910,#8911,#8912,#8913,#8914,#8915,#8916,#8917,
#8918,#8919,#8920,#8921,#8922,#8923,#8924,#8925,#8926,#8927,#8928,#8929,
#8930,#8931,#8932,#8933,#8934,#8935,#8936,#8937,#8938,#8939,#8940,#8941,
#8942,#8943,#8944,#8945,#8946,#8947,#8948,#8949,#8950,#8951,#8952,#8953,
#8954,#8955,#8956,#8957,#8958,#8959,#8960,#8961,#8962,#8963,#8964,#8965,
#8966,#8967,#8968,#8969,#8970,#8971,#8972,#8973,#8974,#8975,#8976,#8977,
#8978,#8979,#8980,#8981,#8982,#8983,#8984,#8985,#8986,#8987,#8988,#8989,
#8990,#8991,#8992,#8993,#8994,#8995,#8996,#8997,#8998,#8999,#9000,#9001,
#9002,#9003,#9004,#9005,#9006,#9007,#9008,#9009,#9010,#9011,#9012,#9013,
#9014,#9015,#9016,#9017,#9018,#9019,#9020,#9021));
#1052=EDGE_LOOP('',(#9022,#9023,#9024,#9025,#9026,#9027,#9028,#9029,#9030,
#9031,#9032,#9033,#9034,#9035,#9036,#9037,#9038,#9039,#9040,#9041,#9042,
#9043,#9044,#9045,#9046,#9047,#9048,#9049,#9050,#9051,#9052,#9053,#9054,
#9055,#9056,#9057,#9058,#9059,#9060,#9061,#9062,#9063,#9064,#9065,#9066,
#9067,#9068,#9069,#9070,#9071,#9072,#9073,#9074,#9075,#9076,#9077,#9078,
#9079,#9080,#9081,#9082,#9083,#9084,#9085,#9086,#9087,#9088,#9089,#9090,
#9091,#9092,#9093,#9094,#9095,#9096,#9097,#9098,#9099,#9100,#9101,#9102,
#9103,#9104,#9105,#9106,#9107,#9108,#9109,#9110,#9111,#9112,#9113,#9114,
#9115,#9116,#9117,#9118,#9119,#9120,#9121,#9122,#9123,#9124,#9125,#9126,
#9127,#9128,#9129,#9130,#9131,#9132,#9133,#9134));
#1053=EDGE_LOOP('',(#9135,#9136,#9137,#9138,#9139,#9140,#9141,#9142,#9143,
#9144,#9145,#9146,#9147,#9148,#9149,#9150,#9151,#9152,#9153,#9154,#9155,
#9156,#9157,#9158,#9159,#9160,#9161,#9162,#9163,#9164,#9165,#9166,#9167,
#9168,#9169,#9170,#9171,#9172,#9173,#9174));
#1054=EDGE_LOOP('',(#9175,#9176,#9177,#9178));
#1055=EDGE_LOOP('',(#9179,#9180,#9181,#9182));
#1056=EDGE_LOOP('',(#9183,#9184,#9185,#9186));
#1057=EDGE_LOOP('',(#9187,#9188,#9189,#9190));
#1058=EDGE_LOOP('',(#9191,#9192,#9193,#9194));
#1059=EDGE_LOOP('',(#9195,#9196,#9197,#9198));
#1060=EDGE_LOOP('',(#9199,#9200,#9201,#9202));
#1061=EDGE_LOOP('',(#9203,#9204,#9205,#9206));
#1062=EDGE_LOOP('',(#9207,#9208,#9209,#9210));
#1063=EDGE_LOOP('',(#9211,#9212,#9213,#9214));
#1064=EDGE_LOOP('',(#9215,#9216,#9217,#9218));
#1065=EDGE_LOOP('',(#9219,#9220,#9221,#9222));
#1066=EDGE_LOOP('',(#9223,#9224,#9225,#9226));
#1067=EDGE_LOOP('',(#9227,#9228,#9229,#9230));
#1068=EDGE_LOOP('',(#9231,#9232,#9233,#9234));
#1069=EDGE_LOOP('',(#9235,#9236,#9237,#9238));
#1070=EDGE_LOOP('',(#9239,#9240,#9241,#9242));
#1071=EDGE_LOOP('',(#9243,#9244,#9245,#9246));
#1072=EDGE_LOOP('',(#9247,#9248,#9249,#9250));
#1073=EDGE_LOOP('',(#9251,#9252,#9253,#9254));
#1074=EDGE_LOOP('',(#9255,#9256,#9257,#9258,#9259,#9260,#9261,#9262,#9263,
#9264,#9265,#9266,#9267,#9268,#9269,#9270,#9271,#9272,#9273,#9274,#9275,
#9276,#9277,#9278,#9279,#9280,#9281,#9282,#9283,#9284,#9285,#9286,#9287,
#9288,#9289,#9290,#9291,#9292,#9293,#9294));
#1075=EDGE_LOOP('',(#9295,#9296,#9297,#9298));
#1076=EDGE_LOOP('',(#9299,#9300,#9301));
#1077=EDGE_LOOP('',(#9302,#9303,#9304));
#1078=EDGE_LOOP('',(#9305,#9306,#9307,#9308));
#1079=EDGE_LOOP('',(#9309,#9310,#9311,#9312));
#1080=EDGE_LOOP('',(#9313,#9314,#9315,#9316));
#1081=EDGE_LOOP('',(#9317,#9318,#9319,#9320));
#1082=EDGE_LOOP('',(#9321,#9322,#9323,#9324));
#1083=EDGE_LOOP('',(#9325,#9326,#9327,#9328));
#1084=EDGE_LOOP('',(#9329,#9330,#9331,#9332));
#1085=EDGE_LOOP('',(#9333,#9334,#9335,#9336));
#1086=EDGE_LOOP('',(#9337,#9338,#9339,#9340,#9341,#9342));
#1087=EDGE_LOOP('',(#9343,#9344,#9345,#9346));
#1088=EDGE_LOOP('',(#9347,#9348,#9349,#9350));
#1089=EDGE_LOOP('',(#9351,#9352,#9353,#9354));
#1090=EDGE_LOOP('',(#9355,#9356,#9357,#9358));
#1091=EDGE_LOOP('',(#9359,#9360,#9361,#9362));
#1092=EDGE_LOOP('',(#9363,#9364,#9365,#9366));
#1093=EDGE_LOOP('',(#9367,#9368,#9369,#9370));
#1094=EDGE_LOOP('',(#9371,#9372,#9373,#9374));
#1095=EDGE_LOOP('',(#9375,#9376,#9377,#9378));
#1096=EDGE_LOOP('',(#9379,#9380,#9381,#9382));
#1097=EDGE_LOOP('',(#9383,#9384,#9385,#9386));
#1098=EDGE_LOOP('',(#9387,#9388,#9389,#9390,#9391,#9392));
#1099=EDGE_LOOP('',(#9393,#9394,#9395,#9396));
#1100=EDGE_LOOP('',(#9397,#9398,#9399,#9400,#9401,#9402,#9403,#9404,#9405,
#9406,#9407,#9408,#9409,#9410,#9411,#9412,#9413,#9414,#9415,#9416,#9417,
#9418,#9419,#9420,#9421));
#1101=EDGE_LOOP('',(#9422,#9423,#9424,#9425));
#1102=EDGE_LOOP('',(#9426,#9427,#9428,#9429));
#1103=EDGE_LOOP('',(#9430,#9431,#9432,#9433));
#1104=EDGE_LOOP('',(#9434,#9435,#9436,#9437));
#1105=EDGE_LOOP('',(#9438,#9439,#9440,#9441));
#1106=EDGE_LOOP('',(#9442,#9443,#9444,#9445));
#1107=EDGE_LOOP('',(#9446,#9447,#9448,#9449));
#1108=EDGE_LOOP('',(#9450,#9451,#9452,#9453));
#1109=EDGE_LOOP('',(#9454,#9455,#9456,#9457));
#1110=EDGE_LOOP('',(#9458,#9459,#9460,#9461));
#1111=EDGE_LOOP('',(#9462,#9463,#9464,#9465));
#1112=EDGE_LOOP('',(#9466,#9467,#9468,#9469));
#1113=EDGE_LOOP('',(#9470,#9471,#9472,#9473));
#1114=EDGE_LOOP('',(#9474,#9475,#9476,#9477,#9478,#9479,#9480,#9481,#9482,
#9483,#9484,#9485,#9486,#9487,#9488,#9489,#9490,#9491,#9492,#9493,#9494,
#9495,#9496,#9497,#9498));
#1115=EDGE_LOOP('',(#9499,#9500,#9501,#9502));
#1116=EDGE_LOOP('',(#9503,#9504,#9505,#9506));
#1117=EDGE_LOOP('',(#9507,#9508,#9509,#9510));
#1118=EDGE_LOOP('',(#9511,#9512,#9513,#9514));
#1119=EDGE_LOOP('',(#9515,#9516,#9517,#9518));
#1120=EDGE_LOOP('',(#9519,#9520,#9521,#9522));
#1121=EDGE_LOOP('',(#9523,#9524,#9525,#9526));
#1122=EDGE_LOOP('',(#9527,#9528,#9529,#9530));
#1123=EDGE_LOOP('',(#9531,#9532,#9533,#9534));
#1124=EDGE_LOOP('',(#9535,#9536,#9537,#9538));
#1125=EDGE_LOOP('',(#9539,#9540,#9541,#9542));
#1126=EDGE_LOOP('',(#9543,#9544,#9545,#9546));
#1127=EDGE_LOOP('',(#9547,#9548,#9549,#9550,#9551,#9552));
#1128=EDGE_LOOP('',(#9553,#9554,#9555,#9556,#9557,#9558));
#1129=EDGE_LOOP('',(#9559,#9560,#9561,#9562));
#1130=EDGE_LOOP('',(#9563,#9564,#9565));
#1131=EDGE_LOOP('',(#9566,#9567,#9568));
#1132=EDGE_LOOP('',(#9569,#9570,#9571,#9572,#9573,#9574,#9575,#9576,#9577,
#9578,#9579,#9580,#9581,#9582,#9583,#9584,#9585,#9586,#9587,#9588,#9589,
#9590,#9591,#9592,#9593,#9594,#9595,#9596,#9597,#9598,#9599,#9600));
#1133=EDGE_LOOP('',(#9601,#9602,#9603,#9604));
#1134=EDGE_LOOP('',(#9605,#9606,#9607,#9608));
#1135=EDGE_LOOP('',(#9609,#9610,#9611,#9612));
#1136=EDGE_LOOP('',(#9613,#9614,#9615,#9616));
#1137=EDGE_LOOP('',(#9617,#9618,#9619,#9620));
#1138=EDGE_LOOP('',(#9621,#9622,#9623,#9624));
#1139=EDGE_LOOP('',(#9625,#9626,#9627,#9628));
#1140=EDGE_LOOP('',(#9629,#9630,#9631,#9632));
#1141=EDGE_LOOP('',(#9633,#9634,#9635,#9636));
#1142=EDGE_LOOP('',(#9637,#9638,#9639,#9640));
#1143=EDGE_LOOP('',(#9641,#9642,#9643,#9644));
#1144=EDGE_LOOP('',(#9645,#9646,#9647,#9648));
#1145=EDGE_LOOP('',(#9649,#9650,#9651,#9652));
#1146=EDGE_LOOP('',(#9653,#9654,#9655,#9656));
#1147=EDGE_LOOP('',(#9657,#9658,#9659,#9660));
#1148=EDGE_LOOP('',(#9661,#9662,#9663,#9664));
#1149=EDGE_LOOP('',(#9665,#9666,#9667,#9668,#9669,#9670,#9671,#9672,#9673,
#9674,#9675,#9676,#9677,#9678,#9679,#9680,#9681,#9682,#9683,#9684,#9685,
#9686,#9687,#9688,#9689,#9690,#9691,#9692,#9693,#9694,#9695,#9696));
#1150=EDGE_LOOP('',(#9697,#9698,#9699,#9700));
#1151=EDGE_LOOP('',(#9701,#9702,#9703,#9704));
#1152=EDGE_LOOP('',(#9705,#9706,#9707,#9708));
#1153=EDGE_LOOP('',(#9709,#9710,#9711,#9712));
#1154=EDGE_LOOP('',(#9713,#9714,#9715,#9716));
#1155=EDGE_LOOP('',(#9717,#9718,#9719,#9720));
#1156=EDGE_LOOP('',(#9721,#9722,#9723,#9724));
#1157=EDGE_LOOP('',(#9725,#9726,#9727,#9728));
#1158=EDGE_LOOP('',(#9729,#9730,#9731,#9732));
#1159=EDGE_LOOP('',(#9733,#9734,#9735,#9736));
#1160=EDGE_LOOP('',(#9737,#9738,#9739,#9740));
#1161=EDGE_LOOP('',(#9741,#9742,#9743,#9744));
#1162=EDGE_LOOP('',(#9745,#9746,#9747,#9748));
#1163=EDGE_LOOP('',(#9749,#9750,#9751,#9752));
#1164=EDGE_LOOP('',(#9753,#9754,#9755,#9756));
#1165=EDGE_LOOP('',(#9757,#9758,#9759,#9760));
#1166=EDGE_LOOP('',(#9761,#9762,#9763,#9764,#9765,#9766,#9767,#9768,#9769,
#9770,#9771,#9772,#9773,#9774,#9775,#9776,#9777,#9778,#9779,#9780,#9781,
#9782,#9783,#9784,#9785,#9786,#9787,#9788,#9789,#9790,#9791,#9792,#9793,
#9794,#9795,#9796,#9797,#9798,#9799,#9800,#9801,#9802,#9803,#9804,#9805));
#1167=EDGE_LOOP('',(#9806,#9807,#9808,#9809));
#1168=EDGE_LOOP('',(#9810,#9811,#9812,#9813));
#1169=EDGE_LOOP('',(#9814,#9815,#9816,#9817));
#1170=EDGE_LOOP('',(#9818,#9819,#9820,#9821));
#1171=EDGE_LOOP('',(#9822,#9823,#9824,#9825));
#1172=EDGE_LOOP('',(#9826,#9827,#9828,#9829));
#1173=EDGE_LOOP('',(#9830,#9831,#9832,#9833));
#1174=EDGE_LOOP('',(#9834,#9835,#9836,#9837));
#1175=EDGE_LOOP('',(#9838,#9839,#9840,#9841));
#1176=EDGE_LOOP('',(#9842,#9843,#9844,#9845));
#1177=EDGE_LOOP('',(#9846,#9847,#9848,#9849));
#1178=EDGE_LOOP('',(#9850,#9851,#9852,#9853));
#1179=EDGE_LOOP('',(#9854,#9855,#9856,#9857));
#1180=EDGE_LOOP('',(#9858,#9859,#9860,#9861));
#1181=EDGE_LOOP('',(#9862,#9863,#9864,#9865));
#1182=EDGE_LOOP('',(#9866,#9867,#9868,#9869));
#1183=EDGE_LOOP('',(#9870,#9871,#9872,#9873));
#1184=EDGE_LOOP('',(#9874,#9875,#9876,#9877));
#1185=EDGE_LOOP('',(#9878,#9879,#9880,#9881));
#1186=EDGE_LOOP('',(#9882,#9883,#9884,#9885));
#1187=EDGE_LOOP('',(#9886,#9887,#9888,#9889));
#1188=EDGE_LOOP('',(#9890,#9891,#9892,#9893));
#1189=EDGE_LOOP('',(#9894,#9895,#9896,#9897,#9898,#9899,#9900,#9901,#9902,
#9903,#9904,#9905,#9906,#9907,#9908,#9909,#9910,#9911,#9912,#9913,#9914,
#9915,#9916,#9917,#9918,#9919,#9920,#9921,#9922,#9923,#9924,#9925,#9926,
#9927,#9928,#9929,#9930,#9931,#9932,#9933,#9934,#9935,#9936,#9937,#9938));
#1190=EDGE_LOOP('',(#9939,#9940,#9941,#9942));
#1191=EDGE_LOOP('',(#9943,#9944,#9945,#9946));
#1192=EDGE_LOOP('',(#9947,#9948,#9949,#9950));
#1193=EDGE_LOOP('',(#9951,#9952,#9953,#9954));
#1194=EDGE_LOOP('',(#9955,#9956,#9957,#9958));
#1195=EDGE_LOOP('',(#9959,#9960,#9961,#9962));
#1196=EDGE_LOOP('',(#9963,#9964,#9965,#9966));
#1197=EDGE_LOOP('',(#9967,#9968,#9969,#9970));
#1198=EDGE_LOOP('',(#9971,#9972,#9973,#9974));
#1199=EDGE_LOOP('',(#9975,#9976,#9977,#9978));
#1200=EDGE_LOOP('',(#9979,#9980,#9981,#9982));
#1201=EDGE_LOOP('',(#9983,#9984,#9985,#9986));
#1202=EDGE_LOOP('',(#9987,#9988,#9989,#9990));
#1203=EDGE_LOOP('',(#9991,#9992,#9993,#9994));
#1204=EDGE_LOOP('',(#9995,#9996,#9997,#9998));
#1205=EDGE_LOOP('',(#9999,#10000,#10001,#10002));
#1206=EDGE_LOOP('',(#10003,#10004,#10005,#10006));
#1207=EDGE_LOOP('',(#10007,#10008,#10009,#10010));
#1208=EDGE_LOOP('',(#10011,#10012,#10013,#10014));
#1209=EDGE_LOOP('',(#10015,#10016,#10017,#10018));
#1210=EDGE_LOOP('',(#10019,#10020,#10021,#10022));
#1211=EDGE_LOOP('',(#10023,#10024,#10025,#10026));
#1212=EDGE_LOOP('',(#10027,#10028,#10029,#10030));
#1213=LINE('',#14480,#2731);
#1214=LINE('',#14482,#2732);
#1215=LINE('',#14484,#2733);
#1216=LINE('',#14485,#2734);
#1217=LINE('',#14488,#2735);
#1218=LINE('',#14490,#2736);
#1219=LINE('',#14491,#2737);
#1220=LINE('',#14494,#2738);
#1221=LINE('',#14496,#2739);
#1222=LINE('',#14497,#2740);
#1223=LINE('',#14500,#2741);
#1224=LINE('',#14502,#2742);
#1225=LINE('',#14503,#2743);
#1226=LINE('',#14506,#2744);
#1227=LINE('',#14508,#2745);
#1228=LINE('',#14509,#2746);
#1229=LINE('',#14512,#2747);
#1230=LINE('',#14514,#2748);
#1231=LINE('',#14515,#2749);
#1232=LINE('',#14518,#2750);
#1233=LINE('',#14520,#2751);
#1234=LINE('',#14521,#2752);
#1235=LINE('',#14524,#2753);
#1236=LINE('',#14526,#2754);
#1237=LINE('',#14527,#2755);
#1238=LINE('',#14530,#2756);
#1239=LINE('',#14532,#2757);
#1240=LINE('',#14533,#2758);
#1241=LINE('',#14536,#2759);
#1242=LINE('',#14538,#2760);
#1243=LINE('',#14539,#2761);
#1244=LINE('',#14542,#2762);
#1245=LINE('',#14544,#2763);
#1246=LINE('',#14545,#2764);
#1247=LINE('',#14548,#2765);
#1248=LINE('',#14550,#2766);
#1249=LINE('',#14551,#2767);
#1250=LINE('',#14554,#2768);
#1251=LINE('',#14556,#2769);
#1252=LINE('',#14557,#2770);
#1253=LINE('',#14560,#2771);
#1254=LINE('',#14562,#2772);
#1255=LINE('',#14563,#2773);
#1256=LINE('',#14566,#2774);
#1257=LINE('',#14568,#2775);
#1258=LINE('',#14569,#2776);
#1259=LINE('',#14572,#2777);
#1260=LINE('',#14574,#2778);
#1261=LINE('',#14575,#2779);
#1262=LINE('',#14578,#2780);
#1263=LINE('',#14580,#2781);
#1264=LINE('',#14581,#2782);
#1265=LINE('',#14584,#2783);
#1266=LINE('',#14586,#2784);
#1267=LINE('',#14587,#2785);
#1268=LINE('',#14590,#2786);
#1269=LINE('',#14592,#2787);
#1270=LINE('',#14593,#2788);
#1271=LINE('',#14596,#2789);
#1272=LINE('',#14598,#2790);
#1273=LINE('',#14599,#2791);
#1274=LINE('',#14602,#2792);
#1275=LINE('',#14604,#2793);
#1276=LINE('',#14605,#2794);
#1277=LINE('',#14608,#2795);
#1278=LINE('',#14610,#2796);
#1279=LINE('',#14611,#2797);
#1280=LINE('',#14614,#2798);
#1281=LINE('',#14616,#2799);
#1282=LINE('',#14617,#2800);
#1283=LINE('',#14620,#2801);
#1284=LINE('',#14622,#2802);
#1285=LINE('',#14623,#2803);
#1286=LINE('',#14626,#2804);
#1287=LINE('',#14628,#2805);
#1288=LINE('',#14629,#2806);
#1289=LINE('',#14632,#2807);
#1290=LINE('',#14634,#2808);
#1291=LINE('',#14635,#2809);
#1292=LINE('',#14638,#2810);
#1293=LINE('',#14640,#2811);
#1294=LINE('',#14641,#2812);
#1295=LINE('',#14644,#2813);
#1296=LINE('',#14646,#2814);
#1297=LINE('',#14647,#2815);
#1298=LINE('',#14650,#2816);
#1299=LINE('',#14652,#2817);
#1300=LINE('',#14653,#2818);
#1301=LINE('',#14656,#2819);
#1302=LINE('',#14658,#2820);
#1303=LINE('',#14659,#2821);
#1304=LINE('',#14662,#2822);
#1305=LINE('',#14664,#2823);
#1306=LINE('',#14665,#2824);
#1307=LINE('',#14668,#2825);
#1308=LINE('',#14670,#2826);
#1309=LINE('',#14671,#2827);
#1310=LINE('',#14674,#2828);
#1311=LINE('',#14676,#2829);
#1312=LINE('',#14677,#2830);
#1313=LINE('',#14680,#2831);
#1314=LINE('',#14682,#2832);
#1315=LINE('',#14683,#2833);
#1316=LINE('',#14686,#2834);
#1317=LINE('',#14688,#2835);
#1318=LINE('',#14689,#2836);
#1319=LINE('',#14692,#2837);
#1320=LINE('',#14694,#2838);
#1321=LINE('',#14695,#2839);
#1322=LINE('',#14698,#2840);
#1323=LINE('',#14700,#2841);
#1324=LINE('',#14701,#2842);
#1325=LINE('',#14704,#2843);
#1326=LINE('',#14706,#2844);
#1327=LINE('',#14707,#2845);
#1328=LINE('',#14710,#2846);
#1329=LINE('',#14712,#2847);
#1330=LINE('',#14713,#2848);
#1331=LINE('',#14716,#2849);
#1332=LINE('',#14718,#2850);
#1333=LINE('',#14719,#2851);
#1334=LINE('',#14722,#2852);
#1335=LINE('',#14724,#2853);
#1336=LINE('',#14725,#2854);
#1337=LINE('',#14728,#2855);
#1338=LINE('',#14730,#2856);
#1339=LINE('',#14731,#2857);
#1340=LINE('',#14734,#2858);
#1341=LINE('',#14736,#2859);
#1342=LINE('',#14737,#2860);
#1343=LINE('',#14740,#2861);
#1344=LINE('',#14742,#2862);
#1345=LINE('',#14743,#2863);
#1346=LINE('',#14746,#2864);
#1347=LINE('',#14748,#2865);
#1348=LINE('',#14749,#2866);
#1349=LINE('',#14752,#2867);
#1350=LINE('',#14754,#2868);
#1351=LINE('',#14755,#2869);
#1352=LINE('',#14758,#2870);
#1353=LINE('',#14760,#2871);
#1354=LINE('',#14761,#2872);
#1355=LINE('',#14764,#2873);
#1356=LINE('',#14766,#2874);
#1357=LINE('',#14767,#2875);
#1358=LINE('',#14770,#2876);
#1359=LINE('',#14772,#2877);
#1360=LINE('',#14773,#2878);
#1361=LINE('',#14776,#2879);
#1362=LINE('',#14778,#2880);
#1363=LINE('',#14779,#2881);
#1364=LINE('',#14782,#2882);
#1365=LINE('',#14784,#2883);
#1366=LINE('',#14785,#2884);
#1367=LINE('',#14788,#2885);
#1368=LINE('',#14790,#2886);
#1369=LINE('',#14791,#2887);
#1370=LINE('',#14794,#2888);
#1371=LINE('',#14796,#2889);
#1372=LINE('',#14797,#2890);
#1373=LINE('',#14800,#2891);
#1374=LINE('',#14802,#2892);
#1375=LINE('',#14803,#2893);
#1376=LINE('',#14806,#2894);
#1377=LINE('',#14808,#2895);
#1378=LINE('',#14809,#2896);
#1379=LINE('',#14812,#2897);
#1380=LINE('',#14814,#2898);
#1381=LINE('',#14816,#2899);
#1382=LINE('',#14818,#2900);
#1383=LINE('',#14819,#2901);
#1384=LINE('',#14822,#2902);
#1385=LINE('',#14824,#2903);
#1386=LINE('',#14825,#2904);
#1387=LINE('',#14828,#2905);
#1388=LINE('',#14830,#2906);
#1389=LINE('',#14831,#2907);
#1390=LINE('',#14834,#2908);
#1391=LINE('',#14836,#2909);
#1392=LINE('',#14837,#2910);
#1393=LINE('',#14840,#2911);
#1394=LINE('',#14842,#2912);
#1395=LINE('',#14843,#2913);
#1396=LINE('',#14846,#2914);
#1397=LINE('',#14848,#2915);
#1398=LINE('',#14849,#2916);
#1399=LINE('',#14852,#2917);
#1400=LINE('',#14854,#2918);
#1401=LINE('',#14855,#2919);
#1402=LINE('',#14858,#2920);
#1403=LINE('',#14860,#2921);
#1404=LINE('',#14861,#2922);
#1405=LINE('',#14864,#2923);
#1406=LINE('',#14866,#2924);
#1407=LINE('',#14867,#2925);
#1408=LINE('',#14870,#2926);
#1409=LINE('',#14872,#2927);
#1410=LINE('',#14873,#2928);
#1411=LINE('',#14876,#2929);
#1412=LINE('',#14878,#2930);
#1413=LINE('',#14879,#2931);
#1414=LINE('',#14882,#2932);
#1415=LINE('',#14884,#2933);
#1416=LINE('',#14885,#2934);
#1417=LINE('',#14888,#2935);
#1418=LINE('',#14890,#2936);
#1419=LINE('',#14891,#2937);
#1420=LINE('',#14894,#2938);
#1421=LINE('',#14896,#2939);
#1422=LINE('',#14897,#2940);
#1423=LINE('',#14900,#2941);
#1424=LINE('',#14902,#2942);
#1425=LINE('',#14903,#2943);
#1426=LINE('',#14906,#2944);
#1427=LINE('',#14908,#2945);
#1428=LINE('',#14909,#2946);
#1429=LINE('',#14912,#2947);
#1430=LINE('',#14914,#2948);
#1431=LINE('',#14915,#2949);
#1432=LINE('',#14918,#2950);
#1433=LINE('',#14920,#2951);
#1434=LINE('',#14921,#2952);
#1435=LINE('',#14924,#2953);
#1436=LINE('',#14926,#2954);
#1437=LINE('',#14927,#2955);
#1438=LINE('',#14930,#2956);
#1439=LINE('',#14932,#2957);
#1440=LINE('',#14933,#2958);
#1441=LINE('',#14936,#2959);
#1442=LINE('',#14938,#2960);
#1443=LINE('',#14939,#2961);
#1444=LINE('',#14942,#2962);
#1445=LINE('',#14944,#2963);
#1446=LINE('',#14945,#2964);
#1447=LINE('',#14948,#2965);
#1448=LINE('',#14950,#2966);
#1449=LINE('',#14951,#2967);
#1450=LINE('',#14954,#2968);
#1451=LINE('',#14956,#2969);
#1452=LINE('',#14957,#2970);
#1453=LINE('',#14960,#2971);
#1454=LINE('',#14962,#2972);
#1455=LINE('',#14963,#2973);
#1456=LINE('',#14966,#2974);
#1457=LINE('',#14968,#2975);
#1458=LINE('',#14969,#2976);
#1459=LINE('',#14972,#2977);
#1460=LINE('',#14974,#2978);
#1461=LINE('',#14975,#2979);
#1462=LINE('',#14978,#2980);
#1463=LINE('',#14980,#2981);
#1464=LINE('',#14981,#2982);
#1465=LINE('',#14984,#2983);
#1466=LINE('',#14986,#2984);
#1467=LINE('',#14987,#2985);
#1468=LINE('',#14990,#2986);
#1469=LINE('',#14992,#2987);
#1470=LINE('',#14993,#2988);
#1471=LINE('',#14996,#2989);
#1472=LINE('',#14998,#2990);
#1473=LINE('',#14999,#2991);
#1474=LINE('',#15002,#2992);
#1475=LINE('',#15004,#2993);
#1476=LINE('',#15005,#2994);
#1477=LINE('',#15008,#2995);
#1478=LINE('',#15010,#2996);
#1479=LINE('',#15011,#2997);
#1480=LINE('',#15014,#2998);
#1481=LINE('',#15016,#2999);
#1482=LINE('',#15017,#3000);
#1483=LINE('',#15020,#3001);
#1484=LINE('',#15022,#3002);
#1485=LINE('',#15023,#3003);
#1486=LINE('',#15026,#3004);
#1487=LINE('',#15028,#3005);
#1488=LINE('',#15029,#3006);
#1489=LINE('',#15032,#3007);
#1490=LINE('',#15034,#3008);
#1491=LINE('',#15035,#3009);
#1492=LINE('',#15038,#3010);
#1493=LINE('',#15040,#3011);
#1494=LINE('',#15041,#3012);
#1495=LINE('',#15044,#3013);
#1496=LINE('',#15046,#3014);
#1497=LINE('',#15047,#3015);
#1498=LINE('',#15050,#3016);
#1499=LINE('',#15052,#3017);
#1500=LINE('',#15053,#3018);
#1501=LINE('',#15056,#3019);
#1502=LINE('',#15058,#3020);
#1503=LINE('',#15059,#3021);
#1504=LINE('',#15062,#3022);
#1505=LINE('',#15064,#3023);
#1506=LINE('',#15065,#3024);
#1507=LINE('',#15068,#3025);
#1508=LINE('',#15070,#3026);
#1509=LINE('',#15071,#3027);
#1510=LINE('',#15074,#3028);
#1511=LINE('',#15076,#3029);
#1512=LINE('',#15077,#3030);
#1513=LINE('',#15080,#3031);
#1514=LINE('',#15082,#3032);
#1515=LINE('',#15083,#3033);
#1516=LINE('',#15086,#3034);
#1517=LINE('',#15088,#3035);
#1518=LINE('',#15089,#3036);
#1519=LINE('',#15092,#3037);
#1520=LINE('',#15094,#3038);
#1521=LINE('',#15095,#3039);
#1522=LINE('',#15098,#3040);
#1523=LINE('',#15100,#3041);
#1524=LINE('',#15101,#3042);
#1525=LINE('',#15104,#3043);
#1526=LINE('',#15106,#3044);
#1527=LINE('',#15107,#3045);
#1528=LINE('',#15110,#3046);
#1529=LINE('',#15112,#3047);
#1530=LINE('',#15113,#3048);
#1531=LINE('',#15116,#3049);
#1532=LINE('',#15118,#3050);
#1533=LINE('',#15119,#3051);
#1534=LINE('',#15124,#3052);
#1535=LINE('',#15128,#3053);
#1536=LINE('',#15130,#3054);
#1537=LINE('',#15131,#3055);
#1538=LINE('',#15134,#3056);
#1539=LINE('',#15136,#3057);
#1540=LINE('',#15137,#3058);
#1541=LINE('',#15140,#3059);
#1542=LINE('',#15142,#3060);
#1543=LINE('',#15143,#3061);
#1544=LINE('',#15146,#3062);
#1545=LINE('',#15148,#3063);
#1546=LINE('',#15149,#3064);
#1547=LINE('',#15152,#3065);
#1548=LINE('',#15154,#3066);
#1549=LINE('',#15155,#3067);
#1550=LINE('',#15157,#3068);
#1551=LINE('',#15158,#3069);
#1552=LINE('',#15164,#3070);
#1553=LINE('',#15166,#3071);
#1554=LINE('',#15168,#3072);
#1555=LINE('',#15172,#3073);
#1556=LINE('',#15176,#3074);
#1557=LINE('',#15178,#3075);
#1558=LINE('',#15180,#3076);
#1559=LINE('',#15182,#3077);
#1560=LINE('',#15184,#3078);
#1561=LINE('',#15186,#3079);
#1562=LINE('',#15188,#3080);
#1563=LINE('',#15190,#3081);
#1564=LINE('',#15192,#3082);
#1565=LINE('',#15194,#3083);
#1566=LINE('',#15196,#3084);
#1567=LINE('',#15198,#3085);
#1568=LINE('',#15200,#3086);
#1569=LINE('',#15202,#3087);
#1570=LINE('',#15204,#3088);
#1571=LINE('',#15206,#3089);
#1572=LINE('',#15208,#3090);
#1573=LINE('',#15210,#3091);
#1574=LINE('',#15212,#3092);
#1575=LINE('',#15214,#3093);
#1576=LINE('',#15216,#3094);
#1577=LINE('',#15218,#3095);
#1578=LINE('',#15220,#3096);
#1579=LINE('',#15222,#3097);
#1580=LINE('',#15224,#3098);
#1581=LINE('',#15226,#3099);
#1582=LINE('',#15228,#3100);
#1583=LINE('',#15230,#3101);
#1584=LINE('',#15232,#3102);
#1585=LINE('',#15234,#3103);
#1586=LINE('',#15236,#3104);
#1587=LINE('',#15238,#3105);
#1588=LINE('',#15240,#3106);
#1589=LINE('',#15241,#3107);
#1590=LINE('',#15244,#3108);
#1591=LINE('',#15246,#3109);
#1592=LINE('',#15247,#3110);
#1593=LINE('',#15250,#3111);
#1594=LINE('',#15251,#3112);
#1595=LINE('',#15252,#3113);
#1596=LINE('',#15255,#3114);
#1597=LINE('',#15256,#3115);
#1598=LINE('',#15259,#3116);
#1599=LINE('',#15260,#3117);
#1600=LINE('',#15263,#3118);
#1601=LINE('',#15264,#3119);
#1602=LINE('',#15267,#3120);
#1603=LINE('',#15268,#3121);
#1604=LINE('',#15271,#3122);
#1605=LINE('',#15272,#3123);
#1606=LINE('',#15275,#3124);
#1607=LINE('',#15276,#3125);
#1608=LINE('',#15279,#3126);
#1609=LINE('',#15280,#3127);
#1610=LINE('',#15283,#3128);
#1611=LINE('',#15284,#3129);
#1612=LINE('',#15287,#3130);
#1613=LINE('',#15288,#3131);
#1614=LINE('',#15291,#3132);
#1615=LINE('',#15292,#3133);
#1616=LINE('',#15295,#3134);
#1617=LINE('',#15296,#3135);
#1618=LINE('',#15299,#3136);
#1619=LINE('',#15300,#3137);
#1620=LINE('',#15303,#3138);
#1621=LINE('',#15304,#3139);
#1622=LINE('',#15307,#3140);
#1623=LINE('',#15308,#3141);
#1624=LINE('',#15311,#3142);
#1625=LINE('',#15312,#3143);
#1626=LINE('',#15315,#3144);
#1627=LINE('',#15316,#3145);
#1628=LINE('',#15319,#3146);
#1629=LINE('',#15320,#3147);
#1630=LINE('',#15323,#3148);
#1631=LINE('',#15324,#3149);
#1632=LINE('',#15327,#3150);
#1633=LINE('',#15329,#3151);
#1634=LINE('',#15331,#3152);
#1635=LINE('',#15333,#3153);
#1636=LINE('',#15335,#3154);
#1637=LINE('',#15337,#3155);
#1638=LINE('',#15339,#3156);
#1639=LINE('',#15341,#3157);
#1640=LINE('',#15343,#3158);
#1641=LINE('',#15345,#3159);
#1642=LINE('',#15347,#3160);
#1643=LINE('',#15349,#3161);
#1644=LINE('',#15351,#3162);
#1645=LINE('',#15353,#3163);
#1646=LINE('',#15355,#3164);
#1647=LINE('',#15359,#3165);
#1648=LINE('',#15363,#3166);
#1649=LINE('',#15364,#3167);
#1650=LINE('',#15366,#3168);
#1651=LINE('',#15370,#3169);
#1652=LINE('',#15372,#3170);
#1653=LINE('',#15373,#3171);
#1654=LINE('',#15377,#3172);
#1655=LINE('',#15379,#3173);
#1656=LINE('',#15380,#3174);
#1657=LINE('',#15382,#3175);
#1658=LINE('',#15384,#3176);
#1659=LINE('',#15386,#3177);
#1660=LINE('',#15388,#3178);
#1661=LINE('',#15390,#3179);
#1662=LINE('',#15392,#3180);
#1663=LINE('',#15394,#3181);
#1664=LINE('',#15396,#3182);
#1665=LINE('',#15398,#3183);
#1666=LINE('',#15399,#3184);
#1667=LINE('',#15400,#3185);
#1668=LINE('',#15402,#3186);
#1669=LINE('',#15404,#3187);
#1670=LINE('',#15406,#3188);
#1671=LINE('',#15408,#3189);
#1672=LINE('',#15410,#3190);
#1673=LINE('',#15412,#3191);
#1674=LINE('',#15414,#3192);
#1675=LINE('',#15416,#3193);
#1676=LINE('',#15418,#3194);
#1677=LINE('',#15420,#3195);
#1678=LINE('',#15423,#3196);
#1679=LINE('',#15430,#3197);
#1680=LINE('',#15432,#3198);
#1681=LINE('',#15436,#3199);
#1682=LINE('',#15438,#3200);
#1683=LINE('',#15440,#3201);
#1684=LINE('',#15442,#3202);
#1685=LINE('',#15444,#3203);
#1686=LINE('',#15446,#3204);
#1687=LINE('',#15448,#3205);
#1688=LINE('',#15450,#3206);
#1689=LINE('',#15452,#3207);
#1690=LINE('',#15456,#3208);
#1691=LINE('',#15460,#3209);
#1692=LINE('',#15462,#3210);
#1693=LINE('',#15464,#3211);
#1694=LINE('',#15466,#3212);
#1695=LINE('',#15468,#3213);
#1696=LINE('',#15470,#3214);
#1697=LINE('',#15472,#3215);
#1698=LINE('',#15474,#3216);
#1699=LINE('',#15475,#3217);
#1700=LINE('',#15478,#3218);
#1701=LINE('',#15481,#3219);
#1702=LINE('',#15484,#3220);
#1703=LINE('',#15485,#3221);
#1704=LINE('',#15486,#3222);
#1705=LINE('',#15489,#3223);
#1706=LINE('',#15490,#3224);
#1707=LINE('',#15493,#3225);
#1708=LINE('',#15494,#3226);
#1709=LINE('',#15497,#3227);
#1710=LINE('',#15498,#3228);
#1711=LINE('',#15501,#3229);
#1712=LINE('',#15502,#3230);
#1713=LINE('',#15505,#3231);
#1714=LINE('',#15506,#3232);
#1715=LINE('',#15509,#3233);
#1716=LINE('',#15510,#3234);
#1717=LINE('',#15513,#3235);
#1718=LINE('',#15514,#3236);
#1719=LINE('',#15517,#3237);
#1720=LINE('',#15518,#3238);
#1721=LINE('',#15521,#3239);
#1722=LINE('',#15525,#3240);
#1723=LINE('',#15526,#3241);
#1724=LINE('',#15529,#3242);
#1725=LINE('',#15530,#3243);
#1726=LINE('',#15535,#3244);
#1727=LINE('',#15537,#3245);
#1728=LINE('',#15539,#3246);
#1729=LINE('',#15541,#3247);
#1730=LINE('',#15543,#3248);
#1731=LINE('',#15545,#3249);
#1732=LINE('',#15547,#3250);
#1733=LINE('',#15549,#3251);
#1734=LINE('',#15551,#3252);
#1735=LINE('',#15554,#3253);
#1736=LINE('',#15556,#3254);
#1737=LINE('',#15558,#3255);
#1738=LINE('',#15560,#3256);
#1739=LINE('',#15562,#3257);
#1740=LINE('',#15564,#3258);
#1741=LINE('',#15566,#3259);
#1742=LINE('',#15568,#3260);
#1743=LINE('',#15570,#3261);
#1744=LINE('',#15572,#3262);
#1745=LINE('',#15574,#3263);
#1746=LINE('',#15576,#3264);
#1747=LINE('',#15580,#3265);
#1748=LINE('',#15582,#3266);
#1749=LINE('',#15584,#3267);
#1750=LINE('',#15585,#3268);
#1751=LINE('',#15588,#3269);
#1752=LINE('',#15590,#3270);
#1753=LINE('',#15591,#3271);
#1754=LINE('',#15592,#3272);
#1755=LINE('',#15602,#3273);
#1756=LINE('',#15604,#3274);
#1757=LINE('',#15606,#3275);
#1758=LINE('',#15608,#3276);
#1759=LINE('',#15610,#3277);
#1760=LINE('',#15612,#3278);
#1761=LINE('',#15614,#3279);
#1762=LINE('',#15616,#3280);
#1763=LINE('',#15618,#3281);
#1764=LINE('',#15620,#3282);
#1765=LINE('',#15622,#3283);
#1766=LINE('',#15624,#3284);
#1767=LINE('',#15626,#3285);
#1768=LINE('',#15628,#3286);
#1769=LINE('',#15630,#3287);
#1770=LINE('',#15632,#3288);
#1771=LINE('',#15634,#3289);
#1772=LINE('',#15638,#3290);
#1773=LINE('',#15642,#3291);
#1774=LINE('',#15644,#3292);
#1775=LINE('',#15646,#3293);
#1776=LINE('',#15648,#3294);
#1777=LINE('',#15650,#3295);
#1778=LINE('',#15652,#3296);
#1779=LINE('',#15654,#3297);
#1780=LINE('',#15656,#3298);
#1781=LINE('',#15658,#3299);
#1782=LINE('',#15660,#3300);
#1783=LINE('',#15662,#3301);
#1784=LINE('',#15663,#3302);
#1785=LINE('',#15666,#3303);
#1786=LINE('',#15668,#3304);
#1787=LINE('',#15669,#3305);
#1788=LINE('',#15672,#3306);
#1789=LINE('',#15673,#3307);
#1790=LINE('',#15676,#3308);
#1791=LINE('',#15677,#3309);
#1792=LINE('',#15680,#3310);
#1793=LINE('',#15681,#3311);
#1794=LINE('',#15684,#3312);
#1795=LINE('',#15685,#3313);
#1796=LINE('',#15688,#3314);
#1797=LINE('',#15689,#3315);
#1798=LINE('',#15692,#3316);
#1799=LINE('',#15693,#3317);
#1800=LINE('',#15696,#3318);
#1801=LINE('',#15697,#3319);
#1802=LINE('',#15700,#3320);
#1803=LINE('',#15701,#3321);
#1804=LINE('',#15704,#3322);
#1805=LINE('',#15705,#3323);
#1806=LINE('',#15708,#3324);
#1807=LINE('',#15709,#3325);
#1808=LINE('',#15712,#3326);
#1809=LINE('',#15713,#3327);
#1810=LINE('',#15716,#3328);
#1811=LINE('',#15717,#3329);
#1812=LINE('',#15720,#3330);
#1813=LINE('',#15721,#3331);
#1814=LINE('',#15724,#3332);
#1815=LINE('',#15725,#3333);
#1816=LINE('',#15728,#3334);
#1817=LINE('',#15729,#3335);
#1818=LINE('',#15732,#3336);
#1819=LINE('',#15734,#3337);
#1820=LINE('',#15736,#3338);
#1821=LINE('',#15738,#3339);
#1822=LINE('',#15740,#3340);
#1823=LINE('',#15742,#3341);
#1824=LINE('',#15744,#3342);
#1825=LINE('',#15746,#3343);
#1826=LINE('',#15748,#3344);
#1827=LINE('',#15750,#3345);
#1828=LINE('',#15752,#3346);
#1829=LINE('',#15754,#3347);
#1830=LINE('',#15756,#3348);
#1831=LINE('',#15760,#3349);
#1832=LINE('',#15763,#3350);
#1833=LINE('',#15765,#3351);
#1834=LINE('',#15767,#3352);
#1835=LINE('',#15769,#3353);
#1836=LINE('',#15771,#3354);
#1837=LINE('',#15773,#3355);
#1838=LINE('',#15775,#3356);
#1839=LINE('',#15777,#3357);
#1840=LINE('',#15779,#3358);
#1841=LINE('',#15781,#3359);
#1842=LINE('',#15783,#3360);
#1843=LINE('',#15785,#3361);
#1844=LINE('',#15787,#3362);
#1845=LINE('',#15789,#3363);
#1846=LINE('',#15791,#3364);
#1847=LINE('',#15796,#3365);
#1848=LINE('',#15800,#3366);
#1849=LINE('',#15804,#3367);
#1850=LINE('',#15806,#3368);
#1851=LINE('',#15808,#3369);
#1852=LINE('',#15810,#3370);
#1853=LINE('',#15812,#3371);
#1854=LINE('',#15814,#3372);
#1855=LINE('',#15816,#3373);
#1856=LINE('',#15818,#3374);
#1857=LINE('',#15820,#3375);
#1858=LINE('',#15822,#3376);
#1859=LINE('',#15824,#3377);
#1860=LINE('',#15826,#3378);
#1861=LINE('',#15828,#3379);
#1862=LINE('',#15830,#3380);
#1863=LINE('',#15832,#3381);
#1864=LINE('',#15834,#3382);
#1865=LINE('',#15836,#3383);
#1866=LINE('',#15838,#3384);
#1867=LINE('',#15840,#3385);
#1868=LINE('',#15844,#3386);
#1869=LINE('',#15848,#3387);
#1870=LINE('',#15850,#3388);
#1871=LINE('',#15852,#3389);
#1872=LINE('',#15854,#3390);
#1873=LINE('',#15856,#3391);
#1874=LINE('',#15858,#3392);
#1875=LINE('',#15860,#3393);
#1876=LINE('',#15862,#3394);
#1877=LINE('',#15864,#3395);
#1878=LINE('',#15866,#3396);
#1879=LINE('',#15868,#3397);
#1880=LINE('',#15870,#3398);
#1881=LINE('',#15872,#3399);
#1882=LINE('',#15874,#3400);
#1883=LINE('',#15876,#3401);
#1884=LINE('',#15878,#3402);
#1885=LINE('',#15880,#3403);
#1886=LINE('',#15882,#3404);
#1887=LINE('',#15886,#3405);
#1888=LINE('',#15888,#3406);
#1889=LINE('',#15889,#3407);
#1890=LINE('',#15892,#3408);
#1891=LINE('',#15893,#3409);
#1892=LINE('',#15896,#3410);
#1893=LINE('',#15897,#3411);
#1894=LINE('',#15900,#3412);
#1895=LINE('',#15901,#3413);
#1896=LINE('',#15904,#3414);
#1897=LINE('',#15905,#3415);
#1898=LINE('',#15908,#3416);
#1899=LINE('',#15909,#3417);
#1900=LINE('',#15912,#3418);
#1901=LINE('',#15913,#3419);
#1902=LINE('',#15916,#3420);
#1903=LINE('',#15917,#3421);
#1904=LINE('',#15920,#3422);
#1905=LINE('',#15921,#3423);
#1906=LINE('',#15924,#3424);
#1907=LINE('',#15925,#3425);
#1908=LINE('',#15928,#3426);
#1909=LINE('',#15929,#3427);
#1910=LINE('',#15932,#3428);
#1911=LINE('',#15933,#3429);
#1912=LINE('',#15936,#3430);
#1913=LINE('',#15937,#3431);
#1914=LINE('',#15940,#3432);
#1915=LINE('',#15941,#3433);
#1916=LINE('',#15944,#3434);
#1917=LINE('',#15945,#3435);
#1918=LINE('',#15948,#3436);
#1919=LINE('',#15949,#3437);
#1920=LINE('',#15952,#3438);
#1921=LINE('',#15953,#3439);
#1922=LINE('',#15956,#3440);
#1923=LINE('',#15957,#3441);
#1924=LINE('',#15960,#3442);
#1925=LINE('',#15961,#3443);
#1926=LINE('',#15964,#3444);
#1927=LINE('',#15968,#3445);
#1928=LINE('',#15969,#3446);
#1929=LINE('',#15972,#3447);
#1930=LINE('',#15976,#3448);
#1931=LINE('',#15980,#3449);
#1932=LINE('',#15982,#3450);
#1933=LINE('',#15984,#3451);
#1934=LINE('',#15986,#3452);
#1935=LINE('',#15988,#3453);
#1936=LINE('',#15990,#3454);
#1937=LINE('',#15992,#3455);
#1938=LINE('',#15994,#3456);
#1939=LINE('',#15996,#3457);
#1940=LINE('',#15998,#3458);
#1941=LINE('',#16000,#3459);
#1942=LINE('',#16002,#3460);
#1943=LINE('',#16004,#3461);
#1944=LINE('',#16006,#3462);
#1945=LINE('',#16008,#3463);
#1946=LINE('',#16010,#3464);
#1947=LINE('',#16012,#3465);
#1948=LINE('',#16014,#3466);
#1949=LINE('',#16018,#3467);
#1950=LINE('',#16021,#3468);
#1951=LINE('',#16022,#3469);
#1952=LINE('',#16024,#3470);
#1953=LINE('',#16026,#3471);
#1954=LINE('',#16028,#3472);
#1955=LINE('',#16030,#3473);
#1956=LINE('',#16032,#3474);
#1957=LINE('',#16034,#3475);
#1958=LINE('',#16036,#3476);
#1959=LINE('',#16038,#3477);
#1960=LINE('',#16040,#3478);
#1961=LINE('',#16042,#3479);
#1962=LINE('',#16044,#3480);
#1963=LINE('',#16046,#3481);
#1964=LINE('',#16048,#3482);
#1965=LINE('',#16050,#3483);
#1966=LINE('',#16052,#3484);
#1967=LINE('',#16054,#3485);
#1968=LINE('',#16056,#3486);
#1969=LINE('',#16058,#3487);
#1970=LINE('',#16060,#3488);
#1971=LINE('',#16062,#3489);
#1972=LINE('',#16068,#3490);
#1973=LINE('',#16070,#3491);
#1974=LINE('',#16072,#3492);
#1975=LINE('',#16073,#3493);
#1976=LINE('',#16076,#3494);
#1977=LINE('',#16078,#3495);
#1978=LINE('',#16079,#3496);
#1979=LINE('',#16082,#3497);
#1980=LINE('',#16084,#3498);
#1981=LINE('',#16085,#3499);
#1982=LINE('',#16088,#3500);
#1983=LINE('',#16090,#3501);
#1984=LINE('',#16091,#3502);
#1985=LINE('',#16094,#3503);
#1986=LINE('',#16096,#3504);
#1987=LINE('',#16097,#3505);
#1988=LINE('',#16100,#3506);
#1989=LINE('',#16102,#3507);
#1990=LINE('',#16103,#3508);
#1991=LINE('',#16106,#3509);
#1992=LINE('',#16108,#3510);
#1993=LINE('',#16109,#3511);
#1994=LINE('',#16112,#3512);
#1995=LINE('',#16114,#3513);
#1996=LINE('',#16115,#3514);
#1997=LINE('',#16118,#3515);
#1998=LINE('',#16120,#3516);
#1999=LINE('',#16121,#3517);
#2000=LINE('',#16124,#3518);
#2001=LINE('',#16126,#3519);
#2002=LINE('',#16127,#3520);
#2003=LINE('',#16130,#3521);
#2004=LINE('',#16132,#3522);
#2005=LINE('',#16133,#3523);
#2006=LINE('',#16136,#3524);
#2007=LINE('',#16138,#3525);
#2008=LINE('',#16139,#3526);
#2009=LINE('',#16142,#3527);
#2010=LINE('',#16144,#3528);
#2011=LINE('',#16145,#3529);
#2012=LINE('',#16148,#3530);
#2013=LINE('',#16150,#3531);
#2014=LINE('',#16151,#3532);
#2015=LINE('',#16154,#3533);
#2016=LINE('',#16156,#3534);
#2017=LINE('',#16157,#3535);
#2018=LINE('',#16160,#3536);
#2019=LINE('',#16162,#3537);
#2020=LINE('',#16163,#3538);
#2021=LINE('',#16166,#3539);
#2022=LINE('',#16168,#3540);
#2023=LINE('',#16169,#3541);
#2024=LINE('',#16172,#3542);
#2025=LINE('',#16174,#3543);
#2026=LINE('',#16175,#3544);
#2027=LINE('',#16178,#3545);
#2028=LINE('',#16180,#3546);
#2029=LINE('',#16181,#3547);
#2030=LINE('',#16184,#3548);
#2031=LINE('',#16186,#3549);
#2032=LINE('',#16187,#3550);
#2033=LINE('',#16190,#3551);
#2034=LINE('',#16192,#3552);
#2035=LINE('',#16193,#3553);
#2036=LINE('',#16196,#3554);
#2037=LINE('',#16198,#3555);
#2038=LINE('',#16199,#3556);
#2039=LINE('',#16202,#3557);
#2040=LINE('',#16204,#3558);
#2041=LINE('',#16205,#3559);
#2042=LINE('',#16208,#3560);
#2043=LINE('',#16210,#3561);
#2044=LINE('',#16211,#3562);
#2045=LINE('',#16214,#3563);
#2046=LINE('',#16216,#3564);
#2047=LINE('',#16217,#3565);
#2048=LINE('',#16220,#3566);
#2049=LINE('',#16222,#3567);
#2050=LINE('',#16223,#3568);
#2051=LINE('',#16226,#3569);
#2052=LINE('',#16228,#3570);
#2053=LINE('',#16229,#3571);
#2054=LINE('',#16232,#3572);
#2055=LINE('',#16234,#3573);
#2056=LINE('',#16235,#3574);
#2057=LINE('',#16238,#3575);
#2058=LINE('',#16240,#3576);
#2059=LINE('',#16241,#3577);
#2060=LINE('',#16244,#3578);
#2061=LINE('',#16246,#3579);
#2062=LINE('',#16247,#3580);
#2063=LINE('',#16250,#3581);
#2064=LINE('',#16252,#3582);
#2065=LINE('',#16253,#3583);
#2066=LINE('',#16256,#3584);
#2067=LINE('',#16258,#3585);
#2068=LINE('',#16259,#3586);
#2069=LINE('',#16262,#3587);
#2070=LINE('',#16264,#3588);
#2071=LINE('',#16265,#3589);
#2072=LINE('',#16268,#3590);
#2073=LINE('',#16270,#3591);
#2074=LINE('',#16271,#3592);
#2075=LINE('',#16274,#3593);
#2076=LINE('',#16276,#3594);
#2077=LINE('',#16277,#3595);
#2078=LINE('',#16280,#3596);
#2079=LINE('',#16282,#3597);
#2080=LINE('',#16283,#3598);
#2081=LINE('',#16286,#3599);
#2082=LINE('',#16288,#3600);
#2083=LINE('',#16289,#3601);
#2084=LINE('',#16292,#3602);
#2085=LINE('',#16294,#3603);
#2086=LINE('',#16295,#3604);
#2087=LINE('',#16298,#3605);
#2088=LINE('',#16300,#3606);
#2089=LINE('',#16301,#3607);
#2090=LINE('',#16304,#3608);
#2091=LINE('',#16306,#3609);
#2092=LINE('',#16307,#3610);
#2093=LINE('',#16310,#3611);
#2094=LINE('',#16312,#3612);
#2095=LINE('',#16313,#3613);
#2096=LINE('',#16316,#3614);
#2097=LINE('',#16318,#3615);
#2098=LINE('',#16319,#3616);
#2099=LINE('',#16322,#3617);
#2100=LINE('',#16324,#3618);
#2101=LINE('',#16325,#3619);
#2102=LINE('',#16328,#3620);
#2103=LINE('',#16330,#3621);
#2104=LINE('',#16331,#3622);
#2105=LINE('',#16334,#3623);
#2106=LINE('',#16336,#3624);
#2107=LINE('',#16337,#3625);
#2108=LINE('',#16340,#3626);
#2109=LINE('',#16342,#3627);
#2110=LINE('',#16343,#3628);
#2111=LINE('',#16346,#3629);
#2112=LINE('',#16348,#3630);
#2113=LINE('',#16349,#3631);
#2114=LINE('',#16352,#3632);
#2115=LINE('',#16354,#3633);
#2116=LINE('',#16355,#3634);
#2117=LINE('',#16358,#3635);
#2118=LINE('',#16360,#3636);
#2119=LINE('',#16361,#3637);
#2120=LINE('',#16364,#3638);
#2121=LINE('',#16366,#3639);
#2122=LINE('',#16367,#3640);
#2123=LINE('',#16370,#3641);
#2124=LINE('',#16372,#3642);
#2125=LINE('',#16373,#3643);
#2126=LINE('',#16376,#3644);
#2127=LINE('',#16378,#3645);
#2128=LINE('',#16379,#3646);
#2129=LINE('',#16382,#3647);
#2130=LINE('',#16384,#3648);
#2131=LINE('',#16385,#3649);
#2132=LINE('',#16388,#3650);
#2133=LINE('',#16390,#3651);
#2134=LINE('',#16391,#3652);
#2135=LINE('',#16394,#3653);
#2136=LINE('',#16396,#3654);
#2137=LINE('',#16397,#3655);
#2138=LINE('',#16400,#3656);
#2139=LINE('',#16402,#3657);
#2140=LINE('',#16404,#3658);
#2141=LINE('',#16406,#3659);
#2142=LINE('',#16407,#3660);
#2143=LINE('',#16410,#3661);
#2144=LINE('',#16412,#3662);
#2145=LINE('',#16413,#3663);
#2146=LINE('',#16416,#3664);
#2147=LINE('',#16418,#3665);
#2148=LINE('',#16419,#3666);
#2149=LINE('',#16422,#3667);
#2150=LINE('',#16424,#3668);
#2151=LINE('',#16425,#3669);
#2152=LINE('',#16428,#3670);
#2153=LINE('',#16430,#3671);
#2154=LINE('',#16431,#3672);
#2155=LINE('',#16434,#3673);
#2156=LINE('',#16436,#3674);
#2157=LINE('',#16437,#3675);
#2158=LINE('',#16440,#3676);
#2159=LINE('',#16442,#3677);
#2160=LINE('',#16443,#3678);
#2161=LINE('',#16446,#3679);
#2162=LINE('',#16448,#3680);
#2163=LINE('',#16449,#3681);
#2164=LINE('',#16452,#3682);
#2165=LINE('',#16454,#3683);
#2166=LINE('',#16455,#3684);
#2167=LINE('',#16458,#3685);
#2168=LINE('',#16460,#3686);
#2169=LINE('',#16461,#3687);
#2170=LINE('',#16464,#3688);
#2171=LINE('',#16466,#3689);
#2172=LINE('',#16467,#3690);
#2173=LINE('',#16470,#3691);
#2174=LINE('',#16472,#3692);
#2175=LINE('',#16473,#3693);
#2176=LINE('',#16476,#3694);
#2177=LINE('',#16478,#3695);
#2178=LINE('',#16479,#3696);
#2179=LINE('',#16482,#3697);
#2180=LINE('',#16484,#3698);
#2181=LINE('',#16485,#3699);
#2182=LINE('',#16488,#3700);
#2183=LINE('',#16490,#3701);
#2184=LINE('',#16491,#3702);
#2185=LINE('',#16494,#3703);
#2186=LINE('',#16496,#3704);
#2187=LINE('',#16497,#3705);
#2188=LINE('',#16500,#3706);
#2189=LINE('',#16502,#3707);
#2190=LINE('',#16503,#3708);
#2191=LINE('',#16506,#3709);
#2192=LINE('',#16508,#3710);
#2193=LINE('',#16509,#3711);
#2194=LINE('',#16512,#3712);
#2195=LINE('',#16514,#3713);
#2196=LINE('',#16515,#3714);
#2197=LINE('',#16518,#3715);
#2198=LINE('',#16520,#3716);
#2199=LINE('',#16521,#3717);
#2200=LINE('',#16524,#3718);
#2201=LINE('',#16526,#3719);
#2202=LINE('',#16527,#3720);
#2203=LINE('',#16530,#3721);
#2204=LINE('',#16532,#3722);
#2205=LINE('',#16533,#3723);
#2206=LINE('',#16536,#3724);
#2207=LINE('',#16538,#3725);
#2208=LINE('',#16539,#3726);
#2209=LINE('',#16542,#3727);
#2210=LINE('',#16544,#3728);
#2211=LINE('',#16545,#3729);
#2212=LINE('',#16548,#3730);
#2213=LINE('',#16550,#3731);
#2214=LINE('',#16551,#3732);
#2215=LINE('',#16554,#3733);
#2216=LINE('',#16556,#3734);
#2217=LINE('',#16557,#3735);
#2218=LINE('',#16560,#3736);
#2219=LINE('',#16562,#3737);
#2220=LINE('',#16563,#3738);
#2221=LINE('',#16566,#3739);
#2222=LINE('',#16568,#3740);
#2223=LINE('',#16569,#3741);
#2224=LINE('',#16572,#3742);
#2225=LINE('',#16574,#3743);
#2226=LINE('',#16575,#3744);
#2227=LINE('',#16578,#3745);
#2228=LINE('',#16580,#3746);
#2229=LINE('',#16581,#3747);
#2230=LINE('',#16584,#3748);
#2231=LINE('',#16586,#3749);
#2232=LINE('',#16587,#3750);
#2233=LINE('',#16590,#3751);
#2234=LINE('',#16592,#3752);
#2235=LINE('',#16593,#3753);
#2236=LINE('',#16596,#3754);
#2237=LINE('',#16598,#3755);
#2238=LINE('',#16599,#3756);
#2239=LINE('',#16602,#3757);
#2240=LINE('',#16604,#3758);
#2241=LINE('',#16605,#3759);
#2242=LINE('',#16608,#3760);
#2243=LINE('',#16610,#3761);
#2244=LINE('',#16611,#3762);
#2245=LINE('',#16614,#3763);
#2246=LINE('',#16616,#3764);
#2247=LINE('',#16617,#3765);
#2248=LINE('',#16620,#3766);
#2249=LINE('',#16622,#3767);
#2250=LINE('',#16623,#3768);
#2251=LINE('',#16626,#3769);
#2252=LINE('',#16628,#3770);
#2253=LINE('',#16629,#3771);
#2254=LINE('',#16632,#3772);
#2255=LINE('',#16634,#3773);
#2256=LINE('',#16635,#3774);
#2257=LINE('',#16638,#3775);
#2258=LINE('',#16640,#3776);
#2259=LINE('',#16641,#3777);
#2260=LINE('',#16644,#3778);
#2261=LINE('',#16646,#3779);
#2262=LINE('',#16647,#3780);
#2263=LINE('',#16650,#3781);
#2264=LINE('',#16652,#3782);
#2265=LINE('',#16653,#3783);
#2266=LINE('',#16656,#3784);
#2267=LINE('',#16658,#3785);
#2268=LINE('',#16659,#3786);
#2269=LINE('',#16662,#3787);
#2270=LINE('',#16664,#3788);
#2271=LINE('',#16665,#3789);
#2272=LINE('',#16668,#3790);
#2273=LINE('',#16670,#3791);
#2274=LINE('',#16671,#3792);
#2275=LINE('',#16674,#3793);
#2276=LINE('',#16676,#3794);
#2277=LINE('',#16677,#3795);
#2278=LINE('',#16680,#3796);
#2279=LINE('',#16682,#3797);
#2280=LINE('',#16683,#3798);
#2281=LINE('',#16686,#3799);
#2282=LINE('',#16688,#3800);
#2283=LINE('',#16689,#3801);
#2284=LINE('',#16692,#3802);
#2285=LINE('',#16694,#3803);
#2286=LINE('',#16695,#3804);
#2287=LINE('',#16698,#3805);
#2288=LINE('',#16700,#3806);
#2289=LINE('',#16701,#3807);
#2290=LINE('',#16704,#3808);
#2291=LINE('',#16706,#3809);
#2292=LINE('',#16707,#3810);
#2293=LINE('',#16712,#3811);
#2294=LINE('',#16716,#3812);
#2295=LINE('',#16718,#3813);
#2296=LINE('',#16719,#3814);
#2297=LINE('',#16722,#3815);
#2298=LINE('',#16724,#3816);
#2299=LINE('',#16725,#3817);
#2300=LINE('',#16728,#3818);
#2301=LINE('',#16730,#3819);
#2302=LINE('',#16731,#3820);
#2303=LINE('',#16734,#3821);
#2304=LINE('',#16736,#3822);
#2305=LINE('',#16737,#3823);
#2306=LINE('',#16740,#3824);
#2307=LINE('',#16742,#3825);
#2308=LINE('',#16743,#3826);
#2309=LINE('',#16745,#3827);
#2310=LINE('',#16746,#3828);
#2311=LINE('',#16752,#3829);
#2312=LINE('',#16754,#3830);
#2313=LINE('',#16756,#3831);
#2314=LINE('',#16760,#3832);
#2315=LINE('',#16764,#3833);
#2316=LINE('',#16766,#3834);
#2317=LINE('',#16768,#3835);
#2318=LINE('',#16770,#3836);
#2319=LINE('',#16772,#3837);
#2320=LINE('',#16774,#3838);
#2321=LINE('',#16776,#3839);
#2322=LINE('',#16778,#3840);
#2323=LINE('',#16780,#3841);
#2324=LINE('',#16782,#3842);
#2325=LINE('',#16784,#3843);
#2326=LINE('',#16786,#3844);
#2327=LINE('',#16788,#3845);
#2328=LINE('',#16790,#3846);
#2329=LINE('',#16792,#3847);
#2330=LINE('',#16794,#3848);
#2331=LINE('',#16796,#3849);
#2332=LINE('',#16798,#3850);
#2333=LINE('',#16800,#3851);
#2334=LINE('',#16802,#3852);
#2335=LINE('',#16804,#3853);
#2336=LINE('',#16806,#3854);
#2337=LINE('',#16808,#3855);
#2338=LINE('',#16810,#3856);
#2339=LINE('',#16812,#3857);
#2340=LINE('',#16814,#3858);
#2341=LINE('',#16816,#3859);
#2342=LINE('',#16818,#3860);
#2343=LINE('',#16820,#3861);
#2344=LINE('',#16822,#3862);
#2345=LINE('',#16824,#3863);
#2346=LINE('',#16826,#3864);
#2347=LINE('',#16828,#3865);
#2348=LINE('',#16829,#3866);
#2349=LINE('',#16832,#3867);
#2350=LINE('',#16834,#3868);
#2351=LINE('',#16835,#3869);
#2352=LINE('',#16838,#3870);
#2353=LINE('',#16839,#3871);
#2354=LINE('',#16840,#3872);
#2355=LINE('',#16843,#3873);
#2356=LINE('',#16844,#3874);
#2357=LINE('',#16847,#3875);
#2358=LINE('',#16848,#3876);
#2359=LINE('',#16851,#3877);
#2360=LINE('',#16852,#3878);
#2361=LINE('',#16855,#3879);
#2362=LINE('',#16856,#3880);
#2363=LINE('',#16859,#3881);
#2364=LINE('',#16860,#3882);
#2365=LINE('',#16863,#3883);
#2366=LINE('',#16864,#3884);
#2367=LINE('',#16867,#3885);
#2368=LINE('',#16868,#3886);
#2369=LINE('',#16871,#3887);
#2370=LINE('',#16872,#3888);
#2371=LINE('',#16875,#3889);
#2372=LINE('',#16876,#3890);
#2373=LINE('',#16879,#3891);
#2374=LINE('',#16880,#3892);
#2375=LINE('',#16883,#3893);
#2376=LINE('',#16884,#3894);
#2377=LINE('',#16887,#3895);
#2378=LINE('',#16888,#3896);
#2379=LINE('',#16891,#3897);
#2380=LINE('',#16892,#3898);
#2381=LINE('',#16895,#3899);
#2382=LINE('',#16896,#3900);
#2383=LINE('',#16899,#3901);
#2384=LINE('',#16900,#3902);
#2385=LINE('',#16903,#3903);
#2386=LINE('',#16904,#3904);
#2387=LINE('',#16907,#3905);
#2388=LINE('',#16908,#3906);
#2389=LINE('',#16911,#3907);
#2390=LINE('',#16912,#3908);
#2391=LINE('',#16915,#3909);
#2392=LINE('',#16917,#3910);
#2393=LINE('',#16919,#3911);
#2394=LINE('',#16921,#3912);
#2395=LINE('',#16923,#3913);
#2396=LINE('',#16925,#3914);
#2397=LINE('',#16927,#3915);
#2398=LINE('',#16929,#3916);
#2399=LINE('',#16931,#3917);
#2400=LINE('',#16933,#3918);
#2401=LINE('',#16935,#3919);
#2402=LINE('',#16937,#3920);
#2403=LINE('',#16939,#3921);
#2404=LINE('',#16941,#3922);
#2405=LINE('',#16943,#3923);
#2406=LINE('',#16947,#3924);
#2407=LINE('',#16951,#3925);
#2408=LINE('',#16952,#3926);
#2409=LINE('',#16954,#3927);
#2410=LINE('',#16958,#3928);
#2411=LINE('',#16960,#3929);
#2412=LINE('',#16961,#3930);
#2413=LINE('',#16965,#3931);
#2414=LINE('',#16967,#3932);
#2415=LINE('',#16968,#3933);
#2416=LINE('',#16970,#3934);
#2417=LINE('',#16972,#3935);
#2418=LINE('',#16974,#3936);
#2419=LINE('',#16976,#3937);
#2420=LINE('',#16978,#3938);
#2421=LINE('',#16980,#3939);
#2422=LINE('',#16982,#3940);
#2423=LINE('',#16984,#3941);
#2424=LINE('',#16986,#3942);
#2425=LINE('',#16987,#3943);
#2426=LINE('',#16988,#3944);
#2427=LINE('',#16990,#3945);
#2428=LINE('',#16992,#3946);
#2429=LINE('',#16994,#3947);
#2430=LINE('',#16996,#3948);
#2431=LINE('',#16998,#3949);
#2432=LINE('',#17000,#3950);
#2433=LINE('',#17002,#3951);
#2434=LINE('',#17004,#3952);
#2435=LINE('',#17006,#3953);
#2436=LINE('',#17008,#3954);
#2437=LINE('',#17011,#3955);
#2438=LINE('',#17018,#3956);
#2439=LINE('',#17020,#3957);
#2440=LINE('',#17024,#3958);
#2441=LINE('',#17026,#3959);
#2442=LINE('',#17028,#3960);
#2443=LINE('',#17030,#3961);
#2444=LINE('',#17032,#3962);
#2445=LINE('',#17034,#3963);
#2446=LINE('',#17036,#3964);
#2447=LINE('',#17038,#3965);
#2448=LINE('',#17040,#3966);
#2449=LINE('',#17044,#3967);
#2450=LINE('',#17048,#3968);
#2451=LINE('',#17050,#3969);
#2452=LINE('',#17052,#3970);
#2453=LINE('',#17054,#3971);
#2454=LINE('',#17056,#3972);
#2455=LINE('',#17058,#3973);
#2456=LINE('',#17060,#3974);
#2457=LINE('',#17062,#3975);
#2458=LINE('',#17063,#3976);
#2459=LINE('',#17066,#3977);
#2460=LINE('',#17069,#3978);
#2461=LINE('',#17072,#3979);
#2462=LINE('',#17073,#3980);
#2463=LINE('',#17074,#3981);
#2464=LINE('',#17077,#3982);
#2465=LINE('',#17078,#3983);
#2466=LINE('',#17081,#3984);
#2467=LINE('',#17082,#3985);
#2468=LINE('',#17085,#3986);
#2469=LINE('',#17086,#3987);
#2470=LINE('',#17089,#3988);
#2471=LINE('',#17090,#3989);
#2472=LINE('',#17093,#3990);
#2473=LINE('',#17094,#3991);
#2474=LINE('',#17097,#3992);
#2475=LINE('',#17098,#3993);
#2476=LINE('',#17101,#3994);
#2477=LINE('',#17102,#3995);
#2478=LINE('',#17105,#3996);
#2479=LINE('',#17106,#3997);
#2480=LINE('',#17109,#3998);
#2481=LINE('',#17113,#3999);
#2482=LINE('',#17114,#4000);
#2483=LINE('',#17117,#4001);
#2484=LINE('',#17118,#4002);
#2485=LINE('',#17123,#4003);
#2486=LINE('',#17125,#4004);
#2487=LINE('',#17127,#4005);
#2488=LINE('',#17129,#4006);
#2489=LINE('',#17131,#4007);
#2490=LINE('',#17133,#4008);
#2491=LINE('',#17135,#4009);
#2492=LINE('',#17137,#4010);
#2493=LINE('',#17139,#4011);
#2494=LINE('',#17142,#4012);
#2495=LINE('',#17144,#4013);
#2496=LINE('',#17146,#4014);
#2497=LINE('',#17148,#4015);
#2498=LINE('',#17150,#4016);
#2499=LINE('',#17152,#4017);
#2500=LINE('',#17154,#4018);
#2501=LINE('',#17156,#4019);
#2502=LINE('',#17158,#4020);
#2503=LINE('',#17160,#4021);
#2504=LINE('',#17162,#4022);
#2505=LINE('',#17164,#4023);
#2506=LINE('',#17168,#4024);
#2507=LINE('',#17170,#4025);
#2508=LINE('',#17172,#4026);
#2509=LINE('',#17173,#4027);
#2510=LINE('',#17176,#4028);
#2511=LINE('',#17178,#4029);
#2512=LINE('',#17179,#4030);
#2513=LINE('',#17180,#4031);
#2514=LINE('',#17190,#4032);
#2515=LINE('',#17192,#4033);
#2516=LINE('',#17194,#4034);
#2517=LINE('',#17196,#4035);
#2518=LINE('',#17198,#4036);
#2519=LINE('',#17200,#4037);
#2520=LINE('',#17202,#4038);
#2521=LINE('',#17204,#4039);
#2522=LINE('',#17206,#4040);
#2523=LINE('',#17208,#4041);
#2524=LINE('',#17210,#4042);
#2525=LINE('',#17212,#4043);
#2526=LINE('',#17214,#4044);
#2527=LINE('',#17216,#4045);
#2528=LINE('',#17218,#4046);
#2529=LINE('',#17220,#4047);
#2530=LINE('',#17222,#4048);
#2531=LINE('',#17226,#4049);
#2532=LINE('',#17230,#4050);
#2533=LINE('',#17232,#4051);
#2534=LINE('',#17234,#4052);
#2535=LINE('',#17236,#4053);
#2536=LINE('',#17238,#4054);
#2537=LINE('',#17240,#4055);
#2538=LINE('',#17242,#4056);
#2539=LINE('',#17244,#4057);
#2540=LINE('',#17246,#4058);
#2541=LINE('',#17248,#4059);
#2542=LINE('',#17250,#4060);
#2543=LINE('',#17251,#4061);
#2544=LINE('',#17254,#4062);
#2545=LINE('',#17256,#4063);
#2546=LINE('',#17257,#4064);
#2547=LINE('',#17260,#4065);
#2548=LINE('',#17261,#4066);
#2549=LINE('',#17264,#4067);
#2550=LINE('',#17265,#4068);
#2551=LINE('',#17268,#4069);
#2552=LINE('',#17269,#4070);
#2553=LINE('',#17272,#4071);
#2554=LINE('',#17273,#4072);
#2555=LINE('',#17276,#4073);
#2556=LINE('',#17277,#4074);
#2557=LINE('',#17280,#4075);
#2558=LINE('',#17281,#4076);
#2559=LINE('',#17284,#4077);
#2560=LINE('',#17285,#4078);
#2561=LINE('',#17288,#4079);
#2562=LINE('',#17289,#4080);
#2563=LINE('',#17292,#4081);
#2564=LINE('',#17293,#4082);
#2565=LINE('',#17296,#4083);
#2566=LINE('',#17297,#4084);
#2567=LINE('',#17300,#4085);
#2568=LINE('',#17301,#4086);
#2569=LINE('',#17304,#4087);
#2570=LINE('',#17305,#4088);
#2571=LINE('',#17308,#4089);
#2572=LINE('',#17309,#4090);
#2573=LINE('',#17312,#4091);
#2574=LINE('',#17313,#4092);
#2575=LINE('',#17316,#4093);
#2576=LINE('',#17317,#4094);
#2577=LINE('',#17320,#4095);
#2578=LINE('',#17322,#4096);
#2579=LINE('',#17324,#4097);
#2580=LINE('',#17326,#4098);
#2581=LINE('',#17328,#4099);
#2582=LINE('',#17330,#4100);
#2583=LINE('',#17332,#4101);
#2584=LINE('',#17334,#4102);
#2585=LINE('',#17336,#4103);
#2586=LINE('',#17338,#4104);
#2587=LINE('',#17340,#4105);
#2588=LINE('',#17342,#4106);
#2589=LINE('',#17344,#4107);
#2590=LINE('',#17348,#4108);
#2591=LINE('',#17351,#4109);
#2592=LINE('',#17353,#4110);
#2593=LINE('',#17355,#4111);
#2594=LINE('',#17357,#4112);
#2595=LINE('',#17359,#4113);
#2596=LINE('',#17361,#4114);
#2597=LINE('',#17363,#4115);
#2598=LINE('',#17365,#4116);
#2599=LINE('',#17367,#4117);
#2600=LINE('',#17369,#4118);
#2601=LINE('',#17371,#4119);
#2602=LINE('',#17373,#4120);
#2603=LINE('',#17375,#4121);
#2604=LINE('',#17377,#4122);
#2605=LINE('',#17379,#4123);
#2606=LINE('',#17384,#4124);
#2607=LINE('',#17388,#4125);
#2608=LINE('',#17392,#4126);
#2609=LINE('',#17394,#4127);
#2610=LINE('',#17396,#4128);
#2611=LINE('',#17398,#4129);
#2612=LINE('',#17400,#4130);
#2613=LINE('',#17402,#4131);
#2614=LINE('',#17404,#4132);
#2615=LINE('',#17406,#4133);
#2616=LINE('',#17408,#4134);
#2617=LINE('',#17410,#4135);
#2618=LINE('',#17412,#4136);
#2619=LINE('',#17414,#4137);
#2620=LINE('',#17416,#4138);
#2621=LINE('',#17418,#4139);
#2622=LINE('',#17420,#4140);
#2623=LINE('',#17422,#4141);
#2624=LINE('',#17424,#4142);
#2625=LINE('',#17426,#4143);
#2626=LINE('',#17428,#4144);
#2627=LINE('',#17432,#4145);
#2628=LINE('',#17436,#4146);
#2629=LINE('',#17438,#4147);
#2630=LINE('',#17440,#4148);
#2631=LINE('',#17442,#4149);
#2632=LINE('',#17444,#4150);
#2633=LINE('',#17446,#4151);
#2634=LINE('',#17448,#4152);
#2635=LINE('',#17450,#4153);
#2636=LINE('',#17452,#4154);
#2637=LINE('',#17454,#4155);
#2638=LINE('',#17456,#4156);
#2639=LINE('',#17458,#4157);
#2640=LINE('',#17460,#4158);
#2641=LINE('',#17462,#4159);
#2642=LINE('',#17464,#4160);
#2643=LINE('',#17466,#4161);
#2644=LINE('',#17468,#4162);
#2645=LINE('',#17470,#4163);
#2646=LINE('',#17474,#4164);
#2647=LINE('',#17476,#4165);
#2648=LINE('',#17477,#4166);
#2649=LINE('',#17480,#4167);
#2650=LINE('',#17481,#4168);
#2651=LINE('',#17484,#4169);
#2652=LINE('',#17485,#4170);
#2653=LINE('',#17488,#4171);
#2654=LINE('',#17489,#4172);
#2655=LINE('',#17492,#4173);
#2656=LINE('',#17493,#4174);
#2657=LINE('',#17496,#4175);
#2658=LINE('',#17497,#4176);
#2659=LINE('',#17500,#4177);
#2660=LINE('',#17501,#4178);
#2661=LINE('',#17504,#4179);
#2662=LINE('',#17505,#4180);
#2663=LINE('',#17508,#4181);
#2664=LINE('',#17509,#4182);
#2665=LINE('',#17512,#4183);
#2666=LINE('',#17513,#4184);
#2667=LINE('',#17516,#4185);
#2668=LINE('',#17517,#4186);
#2669=LINE('',#17520,#4187);
#2670=LINE('',#17521,#4188);
#2671=LINE('',#17524,#4189);
#2672=LINE('',#17525,#4190);
#2673=LINE('',#17528,#4191);
#2674=LINE('',#17529,#4192);
#2675=LINE('',#17532,#4193);
#2676=LINE('',#17533,#4194);
#2677=LINE('',#17536,#4195);
#2678=LINE('',#17537,#4196);
#2679=LINE('',#17540,#4197);
#2680=LINE('',#17541,#4198);
#2681=LINE('',#17544,#4199);
#2682=LINE('',#17545,#4200);
#2683=LINE('',#17548,#4201);
#2684=LINE('',#17549,#4202);
#2685=LINE('',#17552,#4203);
#2686=LINE('',#17556,#4204);
#2687=LINE('',#17557,#4205);
#2688=LINE('',#17560,#4206);
#2689=LINE('',#17564,#4207);
#2690=LINE('',#17568,#4208);
#2691=LINE('',#17570,#4209);
#2692=LINE('',#17572,#4210);
#2693=LINE('',#17574,#4211);
#2694=LINE('',#17576,#4212);
#2695=LINE('',#17578,#4213);
#2696=LINE('',#17580,#4214);
#2697=LINE('',#17582,#4215);
#2698=LINE('',#17584,#4216);
#2699=LINE('',#17586,#4217);
#2700=LINE('',#17588,#4218);
#2701=LINE('',#17590,#4219);
#2702=LINE('',#17592,#4220);
#2703=LINE('',#17594,#4221);
#2704=LINE('',#17596,#4222);
#2705=LINE('',#17598,#4223);
#2706=LINE('',#17600,#4224);
#2707=LINE('',#17602,#4225);
#2708=LINE('',#17606,#4226);
#2709=LINE('',#17609,#4227);
#2710=LINE('',#17610,#4228);
#2711=LINE('',#17612,#4229);
#2712=LINE('',#17614,#4230);
#2713=LINE('',#17616,#4231);
#2714=LINE('',#17618,#4232);
#2715=LINE('',#17620,#4233);
#2716=LINE('',#17622,#4234);
#2717=LINE('',#17624,#4235);
#2718=LINE('',#17626,#4236);
#2719=LINE('',#17628,#4237);
#2720=LINE('',#17630,#4238);
#2721=LINE('',#17632,#4239);
#2722=LINE('',#17634,#4240);
#2723=LINE('',#17636,#4241);
#2724=LINE('',#17638,#4242);
#2725=LINE('',#17640,#4243);
#2726=LINE('',#17642,#4244);
#2727=LINE('',#17644,#4245);
#2728=LINE('',#17646,#4246);
#2729=LINE('',#17648,#4247);
#2730=LINE('',#17650,#4248);
#2731=VECTOR('',#11740,10.);
#2732=VECTOR('',#11741,10.);
#2733=VECTOR('',#11742,10.);
#2734=VECTOR('',#11743,10.);
#2735=VECTOR('',#11746,10.);
#2736=VECTOR('',#11747,10.);
#2737=VECTOR('',#11748,10.);
#2738=VECTOR('',#11751,10.);
#2739=VECTOR('',#11752,10.);
#2740=VECTOR('',#11753,10.);
#2741=VECTOR('',#11756,10.);
#2742=VECTOR('',#11757,10.);
#2743=VECTOR('',#11758,10.);
#2744=VECTOR('',#11761,10.);
#2745=VECTOR('',#11762,10.);
#2746=VECTOR('',#11763,10.);
#2747=VECTOR('',#11766,10.);
#2748=VECTOR('',#11767,10.);
#2749=VECTOR('',#11768,10.);
#2750=VECTOR('',#11771,10.);
#2751=VECTOR('',#11772,10.);
#2752=VECTOR('',#11773,10.);
#2753=VECTOR('',#11776,10.);
#2754=VECTOR('',#11777,10.);
#2755=VECTOR('',#11778,10.);
#2756=VECTOR('',#11781,10.);
#2757=VECTOR('',#11782,10.);
#2758=VECTOR('',#11783,10.);
#2759=VECTOR('',#11786,10.);
#2760=VECTOR('',#11787,10.);
#2761=VECTOR('',#11788,10.);
#2762=VECTOR('',#11791,10.);
#2763=VECTOR('',#11792,10.);
#2764=VECTOR('',#11793,10.);
#2765=VECTOR('',#11796,10.);
#2766=VECTOR('',#11797,10.);
#2767=VECTOR('',#11798,10.);
#2768=VECTOR('',#11801,10.);
#2769=VECTOR('',#11802,10.);
#2770=VECTOR('',#11803,10.);
#2771=VECTOR('',#11806,10.);
#2772=VECTOR('',#11807,10.);
#2773=VECTOR('',#11808,10.);
#2774=VECTOR('',#11811,10.);
#2775=VECTOR('',#11812,10.);
#2776=VECTOR('',#11813,10.);
#2777=VECTOR('',#11816,10.);
#2778=VECTOR('',#11817,10.);
#2779=VECTOR('',#11818,10.);
#2780=VECTOR('',#11821,10.);
#2781=VECTOR('',#11822,10.);
#2782=VECTOR('',#11823,10.);
#2783=VECTOR('',#11826,10.);
#2784=VECTOR('',#11827,10.);
#2785=VECTOR('',#11828,10.);
#2786=VECTOR('',#11831,10.);
#2787=VECTOR('',#11832,10.);
#2788=VECTOR('',#11833,10.);
#2789=VECTOR('',#11836,10.);
#2790=VECTOR('',#11837,10.);
#2791=VECTOR('',#11838,10.);
#2792=VECTOR('',#11841,10.);
#2793=VECTOR('',#11842,10.);
#2794=VECTOR('',#11843,10.);
#2795=VECTOR('',#11846,10.);
#2796=VECTOR('',#11847,10.);
#2797=VECTOR('',#11848,10.);
#2798=VECTOR('',#11851,10.);
#2799=VECTOR('',#11852,10.);
#2800=VECTOR('',#11853,10.);
#2801=VECTOR('',#11856,10.);
#2802=VECTOR('',#11857,10.);
#2803=VECTOR('',#11858,10.);
#2804=VECTOR('',#11861,10.);
#2805=VECTOR('',#11862,10.);
#2806=VECTOR('',#11863,10.);
#2807=VECTOR('',#11866,10.);
#2808=VECTOR('',#11867,10.);
#2809=VECTOR('',#11868,10.);
#2810=VECTOR('',#11871,10.);
#2811=VECTOR('',#11872,10.);
#2812=VECTOR('',#11873,10.);
#2813=VECTOR('',#11876,10.);
#2814=VECTOR('',#11877,10.);
#2815=VECTOR('',#11878,10.);
#2816=VECTOR('',#11881,10.);
#2817=VECTOR('',#11882,10.);
#2818=VECTOR('',#11883,10.);
#2819=VECTOR('',#11886,10.);
#2820=VECTOR('',#11887,10.);
#2821=VECTOR('',#11888,10.);
#2822=VECTOR('',#11891,10.);
#2823=VECTOR('',#11892,10.);
#2824=VECTOR('',#11893,10.);
#2825=VECTOR('',#11896,10.);
#2826=VECTOR('',#11897,10.);
#2827=VECTOR('',#11898,10.);
#2828=VECTOR('',#11901,10.);
#2829=VECTOR('',#11902,10.);
#2830=VECTOR('',#11903,10.);
#2831=VECTOR('',#11906,10.);
#2832=VECTOR('',#11907,10.);
#2833=VECTOR('',#11908,10.);
#2834=VECTOR('',#11911,10.);
#2835=VECTOR('',#11912,10.);
#2836=VECTOR('',#11913,10.);
#2837=VECTOR('',#11916,10.);
#2838=VECTOR('',#11917,10.);
#2839=VECTOR('',#11918,10.);
#2840=VECTOR('',#11921,10.);
#2841=VECTOR('',#11922,10.);
#2842=VECTOR('',#11923,10.);
#2843=VECTOR('',#11926,10.);
#2844=VECTOR('',#11927,10.);
#2845=VECTOR('',#11928,10.);
#2846=VECTOR('',#11931,10.);
#2847=VECTOR('',#11932,10.);
#2848=VECTOR('',#11933,10.);
#2849=VECTOR('',#11936,10.);
#2850=VECTOR('',#11937,10.);
#2851=VECTOR('',#11938,10.);
#2852=VECTOR('',#11941,10.);
#2853=VECTOR('',#11942,10.);
#2854=VECTOR('',#11943,10.);
#2855=VECTOR('',#11946,10.);
#2856=VECTOR('',#11947,10.);
#2857=VECTOR('',#11948,10.);
#2858=VECTOR('',#11951,10.);
#2859=VECTOR('',#11952,10.);
#2860=VECTOR('',#11953,10.);
#2861=VECTOR('',#11956,10.);
#2862=VECTOR('',#11957,10.);
#2863=VECTOR('',#11958,10.);
#2864=VECTOR('',#11961,10.);
#2865=VECTOR('',#11962,10.);
#2866=VECTOR('',#11963,10.);
#2867=VECTOR('',#11966,10.);
#2868=VECTOR('',#11967,10.);
#2869=VECTOR('',#11968,10.);
#2870=VECTOR('',#11971,10.);
#2871=VECTOR('',#11972,10.);
#2872=VECTOR('',#11973,10.);
#2873=VECTOR('',#11976,10.);
#2874=VECTOR('',#11977,10.);
#2875=VECTOR('',#11978,10.);
#2876=VECTOR('',#11981,10.);
#2877=VECTOR('',#11982,10.);
#2878=VECTOR('',#11983,10.);
#2879=VECTOR('',#11986,10.);
#2880=VECTOR('',#11987,10.);
#2881=VECTOR('',#11988,10.);
#2882=VECTOR('',#11991,10.);
#2883=VECTOR('',#11992,10.);
#2884=VECTOR('',#11993,10.);
#2885=VECTOR('',#11996,10.);
#2886=VECTOR('',#11997,10.);
#2887=VECTOR('',#11998,10.);
#2888=VECTOR('',#12001,10.);
#2889=VECTOR('',#12002,10.);
#2890=VECTOR('',#12003,10.);
#2891=VECTOR('',#12006,10.);
#2892=VECTOR('',#12007,10.);
#2893=VECTOR('',#12008,10.);
#2894=VECTOR('',#12011,10.);
#2895=VECTOR('',#12012,10.);
#2896=VECTOR('',#12013,10.);
#2897=VECTOR('',#12016,10.);
#2898=VECTOR('',#12017,10.);
#2899=VECTOR('',#12018,10.);
#2900=VECTOR('',#12019,10.);
#2901=VECTOR('',#12020,10.);
#2902=VECTOR('',#12023,10.);
#2903=VECTOR('',#12024,10.);
#2904=VECTOR('',#12025,10.);
#2905=VECTOR('',#12028,10.);
#2906=VECTOR('',#12029,10.);
#2907=VECTOR('',#12030,10.);
#2908=VECTOR('',#12033,10.);
#2909=VECTOR('',#12034,10.);
#2910=VECTOR('',#12035,10.);
#2911=VECTOR('',#12038,10.);
#2912=VECTOR('',#12039,10.);
#2913=VECTOR('',#12040,10.);
#2914=VECTOR('',#12043,10.);
#2915=VECTOR('',#12044,10.);
#2916=VECTOR('',#12045,10.);
#2917=VECTOR('',#12048,10.);
#2918=VECTOR('',#12049,10.);
#2919=VECTOR('',#12050,10.);
#2920=VECTOR('',#12053,10.);
#2921=VECTOR('',#12054,10.);
#2922=VECTOR('',#12055,10.);
#2923=VECTOR('',#12058,10.);
#2924=VECTOR('',#12059,10.);
#2925=VECTOR('',#12060,10.);
#2926=VECTOR('',#12063,10.);
#2927=VECTOR('',#12064,10.);
#2928=VECTOR('',#12065,10.);
#2929=VECTOR('',#12068,10.);
#2930=VECTOR('',#12069,10.);
#2931=VECTOR('',#12070,10.);
#2932=VECTOR('',#12073,10.);
#2933=VECTOR('',#12074,10.);
#2934=VECTOR('',#12075,10.);
#2935=VECTOR('',#12078,10.);
#2936=VECTOR('',#12079,10.);
#2937=VECTOR('',#12080,10.);
#2938=VECTOR('',#12083,10.);
#2939=VECTOR('',#12084,10.);
#2940=VECTOR('',#12085,10.);
#2941=VECTOR('',#12088,10.);
#2942=VECTOR('',#12089,10.);
#2943=VECTOR('',#12090,10.);
#2944=VECTOR('',#12093,10.);
#2945=VECTOR('',#12094,10.);
#2946=VECTOR('',#12095,10.);
#2947=VECTOR('',#12098,10.);
#2948=VECTOR('',#12099,10.);
#2949=VECTOR('',#12100,10.);
#2950=VECTOR('',#12103,10.);
#2951=VECTOR('',#12104,10.);
#2952=VECTOR('',#12105,10.);
#2953=VECTOR('',#12108,10.);
#2954=VECTOR('',#12109,10.);
#2955=VECTOR('',#12110,10.);
#2956=VECTOR('',#12113,10.);
#2957=VECTOR('',#12114,10.);
#2958=VECTOR('',#12115,10.);
#2959=VECTOR('',#12118,10.);
#2960=VECTOR('',#12119,10.);
#2961=VECTOR('',#12120,10.);
#2962=VECTOR('',#12123,10.);
#2963=VECTOR('',#12124,10.);
#2964=VECTOR('',#12125,10.);
#2965=VECTOR('',#12128,10.);
#2966=VECTOR('',#12129,10.);
#2967=VECTOR('',#12130,10.);
#2968=VECTOR('',#12133,10.);
#2969=VECTOR('',#12134,10.);
#2970=VECTOR('',#12135,10.);
#2971=VECTOR('',#12138,10.);
#2972=VECTOR('',#12139,10.);
#2973=VECTOR('',#12140,10.);
#2974=VECTOR('',#12143,10.);
#2975=VECTOR('',#12144,10.);
#2976=VECTOR('',#12145,10.);
#2977=VECTOR('',#12148,10.);
#2978=VECTOR('',#12149,10.);
#2979=VECTOR('',#12150,10.);
#2980=VECTOR('',#12153,10.);
#2981=VECTOR('',#12154,10.);
#2982=VECTOR('',#12155,10.);
#2983=VECTOR('',#12158,10.);
#2984=VECTOR('',#12159,10.);
#2985=VECTOR('',#12160,10.);
#2986=VECTOR('',#12163,10.);
#2987=VECTOR('',#12164,10.);
#2988=VECTOR('',#12165,10.);
#2989=VECTOR('',#12168,10.);
#2990=VECTOR('',#12169,10.);
#2991=VECTOR('',#12170,10.);
#2992=VECTOR('',#12173,10.);
#2993=VECTOR('',#12174,10.);
#2994=VECTOR('',#12175,10.);
#2995=VECTOR('',#12178,10.);
#2996=VECTOR('',#12179,10.);
#2997=VECTOR('',#12180,10.);
#2998=VECTOR('',#12183,10.);
#2999=VECTOR('',#12184,10.);
#3000=VECTOR('',#12185,10.);
#3001=VECTOR('',#12188,10.);
#3002=VECTOR('',#12189,10.);
#3003=VECTOR('',#12190,10.);
#3004=VECTOR('',#12193,10.);
#3005=VECTOR('',#12194,10.);
#3006=VECTOR('',#12195,10.);
#3007=VECTOR('',#12198,10.);
#3008=VECTOR('',#12199,10.);
#3009=VECTOR('',#12200,10.);
#3010=VECTOR('',#12203,10.);
#3011=VECTOR('',#12204,10.);
#3012=VECTOR('',#12205,10.);
#3013=VECTOR('',#12208,10.);
#3014=VECTOR('',#12209,10.);
#3015=VECTOR('',#12210,10.);
#3016=VECTOR('',#12213,10.);
#3017=VECTOR('',#12214,10.);
#3018=VECTOR('',#12215,10.);
#3019=VECTOR('',#12218,10.);
#3020=VECTOR('',#12219,10.);
#3021=VECTOR('',#12220,10.);
#3022=VECTOR('',#12223,10.);
#3023=VECTOR('',#12224,10.);
#3024=VECTOR('',#12225,10.);
#3025=VECTOR('',#12228,10.);
#3026=VECTOR('',#12229,10.);
#3027=VECTOR('',#12230,10.);
#3028=VECTOR('',#12233,10.);
#3029=VECTOR('',#12234,10.);
#3030=VECTOR('',#12235,10.);
#3031=VECTOR('',#12238,10.);
#3032=VECTOR('',#12239,10.);
#3033=VECTOR('',#12240,10.);
#3034=VECTOR('',#12243,10.);
#3035=VECTOR('',#12244,10.);
#3036=VECTOR('',#12245,10.);
#3037=VECTOR('',#12248,10.);
#3038=VECTOR('',#12249,10.);
#3039=VECTOR('',#12250,10.);
#3040=VECTOR('',#12253,10.);
#3041=VECTOR('',#12254,10.);
#3042=VECTOR('',#12255,10.);
#3043=VECTOR('',#12258,10.);
#3044=VECTOR('',#12259,10.);
#3045=VECTOR('',#12260,10.);
#3046=VECTOR('',#12263,10.);
#3047=VECTOR('',#12264,10.);
#3048=VECTOR('',#12265,10.);
#3049=VECTOR('',#12268,10.);
#3050=VECTOR('',#12269,10.);
#3051=VECTOR('',#12270,10.);
#3052=VECTOR('',#12275,10.);
#3053=VECTOR('',#12280,10.);
#3054=VECTOR('',#12281,10.);
#3055=VECTOR('',#12282,10.);
#3056=VECTOR('',#12285,10.);
#3057=VECTOR('',#12286,10.);
#3058=VECTOR('',#12287,10.);
#3059=VECTOR('',#12290,10.);
#3060=VECTOR('',#12291,10.);
#3061=VECTOR('',#12292,10.);
#3062=VECTOR('',#12295,10.);
#3063=VECTOR('',#12296,10.);
#3064=VECTOR('',#12297,10.);
#3065=VECTOR('',#12300,10.);
#3066=VECTOR('',#12301,10.);
#3067=VECTOR('',#12302,10.);
#3068=VECTOR('',#12305,10.);
#3069=VECTOR('',#12306,10.);
#3070=VECTOR('',#12313,10.);
#3071=VECTOR('',#12314,10.);
#3072=VECTOR('',#12315,10.);
#3073=VECTOR('',#12318,10.);
#3074=VECTOR('',#12321,10.);
#3075=VECTOR('',#12322,10.);
#3076=VECTOR('',#12323,10.);
#3077=VECTOR('',#12324,10.);
#3078=VECTOR('',#12325,10.);
#3079=VECTOR('',#12326,10.);
#3080=VECTOR('',#12327,10.);
#3081=VECTOR('',#12328,10.);
#3082=VECTOR('',#12329,10.);
#3083=VECTOR('',#12330,10.);
#3084=VECTOR('',#12331,10.);
#3085=VECTOR('',#12332,10.);
#3086=VECTOR('',#12333,10.);
#3087=VECTOR('',#12334,10.);
#3088=VECTOR('',#12335,10.);
#3089=VECTOR('',#12336,10.);
#3090=VECTOR('',#12337,10.);
#3091=VECTOR('',#12338,10.);
#3092=VECTOR('',#12339,10.);
#3093=VECTOR('',#12340,10.);
#3094=VECTOR('',#12341,10.);
#3095=VECTOR('',#12342,10.);
#3096=VECTOR('',#12343,10.);
#3097=VECTOR('',#12344,10.);
#3098=VECTOR('',#12345,10.);
#3099=VECTOR('',#12346,10.);
#3100=VECTOR('',#12347,10.);
#3101=VECTOR('',#12348,10.);
#3102=VECTOR('',#12349,10.);
#3103=VECTOR('',#12350,10.);
#3104=VECTOR('',#12351,10.);
#3105=VECTOR('',#12352,10.);
#3106=VECTOR('',#12353,10.);
#3107=VECTOR('',#12354,10.);
#3108=VECTOR('',#12357,10.);
#3109=VECTOR('',#12358,10.);
#3110=VECTOR('',#12359,10.);
#3111=VECTOR('',#12362,10.);
#3112=VECTOR('',#12363,10.);
#3113=VECTOR('',#12364,10.);
#3114=VECTOR('',#12367,10.);
#3115=VECTOR('',#12368,10.);
#3116=VECTOR('',#12371,10.);
#3117=VECTOR('',#12372,10.);
#3118=VECTOR('',#12375,10.);
#3119=VECTOR('',#12376,10.);
#3120=VECTOR('',#12379,10.);
#3121=VECTOR('',#12380,10.);
#3122=VECTOR('',#12383,10.);
#3123=VECTOR('',#12384,10.);
#3124=VECTOR('',#12387,10.);
#3125=VECTOR('',#12388,10.);
#3126=VECTOR('',#12391,10.);
#3127=VECTOR('',#12392,10.);
#3128=VECTOR('',#12395,10.);
#3129=VECTOR('',#12396,10.);
#3130=VECTOR('',#12399,10.);
#3131=VECTOR('',#12400,10.);
#3132=VECTOR('',#12403,10.);
#3133=VECTOR('',#12404,10.);
#3134=VECTOR('',#12407,10.);
#3135=VECTOR('',#12408,10.);
#3136=VECTOR('',#12411,10.);
#3137=VECTOR('',#12412,10.);
#3138=VECTOR('',#12415,10.);
#3139=VECTOR('',#12416,10.);
#3140=VECTOR('',#12419,10.);
#3141=VECTOR('',#12420,10.);
#3142=VECTOR('',#12423,10.);
#3143=VECTOR('',#12424,10.);
#3144=VECTOR('',#12427,10.);
#3145=VECTOR('',#12428,10.);
#3146=VECTOR('',#12431,10.);
#3147=VECTOR('',#12432,10.);
#3148=VECTOR('',#12435,10.);
#3149=VECTOR('',#12436,10.);
#3150=VECTOR('',#12439,10.);
#3151=VECTOR('',#12440,10.);
#3152=VECTOR('',#12441,10.);
#3153=VECTOR('',#12442,10.);
#3154=VECTOR('',#12443,10.);
#3155=VECTOR('',#12444,10.);
#3156=VECTOR('',#12445,10.);
#3157=VECTOR('',#12446,10.);
#3158=VECTOR('',#12447,10.);
#3159=VECTOR('',#12448,10.);
#3160=VECTOR('',#12449,10.);
#3161=VECTOR('',#12450,10.);
#3162=VECTOR('',#12451,10.);
#3163=VECTOR('',#12452,10.);
#3164=VECTOR('',#12453,10.);
#3165=VECTOR('',#12456,10.);
#3166=VECTOR('',#12459,10.);
#3167=VECTOR('',#12460,10.);
#3168=VECTOR('',#12463,10.);
#3169=VECTOR('',#12466,10.);
#3170=VECTOR('',#12467,10.);
#3171=VECTOR('',#12468,10.);
#3172=VECTOR('',#12471,10.);
#3173=VECTOR('',#12472,10.);
#3174=VECTOR('',#12473,10.);
#3175=VECTOR('',#12476,10.);
#3176=VECTOR('',#12479,10.);
#3177=VECTOR('',#12482,10.);
#3178=VECTOR('',#12485,10.);
#3179=VECTOR('',#12488,10.);
#3180=VECTOR('',#12491,10.);
#3181=VECTOR('',#12494,10.);
#3182=VECTOR('',#12497,10.);
#3183=VECTOR('',#12500,10.);
#3184=VECTOR('',#12501,10.);
#3185=VECTOR('',#12502,10.);
#3186=VECTOR('',#12505,10.);
#3187=VECTOR('',#12508,10.);
#3188=VECTOR('',#12511,10.);
#3189=VECTOR('',#12514,10.);
#3190=VECTOR('',#12517,10.);
#3191=VECTOR('',#12520,10.);
#3192=VECTOR('',#12523,10.);
#3193=VECTOR('',#12526,10.);
#3194=VECTOR('',#12529,10.);
#3195=VECTOR('',#12532,10.);
#3196=VECTOR('',#12537,10.);
#3197=VECTOR('',#12544,10.);
#3198=VECTOR('',#12545,10.);
#3199=VECTOR('',#12548,10.);
#3200=VECTOR('',#12549,10.);
#3201=VECTOR('',#12550,10.);
#3202=VECTOR('',#12551,10.);
#3203=VECTOR('',#12552,10.);
#3204=VECTOR('',#12553,10.);
#3205=VECTOR('',#12554,10.);
#3206=VECTOR('',#12555,10.);
#3207=VECTOR('',#12556,10.);
#3208=VECTOR('',#12559,10.);
#3209=VECTOR('',#12562,10.);
#3210=VECTOR('',#12563,10.);
#3211=VECTOR('',#12564,10.);
#3212=VECTOR('',#12565,10.);
#3213=VECTOR('',#12566,10.);
#3214=VECTOR('',#12567,10.);
#3215=VECTOR('',#12568,10.);
#3216=VECTOR('',#12569,10.);
#3217=VECTOR('',#12570,10.);
#3218=VECTOR('',#12573,10.);
#3219=VECTOR('',#12576,10.);
#3220=VECTOR('',#12579,10.);
#3221=VECTOR('',#12580,10.);
#3222=VECTOR('',#12581,10.);
#3223=VECTOR('',#12584,10.);
#3224=VECTOR('',#12585,10.);
#3225=VECTOR('',#12588,10.);
#3226=VECTOR('',#12589,10.);
#3227=VECTOR('',#12592,10.);
#3228=VECTOR('',#12593,10.);
#3229=VECTOR('',#12596,10.);
#3230=VECTOR('',#12597,10.);
#3231=VECTOR('',#12600,10.);
#3232=VECTOR('',#12601,10.);
#3233=VECTOR('',#12604,10.);
#3234=VECTOR('',#12605,10.);
#3235=VECTOR('',#12608,10.);
#3236=VECTOR('',#12609,10.);
#3237=VECTOR('',#12612,10.);
#3238=VECTOR('',#12613,10.);
#3239=VECTOR('',#12616,10.);
#3240=VECTOR('',#12621,10.);
#3241=VECTOR('',#12622,10.);
#3242=VECTOR('',#12625,10.);
#3243=VECTOR('',#12626,10.);
#3244=VECTOR('',#12631,10.);
#3245=VECTOR('',#12632,10.);
#3246=VECTOR('',#12633,10.);
#3247=VECTOR('',#12634,10.);
#3248=VECTOR('',#12635,10.);
#3249=VECTOR('',#12636,10.);
#3250=VECTOR('',#12637,10.);
#3251=VECTOR('',#12638,10.);
#3252=VECTOR('',#12639,10.);
#3253=VECTOR('',#12642,10.);
#3254=VECTOR('',#12645,10.);
#3255=VECTOR('',#12648,10.);
#3256=VECTOR('',#12651,10.);
#3257=VECTOR('',#12654,10.);
#3258=VECTOR('',#12657,10.);
#3259=VECTOR('',#12660,10.);
#3260=VECTOR('',#12663,10.);
#3261=VECTOR('',#12666,10.);
#3262=VECTOR('',#12669,10.);
#3263=VECTOR('',#12672,10.);
#3264=VECTOR('',#12675,10.);
#3265=VECTOR('',#12678,10.);
#3266=VECTOR('',#12679,10.);
#3267=VECTOR('',#12680,10.);
#3268=VECTOR('',#12681,10.);
#3269=VECTOR('',#12684,10.);
#3270=VECTOR('',#12685,10.);
#3271=VECTOR('',#12686,10.);
#3272=VECTOR('',#12687,10.);
#3273=VECTOR('',#12702,10.);
#3274=VECTOR('',#12703,10.);
#3275=VECTOR('',#12704,10.);
#3276=VECTOR('',#12705,10.);
#3277=VECTOR('',#12706,10.);
#3278=VECTOR('',#12707,10.);
#3279=VECTOR('',#12708,10.);
#3280=VECTOR('',#12709,10.);
#3281=VECTOR('',#12710,10.);
#3282=VECTOR('',#12711,10.);
#3283=VECTOR('',#12712,10.);
#3284=VECTOR('',#12713,10.);
#3285=VECTOR('',#12714,10.);
#3286=VECTOR('',#12715,10.);
#3287=VECTOR('',#12716,10.);
#3288=VECTOR('',#12717,10.);
#3289=VECTOR('',#12718,10.);
#3290=VECTOR('',#12721,10.);
#3291=VECTOR('',#12724,10.);
#3292=VECTOR('',#12725,10.);
#3293=VECTOR('',#12726,10.);
#3294=VECTOR('',#12727,10.);
#3295=VECTOR('',#12728,10.);
#3296=VECTOR('',#12729,10.);
#3297=VECTOR('',#12730,10.);
#3298=VECTOR('',#12731,10.);
#3299=VECTOR('',#12732,10.);
#3300=VECTOR('',#12733,10.);
#3301=VECTOR('',#12734,10.);
#3302=VECTOR('',#12735,10.);
#3303=VECTOR('',#12738,10.);
#3304=VECTOR('',#12739,10.);
#3305=VECTOR('',#12740,10.);
#3306=VECTOR('',#12743,10.);
#3307=VECTOR('',#12744,10.);
#3308=VECTOR('',#12747,10.);
#3309=VECTOR('',#12748,10.);
#3310=VECTOR('',#12751,10.);
#3311=VECTOR('',#12752,10.);
#3312=VECTOR('',#12755,10.);
#3313=VECTOR('',#12756,10.);
#3314=VECTOR('',#12759,10.);
#3315=VECTOR('',#12760,10.);
#3316=VECTOR('',#12763,10.);
#3317=VECTOR('',#12764,10.);
#3318=VECTOR('',#12767,10.);
#3319=VECTOR('',#12768,10.);
#3320=VECTOR('',#12771,10.);
#3321=VECTOR('',#12772,10.);
#3322=VECTOR('',#12775,10.);
#3323=VECTOR('',#12776,10.);
#3324=VECTOR('',#12779,10.);
#3325=VECTOR('',#12780,10.);
#3326=VECTOR('',#12783,10.);
#3327=VECTOR('',#12784,10.);
#3328=VECTOR('',#12787,10.);
#3329=VECTOR('',#12788,10.);
#3330=VECTOR('',#12791,10.);
#3331=VECTOR('',#12792,10.);
#3332=VECTOR('',#12795,10.);
#3333=VECTOR('',#12796,10.);
#3334=VECTOR('',#12799,10.);
#3335=VECTOR('',#12800,10.);
#3336=VECTOR('',#12803,10.);
#3337=VECTOR('',#12804,10.);
#3338=VECTOR('',#12805,10.);
#3339=VECTOR('',#12806,10.);
#3340=VECTOR('',#12807,10.);
#3341=VECTOR('',#12808,10.);
#3342=VECTOR('',#12809,10.);
#3343=VECTOR('',#12810,10.);
#3344=VECTOR('',#12811,10.);
#3345=VECTOR('',#12812,10.);
#3346=VECTOR('',#12813,10.);
#3347=VECTOR('',#12814,10.);
#3348=VECTOR('',#12815,10.);
#3349=VECTOR('',#12818,10.);
#3350=VECTOR('',#12823,10.);
#3351=VECTOR('',#12826,10.);
#3352=VECTOR('',#12829,10.);
#3353=VECTOR('',#12832,10.);
#3354=VECTOR('',#12835,10.);
#3355=VECTOR('',#12838,10.);
#3356=VECTOR('',#12841,10.);
#3357=VECTOR('',#12844,10.);
#3358=VECTOR('',#12847,10.);
#3359=VECTOR('',#12850,10.);
#3360=VECTOR('',#12853,10.);
#3361=VECTOR('',#12856,10.);
#3362=VECTOR('',#12859,10.);
#3363=VECTOR('',#12862,10.);
#3364=VECTOR('',#12865,10.);
#3365=VECTOR('',#12870,10.);
#3366=VECTOR('',#12873,10.);
#3367=VECTOR('',#12876,10.);
#3368=VECTOR('',#12877,10.);
#3369=VECTOR('',#12878,10.);
#3370=VECTOR('',#12879,10.);
#3371=VECTOR('',#12880,10.);
#3372=VECTOR('',#12881,10.);
#3373=VECTOR('',#12882,10.);
#3374=VECTOR('',#12883,10.);
#3375=VECTOR('',#12884,10.);
#3376=VECTOR('',#12885,10.);
#3377=VECTOR('',#12886,10.);
#3378=VECTOR('',#12887,10.);
#3379=VECTOR('',#12888,10.);
#3380=VECTOR('',#12889,10.);
#3381=VECTOR('',#12890,10.);
#3382=VECTOR('',#12891,10.);
#3383=VECTOR('',#12892,10.);
#3384=VECTOR('',#12893,10.);
#3385=VECTOR('',#12894,10.);
#3386=VECTOR('',#12897,10.);
#3387=VECTOR('',#12900,10.);
#3388=VECTOR('',#12901,10.);
#3389=VECTOR('',#12902,10.);
#3390=VECTOR('',#12903,10.);
#3391=VECTOR('',#12904,10.);
#3392=VECTOR('',#12905,10.);
#3393=VECTOR('',#12906,10.);
#3394=VECTOR('',#12907,10.);
#3395=VECTOR('',#12908,10.);
#3396=VECTOR('',#12909,10.);
#3397=VECTOR('',#12910,10.);
#3398=VECTOR('',#12911,10.);
#3399=VECTOR('',#12912,10.);
#3400=VECTOR('',#12913,10.);
#3401=VECTOR('',#12914,10.);
#3402=VECTOR('',#12915,10.);
#3403=VECTOR('',#12916,10.);
#3404=VECTOR('',#12917,10.);
#3405=VECTOR('',#12922,10.);
#3406=VECTOR('',#12923,10.);
#3407=VECTOR('',#12924,10.);
#3408=VECTOR('',#12927,10.);
#3409=VECTOR('',#12928,10.);
#3410=VECTOR('',#12931,10.);
#3411=VECTOR('',#12932,10.);
#3412=VECTOR('',#12935,10.);
#3413=VECTOR('',#12936,10.);
#3414=VECTOR('',#12939,10.);
#3415=VECTOR('',#12940,10.);
#3416=VECTOR('',#12943,10.);
#3417=VECTOR('',#12944,10.);
#3418=VECTOR('',#12947,10.);
#3419=VECTOR('',#12948,10.);
#3420=VECTOR('',#12951,10.);
#3421=VECTOR('',#12952,10.);
#3422=VECTOR('',#12955,10.);
#3423=VECTOR('',#12956,10.);
#3424=VECTOR('',#12959,10.);
#3425=VECTOR('',#12960,10.);
#3426=VECTOR('',#12963,10.);
#3427=VECTOR('',#12964,10.);
#3428=VECTOR('',#12967,10.);
#3429=VECTOR('',#12968,10.);
#3430=VECTOR('',#12971,10.);
#3431=VECTOR('',#12972,10.);
#3432=VECTOR('',#12975,10.);
#3433=VECTOR('',#12976,10.);
#3434=VECTOR('',#12979,10.);
#3435=VECTOR('',#12980,10.);
#3436=VECTOR('',#12983,10.);
#3437=VECTOR('',#12984,10.);
#3438=VECTOR('',#12987,10.);
#3439=VECTOR('',#12988,10.);
#3440=VECTOR('',#12991,10.);
#3441=VECTOR('',#12992,10.);
#3442=VECTOR('',#12995,10.);
#3443=VECTOR('',#12996,10.);
#3444=VECTOR('',#12999,10.);
#3445=VECTOR('',#13004,10.);
#3446=VECTOR('',#13005,10.);
#3447=VECTOR('',#13008,10.);
#3448=VECTOR('',#13013,10.);
#3449=VECTOR('',#13016,10.);
#3450=VECTOR('',#13017,10.);
#3451=VECTOR('',#13018,10.);
#3452=VECTOR('',#13019,10.);
#3453=VECTOR('',#13020,10.);
#3454=VECTOR('',#13021,10.);
#3455=VECTOR('',#13022,10.);
#3456=VECTOR('',#13023,10.);
#3457=VECTOR('',#13024,10.);
#3458=VECTOR('',#13025,10.);
#3459=VECTOR('',#13026,10.);
#3460=VECTOR('',#13027,10.);
#3461=VECTOR('',#13028,10.);
#3462=VECTOR('',#13029,10.);
#3463=VECTOR('',#13030,10.);
#3464=VECTOR('',#13031,10.);
#3465=VECTOR('',#13032,10.);
#3466=VECTOR('',#13033,10.);
#3467=VECTOR('',#13036,10.);
#3468=VECTOR('',#13041,10.);
#3469=VECTOR('',#13042,10.);
#3470=VECTOR('',#13045,10.);
#3471=VECTOR('',#13048,10.);
#3472=VECTOR('',#13051,10.);
#3473=VECTOR('',#13054,10.);
#3474=VECTOR('',#13057,10.);
#3475=VECTOR('',#13060,10.);
#3476=VECTOR('',#13063,10.);
#3477=VECTOR('',#13066,10.);
#3478=VECTOR('',#13069,10.);
#3479=VECTOR('',#13072,10.);
#3480=VECTOR('',#13075,10.);
#3481=VECTOR('',#13078,10.);
#3482=VECTOR('',#13081,10.);
#3483=VECTOR('',#13084,10.);
#3484=VECTOR('',#13087,10.);
#3485=VECTOR('',#13090,10.);
#3486=VECTOR('',#13093,10.);
#3487=VECTOR('',#13096,10.);
#3488=VECTOR('',#13099,10.);
#3489=VECTOR('',#13102,10.);
#3490=VECTOR('',#13109,10.);
#3491=VECTOR('',#13110,10.);
#3492=VECTOR('',#13111,10.);
#3493=VECTOR('',#13112,10.);
#3494=VECTOR('',#13115,10.);
#3495=VECTOR('',#13116,10.);
#3496=VECTOR('',#13117,10.);
#3497=VECTOR('',#13120,10.);
#3498=VECTOR('',#13121,10.);
#3499=VECTOR('',#13122,10.);
#3500=VECTOR('',#13125,10.);
#3501=VECTOR('',#13126,10.);
#3502=VECTOR('',#13127,10.);
#3503=VECTOR('',#13130,10.);
#3504=VECTOR('',#13131,10.);
#3505=VECTOR('',#13132,10.);
#3506=VECTOR('',#13135,10.);
#3507=VECTOR('',#13136,10.);
#3508=VECTOR('',#13137,10.);
#3509=VECTOR('',#13140,10.);
#3510=VECTOR('',#13141,10.);
#3511=VECTOR('',#13142,10.);
#3512=VECTOR('',#13145,10.);
#3513=VECTOR('',#13146,10.);
#3514=VECTOR('',#13147,10.);
#3515=VECTOR('',#13150,10.);
#3516=VECTOR('',#13151,10.);
#3517=VECTOR('',#13152,10.);
#3518=VECTOR('',#13155,10.);
#3519=VECTOR('',#13156,10.);
#3520=VECTOR('',#13157,10.);
#3521=VECTOR('',#13160,10.);
#3522=VECTOR('',#13161,10.);
#3523=VECTOR('',#13162,10.);
#3524=VECTOR('',#13165,10.);
#3525=VECTOR('',#13166,10.);
#3526=VECTOR('',#13167,10.);
#3527=VECTOR('',#13170,10.);
#3528=VECTOR('',#13171,10.);
#3529=VECTOR('',#13172,10.);
#3530=VECTOR('',#13175,10.);
#3531=VECTOR('',#13176,10.);
#3532=VECTOR('',#13177,10.);
#3533=VECTOR('',#13180,10.);
#3534=VECTOR('',#13181,10.);
#3535=VECTOR('',#13182,10.);
#3536=VECTOR('',#13185,10.);
#3537=VECTOR('',#13186,10.);
#3538=VECTOR('',#13187,10.);
#3539=VECTOR('',#13190,10.);
#3540=VECTOR('',#13191,10.);
#3541=VECTOR('',#13192,10.);
#3542=VECTOR('',#13195,10.);
#3543=VECTOR('',#13196,10.);
#3544=VECTOR('',#13197,10.);
#3545=VECTOR('',#13200,10.);
#3546=VECTOR('',#13201,10.);
#3547=VECTOR('',#13202,10.);
#3548=VECTOR('',#13205,10.);
#3549=VECTOR('',#13206,10.);
#3550=VECTOR('',#13207,10.);
#3551=VECTOR('',#13210,10.);
#3552=VECTOR('',#13211,10.);
#3553=VECTOR('',#13212,10.);
#3554=VECTOR('',#13215,10.);
#3555=VECTOR('',#13216,10.);
#3556=VECTOR('',#13217,10.);
#3557=VECTOR('',#13220,10.);
#3558=VECTOR('',#13221,10.);
#3559=VECTOR('',#13222,10.);
#3560=VECTOR('',#13225,10.);
#3561=VECTOR('',#13226,10.);
#3562=VECTOR('',#13227,10.);
#3563=VECTOR('',#13230,10.);
#3564=VECTOR('',#13231,10.);
#3565=VECTOR('',#13232,10.);
#3566=VECTOR('',#13235,10.);
#3567=VECTOR('',#13236,10.);
#3568=VECTOR('',#13237,10.);
#3569=VECTOR('',#13240,10.);
#3570=VECTOR('',#13241,10.);
#3571=VECTOR('',#13242,10.);
#3572=VECTOR('',#13245,10.);
#3573=VECTOR('',#13246,10.);
#3574=VECTOR('',#13247,10.);
#3575=VECTOR('',#13250,10.);
#3576=VECTOR('',#13251,10.);
#3577=VECTOR('',#13252,10.);
#3578=VECTOR('',#13255,10.);
#3579=VECTOR('',#13256,10.);
#3580=VECTOR('',#13257,10.);
#3581=VECTOR('',#13260,10.);
#3582=VECTOR('',#13261,10.);
#3583=VECTOR('',#13262,10.);
#3584=VECTOR('',#13265,10.);
#3585=VECTOR('',#13266,10.);
#3586=VECTOR('',#13267,10.);
#3587=VECTOR('',#13270,10.);
#3588=VECTOR('',#13271,10.);
#3589=VECTOR('',#13272,10.);
#3590=VECTOR('',#13275,10.);
#3591=VECTOR('',#13276,10.);
#3592=VECTOR('',#13277,10.);
#3593=VECTOR('',#13280,10.);
#3594=VECTOR('',#13281,10.);
#3595=VECTOR('',#13282,10.);
#3596=VECTOR('',#13285,10.);
#3597=VECTOR('',#13286,10.);
#3598=VECTOR('',#13287,10.);
#3599=VECTOR('',#13290,10.);
#3600=VECTOR('',#13291,10.);
#3601=VECTOR('',#13292,10.);
#3602=VECTOR('',#13295,10.);
#3603=VECTOR('',#13296,10.);
#3604=VECTOR('',#13297,10.);
#3605=VECTOR('',#13300,10.);
#3606=VECTOR('',#13301,10.);
#3607=VECTOR('',#13302,10.);
#3608=VECTOR('',#13305,10.);
#3609=VECTOR('',#13306,10.);
#3610=VECTOR('',#13307,10.);
#3611=VECTOR('',#13310,10.);
#3612=VECTOR('',#13311,10.);
#3613=VECTOR('',#13312,10.);
#3614=VECTOR('',#13315,10.);
#3615=VECTOR('',#13316,10.);
#3616=VECTOR('',#13317,10.);
#3617=VECTOR('',#13320,10.);
#3618=VECTOR('',#13321,10.);
#3619=VECTOR('',#13322,10.);
#3620=VECTOR('',#13325,10.);
#3621=VECTOR('',#13326,10.);
#3622=VECTOR('',#13327,10.);
#3623=VECTOR('',#13330,10.);
#3624=VECTOR('',#13331,10.);
#3625=VECTOR('',#13332,10.);
#3626=VECTOR('',#13335,10.);
#3627=VECTOR('',#13336,10.);
#3628=VECTOR('',#13337,10.);
#3629=VECTOR('',#13340,10.);
#3630=VECTOR('',#13341,10.);
#3631=VECTOR('',#13342,10.);
#3632=VECTOR('',#13345,10.);
#3633=VECTOR('',#13346,10.);
#3634=VECTOR('',#13347,10.);
#3635=VECTOR('',#13350,10.);
#3636=VECTOR('',#13351,10.);
#3637=VECTOR('',#13352,10.);
#3638=VECTOR('',#13355,10.);
#3639=VECTOR('',#13356,10.);
#3640=VECTOR('',#13357,10.);
#3641=VECTOR('',#13360,10.);
#3642=VECTOR('',#13361,10.);
#3643=VECTOR('',#13362,10.);
#3644=VECTOR('',#13365,10.);
#3645=VECTOR('',#13366,10.);
#3646=VECTOR('',#13367,10.);
#3647=VECTOR('',#13370,10.);
#3648=VECTOR('',#13371,10.);
#3649=VECTOR('',#13372,10.);
#3650=VECTOR('',#13375,10.);
#3651=VECTOR('',#13376,10.);
#3652=VECTOR('',#13377,10.);
#3653=VECTOR('',#13380,10.);
#3654=VECTOR('',#13381,10.);
#3655=VECTOR('',#13382,10.);
#3656=VECTOR('',#13385,10.);
#3657=VECTOR('',#13386,10.);
#3658=VECTOR('',#13387,10.);
#3659=VECTOR('',#13388,10.);
#3660=VECTOR('',#13389,10.);
#3661=VECTOR('',#13392,10.);
#3662=VECTOR('',#13393,10.);
#3663=VECTOR('',#13394,10.);
#3664=VECTOR('',#13397,10.);
#3665=VECTOR('',#13398,10.);
#3666=VECTOR('',#13399,10.);
#3667=VECTOR('',#13402,10.);
#3668=VECTOR('',#13403,10.);
#3669=VECTOR('',#13404,10.);
#3670=VECTOR('',#13407,10.);
#3671=VECTOR('',#13408,10.);
#3672=VECTOR('',#13409,10.);
#3673=VECTOR('',#13412,10.);
#3674=VECTOR('',#13413,10.);
#3675=VECTOR('',#13414,10.);
#3676=VECTOR('',#13417,10.);
#3677=VECTOR('',#13418,10.);
#3678=VECTOR('',#13419,10.);
#3679=VECTOR('',#13422,10.);
#3680=VECTOR('',#13423,10.);
#3681=VECTOR('',#13424,10.);
#3682=VECTOR('',#13427,10.);
#3683=VECTOR('',#13428,10.);
#3684=VECTOR('',#13429,10.);
#3685=VECTOR('',#13432,10.);
#3686=VECTOR('',#13433,10.);
#3687=VECTOR('',#13434,10.);
#3688=VECTOR('',#13437,10.);
#3689=VECTOR('',#13438,10.);
#3690=VECTOR('',#13439,10.);
#3691=VECTOR('',#13442,10.);
#3692=VECTOR('',#13443,10.);
#3693=VECTOR('',#13444,10.);
#3694=VECTOR('',#13447,10.);
#3695=VECTOR('',#13448,10.);
#3696=VECTOR('',#13449,10.);
#3697=VECTOR('',#13452,10.);
#3698=VECTOR('',#13453,10.);
#3699=VECTOR('',#13454,10.);
#3700=VECTOR('',#13457,10.);
#3701=VECTOR('',#13458,10.);
#3702=VECTOR('',#13459,10.);
#3703=VECTOR('',#13462,10.);
#3704=VECTOR('',#13463,10.);
#3705=VECTOR('',#13464,10.);
#3706=VECTOR('',#13467,10.);
#3707=VECTOR('',#13468,10.);
#3708=VECTOR('',#13469,10.);
#3709=VECTOR('',#13472,10.);
#3710=VECTOR('',#13473,10.);
#3711=VECTOR('',#13474,10.);
#3712=VECTOR('',#13477,10.);
#3713=VECTOR('',#13478,10.);
#3714=VECTOR('',#13479,10.);
#3715=VECTOR('',#13482,10.);
#3716=VECTOR('',#13483,10.);
#3717=VECTOR('',#13484,10.);
#3718=VECTOR('',#13487,10.);
#3719=VECTOR('',#13488,10.);
#3720=VECTOR('',#13489,10.);
#3721=VECTOR('',#13492,10.);
#3722=VECTOR('',#13493,10.);
#3723=VECTOR('',#13494,10.);
#3724=VECTOR('',#13497,10.);
#3725=VECTOR('',#13498,10.);
#3726=VECTOR('',#13499,10.);
#3727=VECTOR('',#13502,10.);
#3728=VECTOR('',#13503,10.);
#3729=VECTOR('',#13504,10.);
#3730=VECTOR('',#13507,10.);
#3731=VECTOR('',#13508,10.);
#3732=VECTOR('',#13509,10.);
#3733=VECTOR('',#13512,10.);
#3734=VECTOR('',#13513,10.);
#3735=VECTOR('',#13514,10.);
#3736=VECTOR('',#13517,10.);
#3737=VECTOR('',#13518,10.);
#3738=VECTOR('',#13519,10.);
#3739=VECTOR('',#13522,10.);
#3740=VECTOR('',#13523,10.);
#3741=VECTOR('',#13524,10.);
#3742=VECTOR('',#13527,10.);
#3743=VECTOR('',#13528,10.);
#3744=VECTOR('',#13529,10.);
#3745=VECTOR('',#13532,10.);
#3746=VECTOR('',#13533,10.);
#3747=VECTOR('',#13534,10.);
#3748=VECTOR('',#13537,10.);
#3749=VECTOR('',#13538,10.);
#3750=VECTOR('',#13539,10.);
#3751=VECTOR('',#13542,10.);
#3752=VECTOR('',#13543,10.);
#3753=VECTOR('',#13544,10.);
#3754=VECTOR('',#13547,10.);
#3755=VECTOR('',#13548,10.);
#3756=VECTOR('',#13549,10.);
#3757=VECTOR('',#13552,10.);
#3758=VECTOR('',#13553,10.);
#3759=VECTOR('',#13554,10.);
#3760=VECTOR('',#13557,10.);
#3761=VECTOR('',#13558,10.);
#3762=VECTOR('',#13559,10.);
#3763=VECTOR('',#13562,10.);
#3764=VECTOR('',#13563,10.);
#3765=VECTOR('',#13564,10.);
#3766=VECTOR('',#13567,10.);
#3767=VECTOR('',#13568,10.);
#3768=VECTOR('',#13569,10.);
#3769=VECTOR('',#13572,10.);
#3770=VECTOR('',#13573,10.);
#3771=VECTOR('',#13574,10.);
#3772=VECTOR('',#13577,10.);
#3773=VECTOR('',#13578,10.);
#3774=VECTOR('',#13579,10.);
#3775=VECTOR('',#13582,10.);
#3776=VECTOR('',#13583,10.);
#3777=VECTOR('',#13584,10.);
#3778=VECTOR('',#13587,10.);
#3779=VECTOR('',#13588,10.);
#3780=VECTOR('',#13589,10.);
#3781=VECTOR('',#13592,10.);
#3782=VECTOR('',#13593,10.);
#3783=VECTOR('',#13594,10.);
#3784=VECTOR('',#13597,10.);
#3785=VECTOR('',#13598,10.);
#3786=VECTOR('',#13599,10.);
#3787=VECTOR('',#13602,10.);
#3788=VECTOR('',#13603,10.);
#3789=VECTOR('',#13604,10.);
#3790=VECTOR('',#13607,10.);
#3791=VECTOR('',#13608,10.);
#3792=VECTOR('',#13609,10.);
#3793=VECTOR('',#13612,10.);
#3794=VECTOR('',#13613,10.);
#3795=VECTOR('',#13614,10.);
#3796=VECTOR('',#13617,10.);
#3797=VECTOR('',#13618,10.);
#3798=VECTOR('',#13619,10.);
#3799=VECTOR('',#13622,10.);
#3800=VECTOR('',#13623,10.);
#3801=VECTOR('',#13624,10.);
#3802=VECTOR('',#13627,10.);
#3803=VECTOR('',#13628,10.);
#3804=VECTOR('',#13629,10.);
#3805=VECTOR('',#13632,10.);
#3806=VECTOR('',#13633,10.);
#3807=VECTOR('',#13634,10.);
#3808=VECTOR('',#13637,10.);
#3809=VECTOR('',#13638,10.);
#3810=VECTOR('',#13639,10.);
#3811=VECTOR('',#13644,10.);
#3812=VECTOR('',#13649,10.);
#3813=VECTOR('',#13650,10.);
#3814=VECTOR('',#13651,10.);
#3815=VECTOR('',#13654,10.);
#3816=VECTOR('',#13655,10.);
#3817=VECTOR('',#13656,10.);
#3818=VECTOR('',#13659,10.);
#3819=VECTOR('',#13660,10.);
#3820=VECTOR('',#13661,10.);
#3821=VECTOR('',#13664,10.);
#3822=VECTOR('',#13665,10.);
#3823=VECTOR('',#13666,10.);
#3824=VECTOR('',#13669,10.);
#3825=VECTOR('',#13670,10.);
#3826=VECTOR('',#13671,10.);
#3827=VECTOR('',#13674,10.);
#3828=VECTOR('',#13675,10.);
#3829=VECTOR('',#13682,10.);
#3830=VECTOR('',#13683,10.);
#3831=VECTOR('',#13684,10.);
#3832=VECTOR('',#13687,10.);
#3833=VECTOR('',#13690,10.);
#3834=VECTOR('',#13691,10.);
#3835=VECTOR('',#13692,10.);
#3836=VECTOR('',#13693,10.);
#3837=VECTOR('',#13694,10.);
#3838=VECTOR('',#13695,10.);
#3839=VECTOR('',#13696,10.);
#3840=VECTOR('',#13697,10.);
#3841=VECTOR('',#13698,10.);
#3842=VECTOR('',#13699,10.);
#3843=VECTOR('',#13700,10.);
#3844=VECTOR('',#13701,10.);
#3845=VECTOR('',#13702,10.);
#3846=VECTOR('',#13703,10.);
#3847=VECTOR('',#13704,10.);
#3848=VECTOR('',#13705,10.);
#3849=VECTOR('',#13706,10.);
#3850=VECTOR('',#13707,10.);
#3851=VECTOR('',#13708,10.);
#3852=VECTOR('',#13709,10.);
#3853=VECTOR('',#13710,10.);
#3854=VECTOR('',#13711,10.);
#3855=VECTOR('',#13712,10.);
#3856=VECTOR('',#13713,10.);
#3857=VECTOR('',#13714,10.);
#3858=VECTOR('',#13715,10.);
#3859=VECTOR('',#13716,10.);
#3860=VECTOR('',#13717,10.);
#3861=VECTOR('',#13718,10.);
#3862=VECTOR('',#13719,10.);
#3863=VECTOR('',#13720,10.);
#3864=VECTOR('',#13721,10.);
#3865=VECTOR('',#13722,10.);
#3866=VECTOR('',#13723,10.);
#3867=VECTOR('',#13726,10.);
#3868=VECTOR('',#13727,10.);
#3869=VECTOR('',#13728,10.);
#3870=VECTOR('',#13731,10.);
#3871=VECTOR('',#13732,10.);
#3872=VECTOR('',#13733,10.);
#3873=VECTOR('',#13736,10.);
#3874=VECTOR('',#13737,10.);
#3875=VECTOR('',#13740,10.);
#3876=VECTOR('',#13741,10.);
#3877=VECTOR('',#13744,10.);
#3878=VECTOR('',#13745,10.);
#3879=VECTOR('',#13748,10.);
#3880=VECTOR('',#13749,10.);
#3881=VECTOR('',#13752,10.);
#3882=VECTOR('',#13753,10.);
#3883=VECTOR('',#13756,10.);
#3884=VECTOR('',#13757,10.);
#3885=VECTOR('',#13760,10.);
#3886=VECTOR('',#13761,10.);
#3887=VECTOR('',#13764,10.);
#3888=VECTOR('',#13765,10.);
#3889=VECTOR('',#13768,10.);
#3890=VECTOR('',#13769,10.);
#3891=VECTOR('',#13772,10.);
#3892=VECTOR('',#13773,10.);
#3893=VECTOR('',#13776,10.);
#3894=VECTOR('',#13777,10.);
#3895=VECTOR('',#13780,10.);
#3896=VECTOR('',#13781,10.);
#3897=VECTOR('',#13784,10.);
#3898=VECTOR('',#13785,10.);
#3899=VECTOR('',#13788,10.);
#3900=VECTOR('',#13789,10.);
#3901=VECTOR('',#13792,10.);
#3902=VECTOR('',#13793,10.);
#3903=VECTOR('',#13796,10.);
#3904=VECTOR('',#13797,10.);
#3905=VECTOR('',#13800,10.);
#3906=VECTOR('',#13801,10.);
#3907=VECTOR('',#13804,10.);
#3908=VECTOR('',#13805,10.);
#3909=VECTOR('',#13808,10.);
#3910=VECTOR('',#13809,10.);
#3911=VECTOR('',#13810,10.);
#3912=VECTOR('',#13811,10.);
#3913=VECTOR('',#13812,10.);
#3914=VECTOR('',#13813,10.);
#3915=VECTOR('',#13814,10.);
#3916=VECTOR('',#13815,10.);
#3917=VECTOR('',#13816,10.);
#3918=VECTOR('',#13817,10.);
#3919=VECTOR('',#13818,10.);
#3920=VECTOR('',#13819,10.);
#3921=VECTOR('',#13820,10.);
#3922=VECTOR('',#13821,10.);
#3923=VECTOR('',#13822,10.);
#3924=VECTOR('',#13825,10.);
#3925=VECTOR('',#13828,10.);
#3926=VECTOR('',#13829,10.);
#3927=VECTOR('',#13832,10.);
#3928=VECTOR('',#13835,10.);
#3929=VECTOR('',#13836,10.);
#3930=VECTOR('',#13837,10.);
#3931=VECTOR('',#13840,10.);
#3932=VECTOR('',#13841,10.);
#3933=VECTOR('',#13842,10.);
#3934=VECTOR('',#13845,10.);
#3935=VECTOR('',#13848,10.);
#3936=VECTOR('',#13851,10.);
#3937=VECTOR('',#13854,10.);
#3938=VECTOR('',#13857,10.);
#3939=VECTOR('',#13860,10.);
#3940=VECTOR('',#13863,10.);
#3941=VECTOR('',#13866,10.);
#3942=VECTOR('',#13869,10.);
#3943=VECTOR('',#13870,10.);
#3944=VECTOR('',#13871,10.);
#3945=VECTOR('',#13874,10.);
#3946=VECTOR('',#13877,10.);
#3947=VECTOR('',#13880,10.);
#3948=VECTOR('',#13883,10.);
#3949=VECTOR('',#13886,10.);
#3950=VECTOR('',#13889,10.);
#3951=VECTOR('',#13892,10.);
#3952=VECTOR('',#13895,10.);
#3953=VECTOR('',#13898,10.);
#3954=VECTOR('',#13901,10.);
#3955=VECTOR('',#13906,10.);
#3956=VECTOR('',#13913,10.);
#3957=VECTOR('',#13914,10.);
#3958=VECTOR('',#13917,10.);
#3959=VECTOR('',#13918,10.);
#3960=VECTOR('',#13919,10.);
#3961=VECTOR('',#13920,10.);
#3962=VECTOR('',#13921,10.);
#3963=VECTOR('',#13922,10.);
#3964=VECTOR('',#13923,10.);
#3965=VECTOR('',#13924,10.);
#3966=VECTOR('',#13925,10.);
#3967=VECTOR('',#13928,10.);
#3968=VECTOR('',#13931,10.);
#3969=VECTOR('',#13932,10.);
#3970=VECTOR('',#13933,10.);
#3971=VECTOR('',#13934,10.);
#3972=VECTOR('',#13935,10.);
#3973=VECTOR('',#13936,10.);
#3974=VECTOR('',#13937,10.);
#3975=VECTOR('',#13938,10.);
#3976=VECTOR('',#13939,10.);
#3977=VECTOR('',#13942,10.);
#3978=VECTOR('',#13945,10.);
#3979=VECTOR('',#13948,10.);
#3980=VECTOR('',#13949,10.);
#3981=VECTOR('',#13950,10.);
#3982=VECTOR('',#13953,10.);
#3983=VECTOR('',#13954,10.);
#3984=VECTOR('',#13957,10.);
#3985=VECTOR('',#13958,10.);
#3986=VECTOR('',#13961,10.);
#3987=VECTOR('',#13962,10.);
#3988=VECTOR('',#13965,10.);
#3989=VECTOR('',#13966,10.);
#3990=VECTOR('',#13969,10.);
#3991=VECTOR('',#13970,10.);
#3992=VECTOR('',#13973,10.);
#3993=VECTOR('',#13974,10.);
#3994=VECTOR('',#13977,10.);
#3995=VECTOR('',#13978,10.);
#3996=VECTOR('',#13981,10.);
#3997=VECTOR('',#13982,10.);
#3998=VECTOR('',#13985,10.);
#3999=VECTOR('',#13990,10.);
#4000=VECTOR('',#13991,10.);
#4001=VECTOR('',#13994,10.);
#4002=VECTOR('',#13995,10.);
#4003=VECTOR('',#14000,10.);
#4004=VECTOR('',#14001,10.);
#4005=VECTOR('',#14002,10.);
#4006=VECTOR('',#14003,10.);
#4007=VECTOR('',#14004,10.);
#4008=VECTOR('',#14005,10.);
#4009=VECTOR('',#14006,10.);
#4010=VECTOR('',#14007,10.);
#4011=VECTOR('',#14008,10.);
#4012=VECTOR('',#14011,10.);
#4013=VECTOR('',#14014,10.);
#4014=VECTOR('',#14017,10.);
#4015=VECTOR('',#14020,10.);
#4016=VECTOR('',#14023,10.);
#4017=VECTOR('',#14026,10.);
#4018=VECTOR('',#14029,10.);
#4019=VECTOR('',#14032,10.);
#4020=VECTOR('',#14035,10.);
#4021=VECTOR('',#14038,10.);
#4022=VECTOR('',#14041,10.);
#4023=VECTOR('',#14044,10.);
#4024=VECTOR('',#14047,10.);
#4025=VECTOR('',#14048,10.);
#4026=VECTOR('',#14049,10.);
#4027=VECTOR('',#14050,10.);
#4028=VECTOR('',#14053,10.);
#4029=VECTOR('',#14054,10.);
#4030=VECTOR('',#14055,10.);
#4031=VECTOR('',#14056,10.);
#4032=VECTOR('',#14071,10.);
#4033=VECTOR('',#14072,10.);
#4034=VECTOR('',#14073,10.);
#4035=VECTOR('',#14074,10.);
#4036=VECTOR('',#14075,10.);
#4037=VECTOR('',#14076,10.);
#4038=VECTOR('',#14077,10.);
#4039=VECTOR('',#14078,10.);
#4040=VECTOR('',#14079,10.);
#4041=VECTOR('',#14080,10.);
#4042=VECTOR('',#14081,10.);
#4043=VECTOR('',#14082,10.);
#4044=VECTOR('',#14083,10.);
#4045=VECTOR('',#14084,10.);
#4046=VECTOR('',#14085,10.);
#4047=VECTOR('',#14086,10.);
#4048=VECTOR('',#14087,10.);
#4049=VECTOR('',#14090,10.);
#4050=VECTOR('',#14093,10.);
#4051=VECTOR('',#14094,10.);
#4052=VECTOR('',#14095,10.);
#4053=VECTOR('',#14096,10.);
#4054=VECTOR('',#14097,10.);
#4055=VECTOR('',#14098,10.);
#4056=VECTOR('',#14099,10.);
#4057=VECTOR('',#14100,10.);
#4058=VECTOR('',#14101,10.);
#4059=VECTOR('',#14102,10.);
#4060=VECTOR('',#14103,10.);
#4061=VECTOR('',#14104,10.);
#4062=VECTOR('',#14107,10.);
#4063=VECTOR('',#14108,10.);
#4064=VECTOR('',#14109,10.);
#4065=VECTOR('',#14112,10.);
#4066=VECTOR('',#14113,10.);
#4067=VECTOR('',#14116,10.);
#4068=VECTOR('',#14117,10.);
#4069=VECTOR('',#14120,10.);
#4070=VECTOR('',#14121,10.);
#4071=VECTOR('',#14124,10.);
#4072=VECTOR('',#14125,10.);
#4073=VECTOR('',#14128,10.);
#4074=VECTOR('',#14129,10.);
#4075=VECTOR('',#14132,10.);
#4076=VECTOR('',#14133,10.);
#4077=VECTOR('',#14136,10.);
#4078=VECTOR('',#14137,10.);
#4079=VECTOR('',#14140,10.);
#4080=VECTOR('',#14141,10.);
#4081=VECTOR('',#14144,10.);
#4082=VECTOR('',#14145,10.);
#4083=VECTOR('',#14148,10.);
#4084=VECTOR('',#14149,10.);
#4085=VECTOR('',#14152,10.);
#4086=VECTOR('',#14153,10.);
#4087=VECTOR('',#14156,10.);
#4088=VECTOR('',#14157,10.);
#4089=VECTOR('',#14160,10.);
#4090=VECTOR('',#14161,10.);
#4091=VECTOR('',#14164,10.);
#4092=VECTOR('',#14165,10.);
#4093=VECTOR('',#14168,10.);
#4094=VECTOR('',#14169,10.);
#4095=VECTOR('',#14172,10.);
#4096=VECTOR('',#14173,10.);
#4097=VECTOR('',#14174,10.);
#4098=VECTOR('',#14175,10.);
#4099=VECTOR('',#14176,10.);
#4100=VECTOR('',#14177,10.);
#4101=VECTOR('',#14178,10.);
#4102=VECTOR('',#14179,10.);
#4103=VECTOR('',#14180,10.);
#4104=VECTOR('',#14181,10.);
#4105=VECTOR('',#14182,10.);
#4106=VECTOR('',#14183,10.);
#4107=VECTOR('',#14184,10.);
#4108=VECTOR('',#14187,10.);
#4109=VECTOR('',#14192,10.);
#4110=VECTOR('',#14195,10.);
#4111=VECTOR('',#14198,10.);
#4112=VECTOR('',#14201,10.);
#4113=VECTOR('',#14204,10.);
#4114=VECTOR('',#14207,10.);
#4115=VECTOR('',#14210,10.);
#4116=VECTOR('',#14213,10.);
#4117=VECTOR('',#14216,10.);
#4118=VECTOR('',#14219,10.);
#4119=VECTOR('',#14222,10.);
#4120=VECTOR('',#14225,10.);
#4121=VECTOR('',#14228,10.);
#4122=VECTOR('',#14231,10.);
#4123=VECTOR('',#14234,10.);
#4124=VECTOR('',#14239,10.);
#4125=VECTOR('',#14242,10.);
#4126=VECTOR('',#14245,10.);
#4127=VECTOR('',#14246,10.);
#4128=VECTOR('',#14247,10.);
#4129=VECTOR('',#14248,10.);
#4130=VECTOR('',#14249,10.);
#4131=VECTOR('',#14250,10.);
#4132=VECTOR('',#14251,10.);
#4133=VECTOR('',#14252,10.);
#4134=VECTOR('',#14253,10.);
#4135=VECTOR('',#14254,10.);
#4136=VECTOR('',#14255,10.);
#4137=VECTOR('',#14256,10.);
#4138=VECTOR('',#14257,10.);
#4139=VECTOR('',#14258,10.);
#4140=VECTOR('',#14259,10.);
#4141=VECTOR('',#14260,10.);
#4142=VECTOR('',#14261,10.);
#4143=VECTOR('',#14262,10.);
#4144=VECTOR('',#14263,10.);
#4145=VECTOR('',#14266,10.);
#4146=VECTOR('',#14269,10.);
#4147=VECTOR('',#14270,10.);
#4148=VECTOR('',#14271,10.);
#4149=VECTOR('',#14272,10.);
#4150=VECTOR('',#14273,10.);
#4151=VECTOR('',#14274,10.);
#4152=VECTOR('',#14275,10.);
#4153=VECTOR('',#14276,10.);
#4154=VECTOR('',#14277,10.);
#4155=VECTOR('',#14278,10.);
#4156=VECTOR('',#14279,10.);
#4157=VECTOR('',#14280,10.);
#4158=VECTOR('',#14281,10.);
#4159=VECTOR('',#14282,10.);
#4160=VECTOR('',#14283,10.);
#4161=VECTOR('',#14284,10.);
#4162=VECTOR('',#14285,10.);
#4163=VECTOR('',#14286,10.);
#4164=VECTOR('',#14291,10.);
#4165=VECTOR('',#14292,10.);
#4166=VECTOR('',#14293,10.);
#4167=VECTOR('',#14296,10.);
#4168=VECTOR('',#14297,10.);
#4169=VECTOR('',#14300,10.);
#4170=VECTOR('',#14301,10.);
#4171=VECTOR('',#14304,10.);
#4172=VECTOR('',#14305,10.);
#4173=VECTOR('',#14308,10.);
#4174=VECTOR('',#14309,10.);
#4175=VECTOR('',#14312,10.);
#4176=VECTOR('',#14313,10.);
#4177=VECTOR('',#14316,10.);
#4178=VECTOR('',#14317,10.);
#4179=VECTOR('',#14320,10.);
#4180=VECTOR('',#14321,10.);
#4181=VECTOR('',#14324,10.);
#4182=VECTOR('',#14325,10.);
#4183=VECTOR('',#14328,10.);
#4184=VECTOR('',#14329,10.);
#4185=VECTOR('',#14332,10.);
#4186=VECTOR('',#14333,10.);
#4187=VECTOR('',#14336,10.);
#4188=VECTOR('',#14337,10.);
#4189=VECTOR('',#14340,10.);
#4190=VECTOR('',#14341,10.);
#4191=VECTOR('',#14344,10.);
#4192=VECTOR('',#14345,10.);
#4193=VECTOR('',#14348,10.);
#4194=VECTOR('',#14349,10.);
#4195=VECTOR('',#14352,10.);
#4196=VECTOR('',#14353,10.);
#4197=VECTOR('',#14356,10.);
#4198=VECTOR('',#14357,10.);
#4199=VECTOR('',#14360,10.);
#4200=VECTOR('',#14361,10.);
#4201=VECTOR('',#14364,10.);
#4202=VECTOR('',#14365,10.);
#4203=VECTOR('',#14368,10.);
#4204=VECTOR('',#14373,10.);
#4205=VECTOR('',#14374,10.);
#4206=VECTOR('',#14377,10.);
#4207=VECTOR('',#14382,10.);
#4208=VECTOR('',#14385,10.);
#4209=VECTOR('',#14386,10.);
#4210=VECTOR('',#14387,10.);
#4211=VECTOR('',#14388,10.);
#4212=VECTOR('',#14389,10.);
#4213=VECTOR('',#14390,10.);
#4214=VECTOR('',#14391,10.);
#4215=VECTOR('',#14392,10.);
#4216=VECTOR('',#14393,10.);
#4217=VECTOR('',#14394,10.);
#4218=VECTOR('',#14395,10.);
#4219=VECTOR('',#14396,10.);
#4220=VECTOR('',#14397,10.);
#4221=VECTOR('',#14398,10.);
#4222=VECTOR('',#14399,10.);
#4223=VECTOR('',#14400,10.);
#4224=VECTOR('',#14401,10.);
#4225=VECTOR('',#14402,10.);
#4226=VECTOR('',#14405,10.);
#4227=VECTOR('',#14410,10.);
#4228=VECTOR('',#14411,10.);
#4229=VECTOR('',#14414,10.);
#4230=VECTOR('',#14417,10.);
#4231=VECTOR('',#14420,10.);
#4232=VECTOR('',#14423,10.);
#4233=VECTOR('',#14426,10.);
#4234=VECTOR('',#14429,10.);
#4235=VECTOR('',#14432,10.);
#4236=VECTOR('',#14435,10.);
#4237=VECTOR('',#14438,10.);
#4238=VECTOR('',#14441,10.);
#4239=VECTOR('',#14444,10.);
#4240=VECTOR('',#14447,10.);
#4241=VECTOR('',#14450,10.);
#4242=VECTOR('',#14453,10.);
#4243=VECTOR('',#14456,10.);
#4244=VECTOR('',#14459,10.);
#4245=VECTOR('',#14462,10.);
#4246=VECTOR('',#14465,10.);
#4247=VECTOR('',#14468,10.);
#4248=VECTOR('',#14471,10.);
#4249=VERTEX_POINT('',#14478);
#4250=VERTEX_POINT('',#14479);
#4251=VERTEX_POINT('',#14481);
#4252=VERTEX_POINT('',#14483);
#4253=VERTEX_POINT('',#14487);
#4254=VERTEX_POINT('',#14489);
#4255=VERTEX_POINT('',#14493);
#4256=VERTEX_POINT('',#14495);
#4257=VERTEX_POINT('',#14499);
#4258=VERTEX_POINT('',#14501);
#4259=VERTEX_POINT('',#14505);
#4260=VERTEX_POINT('',#14507);
#4261=VERTEX_POINT('',#14511);
#4262=VERTEX_POINT('',#14513);
#4263=VERTEX_POINT('',#14517);
#4264=VERTEX_POINT('',#14519);
#4265=VERTEX_POINT('',#14523);
#4266=VERTEX_POINT('',#14525);
#4267=VERTEX_POINT('',#14529);
#4268=VERTEX_POINT('',#14531);
#4269=VERTEX_POINT('',#14535);
#4270=VERTEX_POINT('',#14537);
#4271=VERTEX_POINT('',#14541);
#4272=VERTEX_POINT('',#14543);
#4273=VERTEX_POINT('',#14547);
#4274=VERTEX_POINT('',#14549);
#4275=VERTEX_POINT('',#14553);
#4276=VERTEX_POINT('',#14555);
#4277=VERTEX_POINT('',#14559);
#4278=VERTEX_POINT('',#14561);
#4279=VERTEX_POINT('',#14565);
#4280=VERTEX_POINT('',#14567);
#4281=VERTEX_POINT('',#14571);
#4282=VERTEX_POINT('',#14573);
#4283=VERTEX_POINT('',#14577);
#4284=VERTEX_POINT('',#14579);
#4285=VERTEX_POINT('',#14583);
#4286=VERTEX_POINT('',#14585);
#4287=VERTEX_POINT('',#14589);
#4288=VERTEX_POINT('',#14591);
#4289=VERTEX_POINT('',#14595);
#4290=VERTEX_POINT('',#14597);
#4291=VERTEX_POINT('',#14601);
#4292=VERTEX_POINT('',#14603);
#4293=VERTEX_POINT('',#14607);
#4294=VERTEX_POINT('',#14609);
#4295=VERTEX_POINT('',#14613);
#4296=VERTEX_POINT('',#14615);
#4297=VERTEX_POINT('',#14619);
#4298=VERTEX_POINT('',#14621);
#4299=VERTEX_POINT('',#14625);
#4300=VERTEX_POINT('',#14627);
#4301=VERTEX_POINT('',#14631);
#4302=VERTEX_POINT('',#14633);
#4303=VERTEX_POINT('',#14637);
#4304=VERTEX_POINT('',#14639);
#4305=VERTEX_POINT('',#14643);
#4306=VERTEX_POINT('',#14645);
#4307=VERTEX_POINT('',#14649);
#4308=VERTEX_POINT('',#14651);
#4309=VERTEX_POINT('',#14655);
#4310=VERTEX_POINT('',#14657);
#4311=VERTEX_POINT('',#14661);
#4312=VERTEX_POINT('',#14663);
#4313=VERTEX_POINT('',#14667);
#4314=VERTEX_POINT('',#14669);
#4315=VERTEX_POINT('',#14673);
#4316=VERTEX_POINT('',#14675);
#4317=VERTEX_POINT('',#14679);
#4318=VERTEX_POINT('',#14681);
#4319=VERTEX_POINT('',#14685);
#4320=VERTEX_POINT('',#14687);
#4321=VERTEX_POINT('',#14691);
#4322=VERTEX_POINT('',#14693);
#4323=VERTEX_POINT('',#14697);
#4324=VERTEX_POINT('',#14699);
#4325=VERTEX_POINT('',#14703);
#4326=VERTEX_POINT('',#14705);
#4327=VERTEX_POINT('',#14709);
#4328=VERTEX_POINT('',#14711);
#4329=VERTEX_POINT('',#14715);
#4330=VERTEX_POINT('',#14717);
#4331=VERTEX_POINT('',#14721);
#4332=VERTEX_POINT('',#14723);
#4333=VERTEX_POINT('',#14727);
#4334=VERTEX_POINT('',#14729);
#4335=VERTEX_POINT('',#14733);
#4336=VERTEX_POINT('',#14735);
#4337=VERTEX_POINT('',#14739);
#4338=VERTEX_POINT('',#14741);
#4339=VERTEX_POINT('',#14745);
#4340=VERTEX_POINT('',#14747);
#4341=VERTEX_POINT('',#14751);
#4342=VERTEX_POINT('',#14753);
#4343=VERTEX_POINT('',#14757);
#4344=VERTEX_POINT('',#14759);
#4345=VERTEX_POINT('',#14763);
#4346=VERTEX_POINT('',#14765);
#4347=VERTEX_POINT('',#14769);
#4348=VERTEX_POINT('',#14771);
#4349=VERTEX_POINT('',#14775);
#4350=VERTEX_POINT('',#14777);
#4351=VERTEX_POINT('',#14781);
#4352=VERTEX_POINT('',#14783);
#4353=VERTEX_POINT('',#14787);
#4354=VERTEX_POINT('',#14789);
#4355=VERTEX_POINT('',#14793);
#4356=VERTEX_POINT('',#14795);
#4357=VERTEX_POINT('',#14799);
#4358=VERTEX_POINT('',#14801);
#4359=VERTEX_POINT('',#14805);
#4360=VERTEX_POINT('',#14807);
#4361=VERTEX_POINT('',#14811);
#4362=VERTEX_POINT('',#14813);
#4363=VERTEX_POINT('',#14815);
#4364=VERTEX_POINT('',#14817);
#4365=VERTEX_POINT('',#14821);
#4366=VERTEX_POINT('',#14823);
#4367=VERTEX_POINT('',#14827);
#4368=VERTEX_POINT('',#14829);
#4369=VERTEX_POINT('',#14833);
#4370=VERTEX_POINT('',#14835);
#4371=VERTEX_POINT('',#14839);
#4372=VERTEX_POINT('',#14841);
#4373=VERTEX_POINT('',#14845);
#4374=VERTEX_POINT('',#14847);
#4375=VERTEX_POINT('',#14851);
#4376=VERTEX_POINT('',#14853);
#4377=VERTEX_POINT('',#14857);
#4378=VERTEX_POINT('',#14859);
#4379=VERTEX_POINT('',#14863);
#4380=VERTEX_POINT('',#14865);
#4381=VERTEX_POINT('',#14869);
#4382=VERTEX_POINT('',#14871);
#4383=VERTEX_POINT('',#14875);
#4384=VERTEX_POINT('',#14877);
#4385=VERTEX_POINT('',#14881);
#4386=VERTEX_POINT('',#14883);
#4387=VERTEX_POINT('',#14887);
#4388=VERTEX_POINT('',#14889);
#4389=VERTEX_POINT('',#14893);
#4390=VERTEX_POINT('',#14895);
#4391=VERTEX_POINT('',#14899);
#4392=VERTEX_POINT('',#14901);
#4393=VERTEX_POINT('',#14905);
#4394=VERTEX_POINT('',#14907);
#4395=VERTEX_POINT('',#14911);
#4396=VERTEX_POINT('',#14913);
#4397=VERTEX_POINT('',#14917);
#4398=VERTEX_POINT('',#14919);
#4399=VERTEX_POINT('',#14923);
#4400=VERTEX_POINT('',#14925);
#4401=VERTEX_POINT('',#14929);
#4402=VERTEX_POINT('',#14931);
#4403=VERTEX_POINT('',#14935);
#4404=VERTEX_POINT('',#14937);
#4405=VERTEX_POINT('',#14941);
#4406=VERTEX_POINT('',#14943);
#4407=VERTEX_POINT('',#14947);
#4408=VERTEX_POINT('',#14949);
#4409=VERTEX_POINT('',#14953);
#4410=VERTEX_POINT('',#14955);
#4411=VERTEX_POINT('',#14959);
#4412=VERTEX_POINT('',#14961);
#4413=VERTEX_POINT('',#14965);
#4414=VERTEX_POINT('',#14967);
#4415=VERTEX_POINT('',#14971);
#4416=VERTEX_POINT('',#14973);
#4417=VERTEX_POINT('',#14977);
#4418=VERTEX_POINT('',#14979);
#4419=VERTEX_POINT('',#14983);
#4420=VERTEX_POINT('',#14985);
#4421=VERTEX_POINT('',#14989);
#4422=VERTEX_POINT('',#14991);
#4423=VERTEX_POINT('',#14995);
#4424=VERTEX_POINT('',#14997);
#4425=VERTEX_POINT('',#15001);
#4426=VERTEX_POINT('',#15003);
#4427=VERTEX_POINT('',#15007);
#4428=VERTEX_POINT('',#15009);
#4429=VERTEX_POINT('',#15013);
#4430=VERTEX_POINT('',#15015);
#4431=VERTEX_POINT('',#15019);
#4432=VERTEX_POINT('',#15021);
#4433=VERTEX_POINT('',#15025);
#4434=VERTEX_POINT('',#15027);
#4435=VERTEX_POINT('',#15031);
#4436=VERTEX_POINT('',#15033);
#4437=VERTEX_POINT('',#15037);
#4438=VERTEX_POINT('',#15039);
#4439=VERTEX_POINT('',#15043);
#4440=VERTEX_POINT('',#15045);
#4441=VERTEX_POINT('',#15049);
#4442=VERTEX_POINT('',#15051);
#4443=VERTEX_POINT('',#15055);
#4444=VERTEX_POINT('',#15057);
#4445=VERTEX_POINT('',#15061);
#4446=VERTEX_POINT('',#15063);
#4447=VERTEX_POINT('',#15067);
#4448=VERTEX_POINT('',#15069);
#4449=VERTEX_POINT('',#15073);
#4450=VERTEX_POINT('',#15075);
#4451=VERTEX_POINT('',#15079);
#4452=VERTEX_POINT('',#15081);
#4453=VERTEX_POINT('',#15085);
#4454=VERTEX_POINT('',#15087);
#4455=VERTEX_POINT('',#15091);
#4456=VERTEX_POINT('',#15093);
#4457=VERTEX_POINT('',#15097);
#4458=VERTEX_POINT('',#15099);
#4459=VERTEX_POINT('',#15103);
#4460=VERTEX_POINT('',#15105);
#4461=VERTEX_POINT('',#15109);
#4462=VERTEX_POINT('',#15111);
#4463=VERTEX_POINT('',#15115);
#4464=VERTEX_POINT('',#15117);
#4465=VERTEX_POINT('',#15121);
#4466=VERTEX_POINT('',#15123);
#4467=VERTEX_POINT('',#15127);
#4468=VERTEX_POINT('',#15129);
#4469=VERTEX_POINT('',#15133);
#4470=VERTEX_POINT('',#15135);
#4471=VERTEX_POINT('',#15139);
#4472=VERTEX_POINT('',#15141);
#4473=VERTEX_POINT('',#15145);
#4474=VERTEX_POINT('',#15147);
#4475=VERTEX_POINT('',#15151);
#4476=VERTEX_POINT('',#15153);
#4477=VERTEX_POINT('',#15162);
#4478=VERTEX_POINT('',#15163);
#4479=VERTEX_POINT('',#15165);
#4480=VERTEX_POINT('',#15167);
#4481=VERTEX_POINT('',#15169);
#4482=VERTEX_POINT('',#15171);
#4483=VERTEX_POINT('',#15173);
#4484=VERTEX_POINT('',#15175);
#4485=VERTEX_POINT('',#15177);
#4486=VERTEX_POINT('',#15179);
#4487=VERTEX_POINT('',#15181);
#4488=VERTEX_POINT('',#15183);
#4489=VERTEX_POINT('',#15185);
#4490=VERTEX_POINT('',#15187);
#4491=VERTEX_POINT('',#15189);
#4492=VERTEX_POINT('',#15191);
#4493=VERTEX_POINT('',#15193);
#4494=VERTEX_POINT('',#15195);
#4495=VERTEX_POINT('',#15197);
#4496=VERTEX_POINT('',#15199);
#4497=VERTEX_POINT('',#15201);
#4498=VERTEX_POINT('',#15203);
#4499=VERTEX_POINT('',#15205);
#4500=VERTEX_POINT('',#15207);
#4501=VERTEX_POINT('',#15209);
#4502=VERTEX_POINT('',#15211);
#4503=VERTEX_POINT('',#15213);
#4504=VERTEX_POINT('',#15215);
#4505=VERTEX_POINT('',#15217);
#4506=VERTEX_POINT('',#15219);
#4507=VERTEX_POINT('',#15221);
#4508=VERTEX_POINT('',#15223);
#4509=VERTEX_POINT('',#15225);
#4510=VERTEX_POINT('',#15227);
#4511=VERTEX_POINT('',#15229);
#4512=VERTEX_POINT('',#15231);
#4513=VERTEX_POINT('',#15233);
#4514=VERTEX_POINT('',#15235);
#4515=VERTEX_POINT('',#15237);
#4516=VERTEX_POINT('',#15239);
#4517=VERTEX_POINT('',#15243);
#4518=VERTEX_POINT('',#15245);
#4519=VERTEX_POINT('',#15249);
#4520=VERTEX_POINT('',#15254);
#4521=VERTEX_POINT('',#15258);
#4522=VERTEX_POINT('',#15262);
#4523=VERTEX_POINT('',#15266);
#4524=VERTEX_POINT('',#15270);
#4525=VERTEX_POINT('',#15274);
#4526=VERTEX_POINT('',#15278);
#4527=VERTEX_POINT('',#15282);
#4528=VERTEX_POINT('',#15286);
#4529=VERTEX_POINT('',#15290);
#4530=VERTEX_POINT('',#15294);
#4531=VERTEX_POINT('',#15298);
#4532=VERTEX_POINT('',#15302);
#4533=VERTEX_POINT('',#15306);
#4534=VERTEX_POINT('',#15310);
#4535=VERTEX_POINT('',#15314);
#4536=VERTEX_POINT('',#15318);
#4537=VERTEX_POINT('',#15322);
#4538=VERTEX_POINT('',#15326);
#4539=VERTEX_POINT('',#15328);
#4540=VERTEX_POINT('',#15330);
#4541=VERTEX_POINT('',#15332);
#4542=VERTEX_POINT('',#15334);
#4543=VERTEX_POINT('',#15336);
#4544=VERTEX_POINT('',#15338);
#4545=VERTEX_POINT('',#15340);
#4546=VERTEX_POINT('',#15342);
#4547=VERTEX_POINT('',#15344);
#4548=VERTEX_POINT('',#15346);
#4549=VERTEX_POINT('',#15348);
#4550=VERTEX_POINT('',#15350);
#4551=VERTEX_POINT('',#15352);
#4552=VERTEX_POINT('',#15354);
#4553=VERTEX_POINT('',#15356);
#4554=VERTEX_POINT('',#15358);
#4555=VERTEX_POINT('',#15360);
#4556=VERTEX_POINT('',#15362);
#4557=VERTEX_POINT('',#15368);
#4558=VERTEX_POINT('',#15369);
#4559=VERTEX_POINT('',#15371);
#4560=VERTEX_POINT('',#15375);
#4561=VERTEX_POINT('',#15376);
#4562=VERTEX_POINT('',#15378);
#4563=VERTEX_POINT('',#15426);
#4564=VERTEX_POINT('',#15427);
#4565=VERTEX_POINT('',#15429);
#4566=VERTEX_POINT('',#15431);
#4567=VERTEX_POINT('',#15433);
#4568=VERTEX_POINT('',#15435);
#4569=VERTEX_POINT('',#15437);
#4570=VERTEX_POINT('',#15439);
#4571=VERTEX_POINT('',#15441);
#4572=VERTEX_POINT('',#15443);
#4573=VERTEX_POINT('',#15445);
#4574=VERTEX_POINT('',#15447);
#4575=VERTEX_POINT('',#15449);
#4576=VERTEX_POINT('',#15451);
#4577=VERTEX_POINT('',#15453);
#4578=VERTEX_POINT('',#15455);
#4579=VERTEX_POINT('',#15457);
#4580=VERTEX_POINT('',#15459);
#4581=VERTEX_POINT('',#15461);
#4582=VERTEX_POINT('',#15463);
#4583=VERTEX_POINT('',#15465);
#4584=VERTEX_POINT('',#15467);
#4585=VERTEX_POINT('',#15469);
#4586=VERTEX_POINT('',#15471);
#4587=VERTEX_POINT('',#15473);
#4588=VERTEX_POINT('',#15477);
#4589=VERTEX_POINT('',#15479);
#4590=VERTEX_POINT('',#15483);
#4591=VERTEX_POINT('',#15488);
#4592=VERTEX_POINT('',#15492);
#4593=VERTEX_POINT('',#15496);
#4594=VERTEX_POINT('',#15500);
#4595=VERTEX_POINT('',#15504);
#4596=VERTEX_POINT('',#15508);
#4597=VERTEX_POINT('',#15512);
#4598=VERTEX_POINT('',#15516);
#4599=VERTEX_POINT('',#15520);
#4600=VERTEX_POINT('',#15524);
#4601=VERTEX_POINT('',#15528);
#4602=VERTEX_POINT('',#15532);
#4603=VERTEX_POINT('',#15534);
#4604=VERTEX_POINT('',#15536);
#4605=VERTEX_POINT('',#15538);
#4606=VERTEX_POINT('',#15540);
#4607=VERTEX_POINT('',#15542);
#4608=VERTEX_POINT('',#15544);
#4609=VERTEX_POINT('',#15546);
#4610=VERTEX_POINT('',#15548);
#4611=VERTEX_POINT('',#15550);
#4612=VERTEX_POINT('',#15552);
#4613=VERTEX_POINT('',#15578);
#4614=VERTEX_POINT('',#15579);
#4615=VERTEX_POINT('',#15581);
#4616=VERTEX_POINT('',#15583);
#4617=VERTEX_POINT('',#15587);
#4618=VERTEX_POINT('',#15589);
#4619=VERTEX_POINT('',#15600);
#4620=VERTEX_POINT('',#15601);
#4621=VERTEX_POINT('',#15603);
#4622=VERTEX_POINT('',#15605);
#4623=VERTEX_POINT('',#15607);
#4624=VERTEX_POINT('',#15609);
#4625=VERTEX_POINT('',#15611);
#4626=VERTEX_POINT('',#15613);
#4627=VERTEX_POINT('',#15615);
#4628=VERTEX_POINT('',#15617);
#4629=VERTEX_POINT('',#15619);
#4630=VERTEX_POINT('',#15621);
#4631=VERTEX_POINT('',#15623);
#4632=VERTEX_POINT('',#15625);
#4633=VERTEX_POINT('',#15627);
#4634=VERTEX_POINT('',#15629);
#4635=VERTEX_POINT('',#15631);
#4636=VERTEX_POINT('',#15633);
#4637=VERTEX_POINT('',#15635);
#4638=VERTEX_POINT('',#15637);
#4639=VERTEX_POINT('',#15639);
#4640=VERTEX_POINT('',#15641);
#4641=VERTEX_POINT('',#15643);
#4642=VERTEX_POINT('',#15645);
#4643=VERTEX_POINT('',#15647);
#4644=VERTEX_POINT('',#15649);
#4645=VERTEX_POINT('',#15651);
#4646=VERTEX_POINT('',#15653);
#4647=VERTEX_POINT('',#15655);
#4648=VERTEX_POINT('',#15657);
#4649=VERTEX_POINT('',#15659);
#4650=VERTEX_POINT('',#15661);
#4651=VERTEX_POINT('',#15665);
#4652=VERTEX_POINT('',#15667);
#4653=VERTEX_POINT('',#15671);
#4654=VERTEX_POINT('',#15675);
#4655=VERTEX_POINT('',#15679);
#4656=VERTEX_POINT('',#15683);
#4657=VERTEX_POINT('',#15687);
#4658=VERTEX_POINT('',#15691);
#4659=VERTEX_POINT('',#15695);
#4660=VERTEX_POINT('',#15699);
#4661=VERTEX_POINT('',#15703);
#4662=VERTEX_POINT('',#15707);
#4663=VERTEX_POINT('',#15711);
#4664=VERTEX_POINT('',#15715);
#4665=VERTEX_POINT('',#15719);
#4666=VERTEX_POINT('',#15723);
#4667=VERTEX_POINT('',#15727);
#4668=VERTEX_POINT('',#15731);
#4669=VERTEX_POINT('',#15733);
#4670=VERTEX_POINT('',#15735);
#4671=VERTEX_POINT('',#15737);
#4672=VERTEX_POINT('',#15739);
#4673=VERTEX_POINT('',#15741);
#4674=VERTEX_POINT('',#15743);
#4675=VERTEX_POINT('',#15745);
#4676=VERTEX_POINT('',#15747);
#4677=VERTEX_POINT('',#15749);
#4678=VERTEX_POINT('',#15751);
#4679=VERTEX_POINT('',#15753);
#4680=VERTEX_POINT('',#15755);
#4681=VERTEX_POINT('',#15757);
#4682=VERTEX_POINT('',#15759);
#4683=VERTEX_POINT('',#15794);
#4684=VERTEX_POINT('',#15795);
#4685=VERTEX_POINT('',#15797);
#4686=VERTEX_POINT('',#15799);
#4687=VERTEX_POINT('',#15801);
#4688=VERTEX_POINT('',#15803);
#4689=VERTEX_POINT('',#15805);
#4690=VERTEX_POINT('',#15807);
#4691=VERTEX_POINT('',#15809);
#4692=VERTEX_POINT('',#15811);
#4693=VERTEX_POINT('',#15813);
#4694=VERTEX_POINT('',#15815);
#4695=VERTEX_POINT('',#15817);
#4696=VERTEX_POINT('',#15819);
#4697=VERTEX_POINT('',#15821);
#4698=VERTEX_POINT('',#15823);
#4699=VERTEX_POINT('',#15825);
#4700=VERTEX_POINT('',#15827);
#4701=VERTEX_POINT('',#15829);
#4702=VERTEX_POINT('',#15831);
#4703=VERTEX_POINT('',#15833);
#4704=VERTEX_POINT('',#15835);
#4705=VERTEX_POINT('',#15837);
#4706=VERTEX_POINT('',#15839);
#4707=VERTEX_POINT('',#15841);
#4708=VERTEX_POINT('',#15843);
#4709=VERTEX_POINT('',#15845);
#4710=VERTEX_POINT('',#15847);
#4711=VERTEX_POINT('',#15849);
#4712=VERTEX_POINT('',#15851);
#4713=VERTEX_POINT('',#15853);
#4714=VERTEX_POINT('',#15855);
#4715=VERTEX_POINT('',#15857);
#4716=VERTEX_POINT('',#15859);
#4717=VERTEX_POINT('',#15861);
#4718=VERTEX_POINT('',#15863);
#4719=VERTEX_POINT('',#15865);
#4720=VERTEX_POINT('',#15867);
#4721=VERTEX_POINT('',#15869);
#4722=VERTEX_POINT('',#15871);
#4723=VERTEX_POINT('',#15873);
#4724=VERTEX_POINT('',#15875);
#4725=VERTEX_POINT('',#15877);
#4726=VERTEX_POINT('',#15879);
#4727=VERTEX_POINT('',#15881);
#4728=VERTEX_POINT('',#15885);
#4729=VERTEX_POINT('',#15887);
#4730=VERTEX_POINT('',#15891);
#4731=VERTEX_POINT('',#15895);
#4732=VERTEX_POINT('',#15899);
#4733=VERTEX_POINT('',#15903);
#4734=VERTEX_POINT('',#15907);
#4735=VERTEX_POINT('',#15911);
#4736=VERTEX_POINT('',#15915);
#4737=VERTEX_POINT('',#15919);
#4738=VERTEX_POINT('',#15923);
#4739=VERTEX_POINT('',#15927);
#4740=VERTEX_POINT('',#15931);
#4741=VERTEX_POINT('',#15935);
#4742=VERTEX_POINT('',#15939);
#4743=VERTEX_POINT('',#15943);
#4744=VERTEX_POINT('',#15947);
#4745=VERTEX_POINT('',#15951);
#4746=VERTEX_POINT('',#15955);
#4747=VERTEX_POINT('',#15959);
#4748=VERTEX_POINT('',#15963);
#4749=VERTEX_POINT('',#15967);
#4750=VERTEX_POINT('',#15971);
#4751=VERTEX_POINT('',#15975);
#4752=VERTEX_POINT('',#15977);
#4753=VERTEX_POINT('',#15979);
#4754=VERTEX_POINT('',#15981);
#4755=VERTEX_POINT('',#15983);
#4756=VERTEX_POINT('',#15985);
#4757=VERTEX_POINT('',#15987);
#4758=VERTEX_POINT('',#15989);
#4759=VERTEX_POINT('',#15991);
#4760=VERTEX_POINT('',#15993);
#4761=VERTEX_POINT('',#15995);
#4762=VERTEX_POINT('',#15997);
#4763=VERTEX_POINT('',#15999);
#4764=VERTEX_POINT('',#16001);
#4765=VERTEX_POINT('',#16003);
#4766=VERTEX_POINT('',#16005);
#4767=VERTEX_POINT('',#16007);
#4768=VERTEX_POINT('',#16009);
#4769=VERTEX_POINT('',#16011);
#4770=VERTEX_POINT('',#16013);
#4771=VERTEX_POINT('',#16015);
#4772=VERTEX_POINT('',#16017);
#4773=VERTEX_POINT('',#16066);
#4774=VERTEX_POINT('',#16067);
#4775=VERTEX_POINT('',#16069);
#4776=VERTEX_POINT('',#16071);
#4777=VERTEX_POINT('',#16075);
#4778=VERTEX_POINT('',#16077);
#4779=VERTEX_POINT('',#16081);
#4780=VERTEX_POINT('',#16083);
#4781=VERTEX_POINT('',#16087);
#4782=VERTEX_POINT('',#16089);
#4783=VERTEX_POINT('',#16093);
#4784=VERTEX_POINT('',#16095);
#4785=VERTEX_POINT('',#16099);
#4786=VERTEX_POINT('',#16101);
#4787=VERTEX_POINT('',#16105);
#4788=VERTEX_POINT('',#16107);
#4789=VERTEX_POINT('',#16111);
#4790=VERTEX_POINT('',#16113);
#4791=VERTEX_POINT('',#16117);
#4792=VERTEX_POINT('',#16119);
#4793=VERTEX_POINT('',#16123);
#4794=VERTEX_POINT('',#16125);
#4795=VERTEX_POINT('',#16129);
#4796=VERTEX_POINT('',#16131);
#4797=VERTEX_POINT('',#16135);
#4798=VERTEX_POINT('',#16137);
#4799=VERTEX_POINT('',#16141);
#4800=VERTEX_POINT('',#16143);
#4801=VERTEX_POINT('',#16147);
#4802=VERTEX_POINT('',#16149);
#4803=VERTEX_POINT('',#16153);
#4804=VERTEX_POINT('',#16155);
#4805=VERTEX_POINT('',#16159);
#4806=VERTEX_POINT('',#16161);
#4807=VERTEX_POINT('',#16165);
#4808=VERTEX_POINT('',#16167);
#4809=VERTEX_POINT('',#16171);
#4810=VERTEX_POINT('',#16173);
#4811=VERTEX_POINT('',#16177);
#4812=VERTEX_POINT('',#16179);
#4813=VERTEX_POINT('',#16183);
#4814=VERTEX_POINT('',#16185);
#4815=VERTEX_POINT('',#16189);
#4816=VERTEX_POINT('',#16191);
#4817=VERTEX_POINT('',#16195);
#4818=VERTEX_POINT('',#16197);
#4819=VERTEX_POINT('',#16201);
#4820=VERTEX_POINT('',#16203);
#4821=VERTEX_POINT('',#16207);
#4822=VERTEX_POINT('',#16209);
#4823=VERTEX_POINT('',#16213);
#4824=VERTEX_POINT('',#16215);
#4825=VERTEX_POINT('',#16219);
#4826=VERTEX_POINT('',#16221);
#4827=VERTEX_POINT('',#16225);
#4828=VERTEX_POINT('',#16227);
#4829=VERTEX_POINT('',#16231);
#4830=VERTEX_POINT('',#16233);
#4831=VERTEX_POINT('',#16237);
#4832=VERTEX_POINT('',#16239);
#4833=VERTEX_POINT('',#16243);
#4834=VERTEX_POINT('',#16245);
#4835=VERTEX_POINT('',#16249);
#4836=VERTEX_POINT('',#16251);
#4837=VERTEX_POINT('',#16255);
#4838=VERTEX_POINT('',#16257);
#4839=VERTEX_POINT('',#16261);
#4840=VERTEX_POINT('',#16263);
#4841=VERTEX_POINT('',#16267);
#4842=VERTEX_POINT('',#16269);
#4843=VERTEX_POINT('',#16273);
#4844=VERTEX_POINT('',#16275);
#4845=VERTEX_POINT('',#16279);
#4846=VERTEX_POINT('',#16281);
#4847=VERTEX_POINT('',#16285);
#4848=VERTEX_POINT('',#16287);
#4849=VERTEX_POINT('',#16291);
#4850=VERTEX_POINT('',#16293);
#4851=VERTEX_POINT('',#16297);
#4852=VERTEX_POINT('',#16299);
#4853=VERTEX_POINT('',#16303);
#4854=VERTEX_POINT('',#16305);
#4855=VERTEX_POINT('',#16309);
#4856=VERTEX_POINT('',#16311);
#4857=VERTEX_POINT('',#16315);
#4858=VERTEX_POINT('',#16317);
#4859=VERTEX_POINT('',#16321);
#4860=VERTEX_POINT('',#16323);
#4861=VERTEX_POINT('',#16327);
#4862=VERTEX_POINT('',#16329);
#4863=VERTEX_POINT('',#16333);
#4864=VERTEX_POINT('',#16335);
#4865=VERTEX_POINT('',#16339);
#4866=VERTEX_POINT('',#16341);
#4867=VERTEX_POINT('',#16345);
#4868=VERTEX_POINT('',#16347);
#4869=VERTEX_POINT('',#16351);
#4870=VERTEX_POINT('',#16353);
#4871=VERTEX_POINT('',#16357);
#4872=VERTEX_POINT('',#16359);
#4873=VERTEX_POINT('',#16363);
#4874=VERTEX_POINT('',#16365);
#4875=VERTEX_POINT('',#16369);
#4876=VERTEX_POINT('',#16371);
#4877=VERTEX_POINT('',#16375);
#4878=VERTEX_POINT('',#16377);
#4879=VERTEX_POINT('',#16381);
#4880=VERTEX_POINT('',#16383);
#4881=VERTEX_POINT('',#16387);
#4882=VERTEX_POINT('',#16389);
#4883=VERTEX_POINT('',#16393);
#4884=VERTEX_POINT('',#16395);
#4885=VERTEX_POINT('',#16399);
#4886=VERTEX_POINT('',#16401);
#4887=VERTEX_POINT('',#16403);
#4888=VERTEX_POINT('',#16405);
#4889=VERTEX_POINT('',#16409);
#4890=VERTEX_POINT('',#16411);
#4891=VERTEX_POINT('',#16415);
#4892=VERTEX_POINT('',#16417);
#4893=VERTEX_POINT('',#16421);
#4894=VERTEX_POINT('',#16423);
#4895=VERTEX_POINT('',#16427);
#4896=VERTEX_POINT('',#16429);
#4897=VERTEX_POINT('',#16433);
#4898=VERTEX_POINT('',#16435);
#4899=VERTEX_POINT('',#16439);
#4900=VERTEX_POINT('',#16441);
#4901=VERTEX_POINT('',#16445);
#4902=VERTEX_POINT('',#16447);
#4903=VERTEX_POINT('',#16451);
#4904=VERTEX_POINT('',#16453);
#4905=VERTEX_POINT('',#16457);
#4906=VERTEX_POINT('',#16459);
#4907=VERTEX_POINT('',#16463);
#4908=VERTEX_POINT('',#16465);
#4909=VERTEX_POINT('',#16469);
#4910=VERTEX_POINT('',#16471);
#4911=VERTEX_POINT('',#16475);
#4912=VERTEX_POINT('',#16477);
#4913=VERTEX_POINT('',#16481);
#4914=VERTEX_POINT('',#16483);
#4915=VERTEX_POINT('',#16487);
#4916=VERTEX_POINT('',#16489);
#4917=VERTEX_POINT('',#16493);
#4918=VERTEX_POINT('',#16495);
#4919=VERTEX_POINT('',#16499);
#4920=VERTEX_POINT('',#16501);
#4921=VERTEX_POINT('',#16505);
#4922=VERTEX_POINT('',#16507);
#4923=VERTEX_POINT('',#16511);
#4924=VERTEX_POINT('',#16513);
#4925=VERTEX_POINT('',#16517);
#4926=VERTEX_POINT('',#16519);
#4927=VERTEX_POINT('',#16523);
#4928=VERTEX_POINT('',#16525);
#4929=VERTEX_POINT('',#16529);
#4930=VERTEX_POINT('',#16531);
#4931=VERTEX_POINT('',#16535);
#4932=VERTEX_POINT('',#16537);
#4933=VERTEX_POINT('',#16541);
#4934=VERTEX_POINT('',#16543);
#4935=VERTEX_POINT('',#16547);
#4936=VERTEX_POINT('',#16549);
#4937=VERTEX_POINT('',#16553);
#4938=VERTEX_POINT('',#16555);
#4939=VERTEX_POINT('',#16559);
#4940=VERTEX_POINT('',#16561);
#4941=VERTEX_POINT('',#16565);
#4942=VERTEX_POINT('',#16567);
#4943=VERTEX_POINT('',#16571);
#4944=VERTEX_POINT('',#16573);
#4945=VERTEX_POINT('',#16577);
#4946=VERTEX_POINT('',#16579);
#4947=VERTEX_POINT('',#16583);
#4948=VERTEX_POINT('',#16585);
#4949=VERTEX_POINT('',#16589);
#4950=VERTEX_POINT('',#16591);
#4951=VERTEX_POINT('',#16595);
#4952=VERTEX_POINT('',#16597);
#4953=VERTEX_POINT('',#16601);
#4954=VERTEX_POINT('',#16603);
#4955=VERTEX_POINT('',#16607);
#4956=VERTEX_POINT('',#16609);
#4957=VERTEX_POINT('',#16613);
#4958=VERTEX_POINT('',#16615);
#4959=VERTEX_POINT('',#16619);
#4960=VERTEX_POINT('',#16621);
#4961=VERTEX_POINT('',#16625);
#4962=VERTEX_POINT('',#16627);
#4963=VERTEX_POINT('',#16631);
#4964=VERTEX_POINT('',#16633);
#4965=VERTEX_POINT('',#16637);
#4966=VERTEX_POINT('',#16639);
#4967=VERTEX_POINT('',#16643);
#4968=VERTEX_POINT('',#16645);
#4969=VERTEX_POINT('',#16649);
#4970=VERTEX_POINT('',#16651);
#4971=VERTEX_POINT('',#16655);
#4972=VERTEX_POINT('',#16657);
#4973=VERTEX_POINT('',#16661);
#4974=VERTEX_POINT('',#16663);
#4975=VERTEX_POINT('',#16667);
#4976=VERTEX_POINT('',#16669);
#4977=VERTEX_POINT('',#16673);
#4978=VERTEX_POINT('',#16675);
#4979=VERTEX_POINT('',#16679);
#4980=VERTEX_POINT('',#16681);
#4981=VERTEX_POINT('',#16685);
#4982=VERTEX_POINT('',#16687);
#4983=VERTEX_POINT('',#16691);
#4984=VERTEX_POINT('',#16693);
#4985=VERTEX_POINT('',#16697);
#4986=VERTEX_POINT('',#16699);
#4987=VERTEX_POINT('',#16703);
#4988=VERTEX_POINT('',#16705);
#4989=VERTEX_POINT('',#16709);
#4990=VERTEX_POINT('',#16711);
#4991=VERTEX_POINT('',#16715);
#4992=VERTEX_POINT('',#16717);
#4993=VERTEX_POINT('',#16721);
#4994=VERTEX_POINT('',#16723);
#4995=VERTEX_POINT('',#16727);
#4996=VERTEX_POINT('',#16729);
#4997=VERTEX_POINT('',#16733);
#4998=VERTEX_POINT('',#16735);
#4999=VERTEX_POINT('',#16739);
#5000=VERTEX_POINT('',#16741);
#5001=VERTEX_POINT('',#16750);
#5002=VERTEX_POINT('',#16751);
#5003=VERTEX_POINT('',#16753);
#5004=VERTEX_POINT('',#16755);
#5005=VERTEX_POINT('',#16757);
#5006=VERTEX_POINT('',#16759);
#5007=VERTEX_POINT('',#16761);
#5008=VERTEX_POINT('',#16763);
#5009=VERTEX_POINT('',#16765);
#5010=VERTEX_POINT('',#16767);
#5011=VERTEX_POINT('',#16769);
#5012=VERTEX_POINT('',#16771);
#5013=VERTEX_POINT('',#16773);
#5014=VERTEX_POINT('',#16775);
#5015=VERTEX_POINT('',#16777);
#5016=VERTEX_POINT('',#16779);
#5017=VERTEX_POINT('',#16781);
#5018=VERTEX_POINT('',#16783);
#5019=VERTEX_POINT('',#16785);
#5020=VERTEX_POINT('',#16787);
#5021=VERTEX_POINT('',#16789);
#5022=VERTEX_POINT('',#16791);
#5023=VERTEX_POINT('',#16793);
#5024=VERTEX_POINT('',#16795);
#5025=VERTEX_POINT('',#16797);
#5026=VERTEX_POINT('',#16799);
#5027=VERTEX_POINT('',#16801);
#5028=VERTEX_POINT('',#16803);
#5029=VERTEX_POINT('',#16805);
#5030=VERTEX_POINT('',#16807);
#5031=VERTEX_POINT('',#16809);
#5032=VERTEX_POINT('',#16811);
#5033=VERTEX_POINT('',#16813);
#5034=VERTEX_POINT('',#16815);
#5035=VERTEX_POINT('',#16817);
#5036=VERTEX_POINT('',#16819);
#5037=VERTEX_POINT('',#16821);
#5038=VERTEX_POINT('',#16823);
#5039=VERTEX_POINT('',#16825);
#5040=VERTEX_POINT('',#16827);
#5041=VERTEX_POINT('',#16831);
#5042=VERTEX_POINT('',#16833);
#5043=VERTEX_POINT('',#16837);
#5044=VERTEX_POINT('',#16842);
#5045=VERTEX_POINT('',#16846);
#5046=VERTEX_POINT('',#16850);
#5047=VERTEX_POINT('',#16854);
#5048=VERTEX_POINT('',#16858);
#5049=VERTEX_POINT('',#16862);
#5050=VERTEX_POINT('',#16866);
#5051=VERTEX_POINT('',#16870);
#5052=VERTEX_POINT('',#16874);
#5053=VERTEX_POINT('',#16878);
#5054=VERTEX_POINT('',#16882);
#5055=VERTEX_POINT('',#16886);
#5056=VERTEX_POINT('',#16890);
#5057=VERTEX_POINT('',#16894);
#5058=VERTEX_POINT('',#16898);
#5059=VERTEX_POINT('',#16902);
#5060=VERTEX_POINT('',#16906);
#5061=VERTEX_POINT('',#16910);
#5062=VERTEX_POINT('',#16914);
#5063=VERTEX_POINT('',#16916);
#5064=VERTEX_POINT('',#16918);
#5065=VERTEX_POINT('',#16920);
#5066=VERTEX_POINT('',#16922);
#5067=VERTEX_POINT('',#16924);
#5068=VERTEX_POINT('',#16926);
#5069=VERTEX_POINT('',#16928);
#5070=VERTEX_POINT('',#16930);
#5071=VERTEX_POINT('',#16932);
#5072=VERTEX_POINT('',#16934);
#5073=VERTEX_POINT('',#16936);
#5074=VERTEX_POINT('',#16938);
#5075=VERTEX_POINT('',#16940);
#5076=VERTEX_POINT('',#16942);
#5077=VERTEX_POINT('',#16944);
#5078=VERTEX_POINT('',#16946);
#5079=VERTEX_POINT('',#16948);
#5080=VERTEX_POINT('',#16950);
#5081=VERTEX_POINT('',#16956);
#5082=VERTEX_POINT('',#16957);
#5083=VERTEX_POINT('',#16959);
#5084=VERTEX_POINT('',#16963);
#5085=VERTEX_POINT('',#16964);
#5086=VERTEX_POINT('',#16966);
#5087=VERTEX_POINT('',#17014);
#5088=VERTEX_POINT('',#17015);
#5089=VERTEX_POINT('',#17017);
#5090=VERTEX_POINT('',#17019);
#5091=VERTEX_POINT('',#17021);
#5092=VERTEX_POINT('',#17023);
#5093=VERTEX_POINT('',#17025);
#5094=VERTEX_POINT('',#17027);
#5095=VERTEX_POINT('',#17029);
#5096=VERTEX_POINT('',#17031);
#5097=VERTEX_POINT('',#17033);
#5098=VERTEX_POINT('',#17035);
#5099=VERTEX_POINT('',#17037);
#5100=VERTEX_POINT('',#17039);
#5101=VERTEX_POINT('',#17041);
#5102=VERTEX_POINT('',#17043);
#5103=VERTEX_POINT('',#17045);
#5104=VERTEX_POINT('',#17047);
#5105=VERTEX_POINT('',#17049);
#5106=VERTEX_POINT('',#17051);
#5107=VERTEX_POINT('',#17053);
#5108=VERTEX_POINT('',#17055);
#5109=VERTEX_POINT('',#17057);
#5110=VERTEX_POINT('',#17059);
#5111=VERTEX_POINT('',#17061);
#5112=VERTEX_POINT('',#17065);
#5113=VERTEX_POINT('',#17067);
#5114=VERTEX_POINT('',#17071);
#5115=VERTEX_POINT('',#17076);
#5116=VERTEX_POINT('',#17080);
#5117=VERTEX_POINT('',#17084);
#5118=VERTEX_POINT('',#17088);
#5119=VERTEX_POINT('',#17092);
#5120=VERTEX_POINT('',#17096);
#5121=VERTEX_POINT('',#17100);
#5122=VERTEX_POINT('',#17104);
#5123=VERTEX_POINT('',#17108);
#5124=VERTEX_POINT('',#17112);
#5125=VERTEX_POINT('',#17116);
#5126=VERTEX_POINT('',#17120);
#5127=VERTEX_POINT('',#17122);
#5128=VERTEX_POINT('',#17124);
#5129=VERTEX_POINT('',#17126);
#5130=VERTEX_POINT('',#17128);
#5131=VERTEX_POINT('',#17130);
#5132=VERTEX_POINT('',#17132);
#5133=VERTEX_POINT('',#17134);
#5134=VERTEX_POINT('',#17136);
#5135=VERTEX_POINT('',#17138);
#5136=VERTEX_POINT('',#17140);
#5137=VERTEX_POINT('',#17166);
#5138=VERTEX_POINT('',#17167);
#5139=VERTEX_POINT('',#17169);
#5140=VERTEX_POINT('',#17171);
#5141=VERTEX_POINT('',#17175);
#5142=VERTEX_POINT('',#17177);
#5143=VERTEX_POINT('',#17188);
#5144=VERTEX_POINT('',#17189);
#5145=VERTEX_POINT('',#17191);
#5146=VERTEX_POINT('',#17193);
#5147=VERTEX_POINT('',#17195);
#5148=VERTEX_POINT('',#17197);
#5149=VERTEX_POINT('',#17199);
#5150=VERTEX_POINT('',#17201);
#5151=VERTEX_POINT('',#17203);
#5152=VERTEX_POINT('',#17205);
#5153=VERTEX_POINT('',#17207);
#5154=VERTEX_POINT('',#17209);
#5155=VERTEX_POINT('',#17211);
#5156=VERTEX_POINT('',#17213);
#5157=VERTEX_POINT('',#17215);
#5158=VERTEX_POINT('',#17217);
#5159=VERTEX_POINT('',#17219);
#5160=VERTEX_POINT('',#17221);
#5161=VERTEX_POINT('',#17223);
#5162=VERTEX_POINT('',#17225);
#5163=VERTEX_POINT('',#17227);
#5164=VERTEX_POINT('',#17229);
#5165=VERTEX_POINT('',#17231);
#5166=VERTEX_POINT('',#17233);
#5167=VERTEX_POINT('',#17235);
#5168=VERTEX_POINT('',#17237);
#5169=VERTEX_POINT('',#17239);
#5170=VERTEX_POINT('',#17241);
#5171=VERTEX_POINT('',#17243);
#5172=VERTEX_POINT('',#17245);
#5173=VERTEX_POINT('',#17247);
#5174=VERTEX_POINT('',#17249);
#5175=VERTEX_POINT('',#17253);
#5176=VERTEX_POINT('',#17255);
#5177=VERTEX_POINT('',#17259);
#5178=VERTEX_POINT('',#17263);
#5179=VERTEX_POINT('',#17267);
#5180=VERTEX_POINT('',#17271);
#5181=VERTEX_POINT('',#17275);
#5182=VERTEX_POINT('',#17279);
#5183=VERTEX_POINT('',#17283);
#5184=VERTEX_POINT('',#17287);
#5185=VERTEX_POINT('',#17291);
#5186=VERTEX_POINT('',#17295);
#5187=VERTEX_POINT('',#17299);
#5188=VERTEX_POINT('',#17303);
#5189=VERTEX_POINT('',#17307);
#5190=VERTEX_POINT('',#17311);
#5191=VERTEX_POINT('',#17315);
#5192=VERTEX_POINT('',#17319);
#5193=VERTEX_POINT('',#17321);
#5194=VERTEX_POINT('',#17323);
#5195=VERTEX_POINT('',#17325);
#5196=VERTEX_POINT('',#17327);
#5197=VERTEX_POINT('',#17329);
#5198=VERTEX_POINT('',#17331);
#5199=VERTEX_POINT('',#17333);
#5200=VERTEX_POINT('',#17335);
#5201=VERTEX_POINT('',#17337);
#5202=VERTEX_POINT('',#17339);
#5203=VERTEX_POINT('',#17341);
#5204=VERTEX_POINT('',#17343);
#5205=VERTEX_POINT('',#17345);
#5206=VERTEX_POINT('',#17347);
#5207=VERTEX_POINT('',#17382);
#5208=VERTEX_POINT('',#17383);
#5209=VERTEX_POINT('',#17385);
#5210=VERTEX_POINT('',#17387);
#5211=VERTEX_POINT('',#17389);
#5212=VERTEX_POINT('',#17391);
#5213=VERTEX_POINT('',#17393);
#5214=VERTEX_POINT('',#17395);
#5215=VERTEX_POINT('',#17397);
#5216=VERTEX_POINT('',#17399);
#5217=VERTEX_POINT('',#17401);
#5218=VERTEX_POINT('',#17403);
#5219=VERTEX_POINT('',#17405);
#5220=VERTEX_POINT('',#17407);
#5221=VERTEX_POINT('',#17409);
#5222=VERTEX_POINT('',#17411);
#5223=VERTEX_POINT('',#17413);
#5224=VERTEX_POINT('',#17415);
#5225=VERTEX_POINT('',#17417);
#5226=VERTEX_POINT('',#17419);
#5227=VERTEX_POINT('',#17421);
#5228=VERTEX_POINT('',#17423);
#5229=VERTEX_POINT('',#17425);
#5230=VERTEX_POINT('',#17427);
#5231=VERTEX_POINT('',#17429);
#5232=VERTEX_POINT('',#17431);
#5233=VERTEX_POINT('',#17433);
#5234=VERTEX_POINT('',#17435);
#5235=VERTEX_POINT('',#17437);
#5236=VERTEX_POINT('',#17439);
#5237=VERTEX_POINT('',#17441);
#5238=VERTEX_POINT('',#17443);
#5239=VERTEX_POINT('',#17445);
#5240=VERTEX_POINT('',#17447);
#5241=VERTEX_POINT('',#17449);
#5242=VERTEX_POINT('',#17451);
#5243=VERTEX_POINT('',#17453);
#5244=VERTEX_POINT('',#17455);
#5245=VERTEX_POINT('',#17457);
#5246=VERTEX_POINT('',#17459);
#5247=VERTEX_POINT('',#17461);
#5248=VERTEX_POINT('',#17463);
#5249=VERTEX_POINT('',#17465);
#5250=VERTEX_POINT('',#17467);
#5251=VERTEX_POINT('',#17469);
#5252=VERTEX_POINT('',#17473);
#5253=VERTEX_POINT('',#17475);
#5254=VERTEX_POINT('',#17479);
#5255=VERTEX_POINT('',#17483);
#5256=VERTEX_POINT('',#17487);
#5257=VERTEX_POINT('',#17491);
#5258=VERTEX_POINT('',#17495);
#5259=VERTEX_POINT('',#17499);
#5260=VERTEX_POINT('',#17503);
#5261=VERTEX_POINT('',#17507);
#5262=VERTEX_POINT('',#17511);
#5263=VERTEX_POINT('',#17515);
#5264=VERTEX_POINT('',#17519);
#5265=VERTEX_POINT('',#17523);
#5266=VERTEX_POINT('',#17527);
#5267=VERTEX_POINT('',#17531);
#5268=VERTEX_POINT('',#17535);
#5269=VERTEX_POINT('',#17539);
#5270=VERTEX_POINT('',#17543);
#5271=VERTEX_POINT('',#17547);
#5272=VERTEX_POINT('',#17551);
#5273=VERTEX_POINT('',#17555);
#5274=VERTEX_POINT('',#17559);
#5275=VERTEX_POINT('',#17563);
#5276=VERTEX_POINT('',#17565);
#5277=VERTEX_POINT('',#17567);
#5278=VERTEX_POINT('',#17569);
#5279=VERTEX_POINT('',#17571);
#5280=VERTEX_POINT('',#17573);
#5281=VERTEX_POINT('',#17575);
#5282=VERTEX_POINT('',#17577);
#5283=VERTEX_POINT('',#17579);
#5284=VERTEX_POINT('',#17581);
#5285=VERTEX_POINT('',#17583);
#5286=VERTEX_POINT('',#17585);
#5287=VERTEX_POINT('',#17587);
#5288=VERTEX_POINT('',#17589);
#5289=VERTEX_POINT('',#17591);
#5290=VERTEX_POINT('',#17593);
#5291=VERTEX_POINT('',#17595);
#5292=VERTEX_POINT('',#17597);
#5293=VERTEX_POINT('',#17599);
#5294=VERTEX_POINT('',#17601);
#5295=VERTEX_POINT('',#17603);
#5296=VERTEX_POINT('',#17605);
#5297=EDGE_CURVE('',#4249,#4250,#1213,.T.);
#5298=EDGE_CURVE('',#4251,#4249,#1214,.T.);
#5299=EDGE_CURVE('',#4251,#4252,#1215,.T.);
#5300=EDGE_CURVE('',#4250,#4252,#1216,.T.);
#5301=EDGE_CURVE('',#4253,#4251,#1217,.T.);
#5302=EDGE_CURVE('',#4253,#4254,#1218,.T.);
#5303=EDGE_CURVE('',#4252,#4254,#1219,.T.);
#5304=EDGE_CURVE('',#4255,#4253,#1220,.T.);
#5305=EDGE_CURVE('',#4255,#4256,#1221,.T.);
#5306=EDGE_CURVE('',#4254,#4256,#1222,.T.);
#5307=EDGE_CURVE('',#4257,#4255,#1223,.T.);
#5308=EDGE_CURVE('',#4257,#4258,#1224,.T.);
#5309=EDGE_CURVE('',#4256,#4258,#1225,.T.);
#5310=EDGE_CURVE('',#4259,#4257,#1226,.T.);
#5311=EDGE_CURVE('',#4259,#4260,#1227,.T.);
#5312=EDGE_CURVE('',#4258,#4260,#1228,.T.);
#5313=EDGE_CURVE('',#4261,#4259,#1229,.T.);
#5314=EDGE_CURVE('',#4261,#4262,#1230,.T.);
#5315=EDGE_CURVE('',#4260,#4262,#1231,.T.);
#5316=EDGE_CURVE('',#4263,#4261,#1232,.T.);
#5317=EDGE_CURVE('',#4263,#4264,#1233,.T.);
#5318=EDGE_CURVE('',#4262,#4264,#1234,.T.);
#5319=EDGE_CURVE('',#4265,#4263,#1235,.T.);
#5320=EDGE_CURVE('',#4265,#4266,#1236,.T.);
#5321=EDGE_CURVE('',#4264,#4266,#1237,.T.);
#5322=EDGE_CURVE('',#4267,#4265,#1238,.T.);
#5323=EDGE_CURVE('',#4267,#4268,#1239,.T.);
#5324=EDGE_CURVE('',#4266,#4268,#1240,.T.);
#5325=EDGE_CURVE('',#4269,#4267,#1241,.T.);
#5326=EDGE_CURVE('',#4269,#4270,#1242,.T.);
#5327=EDGE_CURVE('',#4268,#4270,#1243,.T.);
#5328=EDGE_CURVE('',#4271,#4269,#1244,.T.);
#5329=EDGE_CURVE('',#4271,#4272,#1245,.T.);
#5330=EDGE_CURVE('',#4270,#4272,#1246,.T.);
#5331=EDGE_CURVE('',#4273,#4271,#1247,.T.);
#5332=EDGE_CURVE('',#4273,#4274,#1248,.T.);
#5333=EDGE_CURVE('',#4272,#4274,#1249,.T.);
#5334=EDGE_CURVE('',#4275,#4273,#1250,.T.);
#5335=EDGE_CURVE('',#4275,#4276,#1251,.T.);
#5336=EDGE_CURVE('',#4274,#4276,#1252,.T.);
#5337=EDGE_CURVE('',#4277,#4275,#1253,.T.);
#5338=EDGE_CURVE('',#4277,#4278,#1254,.T.);
#5339=EDGE_CURVE('',#4276,#4278,#1255,.T.);
#5340=EDGE_CURVE('',#4279,#4277,#1256,.T.);
#5341=EDGE_CURVE('',#4279,#4280,#1257,.T.);
#5342=EDGE_CURVE('',#4278,#4280,#1258,.T.);
#5343=EDGE_CURVE('',#4281,#4279,#1259,.T.);
#5344=EDGE_CURVE('',#4281,#4282,#1260,.T.);
#5345=EDGE_CURVE('',#4280,#4282,#1261,.T.);
#5346=EDGE_CURVE('',#4283,#4281,#1262,.T.);
#5347=EDGE_CURVE('',#4283,#4284,#1263,.T.);
#5348=EDGE_CURVE('',#4282,#4284,#1264,.T.);
#5349=EDGE_CURVE('',#4285,#4283,#1265,.T.);
#5350=EDGE_CURVE('',#4285,#4286,#1266,.T.);
#5351=EDGE_CURVE('',#4284,#4286,#1267,.T.);
#5352=EDGE_CURVE('',#4287,#4285,#1268,.T.);
#5353=EDGE_CURVE('',#4287,#4288,#1269,.T.);
#5354=EDGE_CURVE('',#4286,#4288,#1270,.T.);
#5355=EDGE_CURVE('',#4289,#4287,#1271,.T.);
#5356=EDGE_CURVE('',#4289,#4290,#1272,.T.);
#5357=EDGE_CURVE('',#4288,#4290,#1273,.T.);
#5358=EDGE_CURVE('',#4291,#4289,#1274,.T.);
#5359=EDGE_CURVE('',#4291,#4292,#1275,.T.);
#5360=EDGE_CURVE('',#4290,#4292,#1276,.T.);
#5361=EDGE_CURVE('',#4293,#4291,#1277,.T.);
#5362=EDGE_CURVE('',#4293,#4294,#1278,.T.);
#5363=EDGE_CURVE('',#4292,#4294,#1279,.T.);
#5364=EDGE_CURVE('',#4295,#4293,#1280,.T.);
#5365=EDGE_CURVE('',#4295,#4296,#1281,.T.);
#5366=EDGE_CURVE('',#4294,#4296,#1282,.T.);
#5367=EDGE_CURVE('',#4297,#4295,#1283,.T.);
#5368=EDGE_CURVE('',#4297,#4298,#1284,.T.);
#5369=EDGE_CURVE('',#4296,#4298,#1285,.T.);
#5370=EDGE_CURVE('',#4299,#4297,#1286,.T.);
#5371=EDGE_CURVE('',#4299,#4300,#1287,.T.);
#5372=EDGE_CURVE('',#4298,#4300,#1288,.T.);
#5373=EDGE_CURVE('',#4301,#4299,#1289,.T.);
#5374=EDGE_CURVE('',#4301,#4302,#1290,.T.);
#5375=EDGE_CURVE('',#4300,#4302,#1291,.T.);
#5376=EDGE_CURVE('',#4303,#4301,#1292,.T.);
#5377=EDGE_CURVE('',#4303,#4304,#1293,.T.);
#5378=EDGE_CURVE('',#4302,#4304,#1294,.T.);
#5379=EDGE_CURVE('',#4305,#4303,#1295,.T.);
#5380=EDGE_CURVE('',#4305,#4306,#1296,.T.);
#5381=EDGE_CURVE('',#4304,#4306,#1297,.T.);
#5382=EDGE_CURVE('',#4307,#4305,#1298,.T.);
#5383=EDGE_CURVE('',#4307,#4308,#1299,.T.);
#5384=EDGE_CURVE('',#4306,#4308,#1300,.T.);
#5385=EDGE_CURVE('',#4309,#4307,#1301,.T.);
#5386=EDGE_CURVE('',#4309,#4310,#1302,.T.);
#5387=EDGE_CURVE('',#4308,#4310,#1303,.T.);
#5388=EDGE_CURVE('',#4311,#4309,#1304,.T.);
#5389=EDGE_CURVE('',#4311,#4312,#1305,.T.);
#5390=EDGE_CURVE('',#4310,#4312,#1306,.T.);
#5391=EDGE_CURVE('',#4313,#4311,#1307,.T.);
#5392=EDGE_CURVE('',#4313,#4314,#1308,.T.);
#5393=EDGE_CURVE('',#4312,#4314,#1309,.T.);
#5394=EDGE_CURVE('',#4315,#4313,#1310,.T.);
#5395=EDGE_CURVE('',#4315,#4316,#1311,.T.);
#5396=EDGE_CURVE('',#4314,#4316,#1312,.T.);
#5397=EDGE_CURVE('',#4317,#4315,#1313,.T.);
#5398=EDGE_CURVE('',#4317,#4318,#1314,.T.);
#5399=EDGE_CURVE('',#4316,#4318,#1315,.T.);
#5400=EDGE_CURVE('',#4319,#4317,#1316,.T.);
#5401=EDGE_CURVE('',#4319,#4320,#1317,.T.);
#5402=EDGE_CURVE('',#4318,#4320,#1318,.T.);
#5403=EDGE_CURVE('',#4321,#4319,#1319,.T.);
#5404=EDGE_CURVE('',#4321,#4322,#1320,.T.);
#5405=EDGE_CURVE('',#4320,#4322,#1321,.T.);
#5406=EDGE_CURVE('',#4323,#4321,#1322,.T.);
#5407=EDGE_CURVE('',#4323,#4324,#1323,.T.);
#5408=EDGE_CURVE('',#4322,#4324,#1324,.T.);
#5409=EDGE_CURVE('',#4325,#4323,#1325,.T.);
#5410=EDGE_CURVE('',#4325,#4326,#1326,.T.);
#5411=EDGE_CURVE('',#4324,#4326,#1327,.T.);
#5412=EDGE_CURVE('',#4327,#4325,#1328,.T.);
#5413=EDGE_CURVE('',#4327,#4328,#1329,.T.);
#5414=EDGE_CURVE('',#4326,#4328,#1330,.T.);
#5415=EDGE_CURVE('',#4329,#4327,#1331,.T.);
#5416=EDGE_CURVE('',#4329,#4330,#1332,.T.);
#5417=EDGE_CURVE('',#4328,#4330,#1333,.T.);
#5418=EDGE_CURVE('',#4331,#4329,#1334,.T.);
#5419=EDGE_CURVE('',#4331,#4332,#1335,.T.);
#5420=EDGE_CURVE('',#4330,#4332,#1336,.T.);
#5421=EDGE_CURVE('',#4333,#4331,#1337,.T.);
#5422=EDGE_CURVE('',#4333,#4334,#1338,.T.);
#5423=EDGE_CURVE('',#4332,#4334,#1339,.T.);
#5424=EDGE_CURVE('',#4335,#4333,#1340,.T.);
#5425=EDGE_CURVE('',#4335,#4336,#1341,.T.);
#5426=EDGE_CURVE('',#4334,#4336,#1342,.T.);
#5427=EDGE_CURVE('',#4337,#4335,#1343,.T.);
#5428=EDGE_CURVE('',#4337,#4338,#1344,.T.);
#5429=EDGE_CURVE('',#4336,#4338,#1345,.T.);
#5430=EDGE_CURVE('',#4339,#4337,#1346,.T.);
#5431=EDGE_CURVE('',#4339,#4340,#1347,.T.);
#5432=EDGE_CURVE('',#4338,#4340,#1348,.T.);
#5433=EDGE_CURVE('',#4341,#4339,#1349,.T.);
#5434=EDGE_CURVE('',#4341,#4342,#1350,.T.);
#5435=EDGE_CURVE('',#4340,#4342,#1351,.T.);
#5436=EDGE_CURVE('',#4343,#4341,#1352,.T.);
#5437=EDGE_CURVE('',#4343,#4344,#1353,.T.);
#5438=EDGE_CURVE('',#4342,#4344,#1354,.T.);
#5439=EDGE_CURVE('',#4345,#4343,#1355,.T.);
#5440=EDGE_CURVE('',#4345,#4346,#1356,.T.);
#5441=EDGE_CURVE('',#4344,#4346,#1357,.T.);
#5442=EDGE_CURVE('',#4347,#4345,#1358,.T.);
#5443=EDGE_CURVE('',#4347,#4348,#1359,.T.);
#5444=EDGE_CURVE('',#4346,#4348,#1360,.T.);
#5445=EDGE_CURVE('',#4349,#4347,#1361,.T.);
#5446=EDGE_CURVE('',#4349,#4350,#1362,.T.);
#5447=EDGE_CURVE('',#4348,#4350,#1363,.T.);
#5448=EDGE_CURVE('',#4351,#4349,#1364,.T.);
#5449=EDGE_CURVE('',#4351,#4352,#1365,.T.);
#5450=EDGE_CURVE('',#4350,#4352,#1366,.T.);
#5451=EDGE_CURVE('',#4353,#4351,#1367,.T.);
#5452=EDGE_CURVE('',#4353,#4354,#1368,.T.);
#5453=EDGE_CURVE('',#4352,#4354,#1369,.T.);
#5454=EDGE_CURVE('',#4355,#4353,#1370,.T.);
#5455=EDGE_CURVE('',#4355,#4356,#1371,.T.);
#5456=EDGE_CURVE('',#4354,#4356,#1372,.T.);
#5457=EDGE_CURVE('',#4357,#4355,#1373,.T.);
#5458=EDGE_CURVE('',#4357,#4358,#1374,.T.);
#5459=EDGE_CURVE('',#4356,#4358,#1375,.T.);
#5460=EDGE_CURVE('',#4359,#4357,#1376,.T.);
#5461=EDGE_CURVE('',#4359,#4360,#1377,.T.);
#5462=EDGE_CURVE('',#4358,#4360,#1378,.T.);
#5463=EDGE_CURVE('',#4361,#4359,#1379,.T.);
#5464=EDGE_CURVE('',#4362,#4361,#1380,.T.);
#5465=EDGE_CURVE('',#4362,#4363,#1381,.T.);
#5466=EDGE_CURVE('',#4363,#4364,#1382,.T.);
#5467=EDGE_CURVE('',#4360,#4364,#1383,.T.);
#5468=EDGE_CURVE('',#4365,#4361,#1384,.T.);
#5469=EDGE_CURVE('',#4366,#4365,#1385,.T.);
#5470=EDGE_CURVE('',#4364,#4366,#1386,.T.);
#5471=EDGE_CURVE('',#4367,#4365,#1387,.T.);
#5472=EDGE_CURVE('',#4367,#4368,#1388,.T.);
#5473=EDGE_CURVE('',#4366,#4368,#1389,.T.);
#5474=EDGE_CURVE('',#4369,#4367,#1390,.T.);
#5475=EDGE_CURVE('',#4369,#4370,#1391,.T.);
#5476=EDGE_CURVE('',#4368,#4370,#1392,.T.);
#5477=EDGE_CURVE('',#4371,#4369,#1393,.T.);
#5478=EDGE_CURVE('',#4371,#4372,#1394,.T.);
#5479=EDGE_CURVE('',#4370,#4372,#1395,.T.);
#5480=EDGE_CURVE('',#4373,#4371,#1396,.T.);
#5481=EDGE_CURVE('',#4373,#4374,#1397,.T.);
#5482=EDGE_CURVE('',#4372,#4374,#1398,.T.);
#5483=EDGE_CURVE('',#4375,#4373,#1399,.T.);
#5484=EDGE_CURVE('',#4375,#4376,#1400,.T.);
#5485=EDGE_CURVE('',#4374,#4376,#1401,.T.);
#5486=EDGE_CURVE('',#4377,#4375,#1402,.T.);
#5487=EDGE_CURVE('',#4377,#4378,#1403,.T.);
#5488=EDGE_CURVE('',#4376,#4378,#1404,.T.);
#5489=EDGE_CURVE('',#4379,#4377,#1405,.T.);
#5490=EDGE_CURVE('',#4379,#4380,#1406,.T.);
#5491=EDGE_CURVE('',#4378,#4380,#1407,.T.);
#5492=EDGE_CURVE('',#4381,#4379,#1408,.T.);
#5493=EDGE_CURVE('',#4381,#4382,#1409,.T.);
#5494=EDGE_CURVE('',#4380,#4382,#1410,.T.);
#5495=EDGE_CURVE('',#4383,#4381,#1411,.T.);
#5496=EDGE_CURVE('',#4383,#4384,#1412,.T.);
#5497=EDGE_CURVE('',#4382,#4384,#1413,.T.);
#5498=EDGE_CURVE('',#4385,#4383,#1414,.T.);
#5499=EDGE_CURVE('',#4385,#4386,#1415,.T.);
#5500=EDGE_CURVE('',#4384,#4386,#1416,.T.);
#5501=EDGE_CURVE('',#4387,#4385,#1417,.T.);
#5502=EDGE_CURVE('',#4387,#4388,#1418,.T.);
#5503=EDGE_CURVE('',#4386,#4388,#1419,.T.);
#5504=EDGE_CURVE('',#4389,#4387,#1420,.T.);
#5505=EDGE_CURVE('',#4389,#4390,#1421,.T.);
#5506=EDGE_CURVE('',#4388,#4390,#1422,.T.);
#5507=EDGE_CURVE('',#4391,#4389,#1423,.T.);
#5508=EDGE_CURVE('',#4391,#4392,#1424,.T.);
#5509=EDGE_CURVE('',#4390,#4392,#1425,.T.);
#5510=EDGE_CURVE('',#4393,#4391,#1426,.T.);
#5511=EDGE_CURVE('',#4393,#4394,#1427,.T.);
#5512=EDGE_CURVE('',#4392,#4394,#1428,.T.);
#5513=EDGE_CURVE('',#4395,#4393,#1429,.T.);
#5514=EDGE_CURVE('',#4395,#4396,#1430,.T.);
#5515=EDGE_CURVE('',#4394,#4396,#1431,.T.);
#5516=EDGE_CURVE('',#4397,#4395,#1432,.T.);
#5517=EDGE_CURVE('',#4397,#4398,#1433,.T.);
#5518=EDGE_CURVE('',#4396,#4398,#1434,.T.);
#5519=EDGE_CURVE('',#4399,#4397,#1435,.T.);
#5520=EDGE_CURVE('',#4399,#4400,#1436,.T.);
#5521=EDGE_CURVE('',#4398,#4400,#1437,.T.);
#5522=EDGE_CURVE('',#4401,#4399,#1438,.T.);
#5523=EDGE_CURVE('',#4401,#4402,#1439,.T.);
#5524=EDGE_CURVE('',#4400,#4402,#1440,.T.);
#5525=EDGE_CURVE('',#4403,#4401,#1441,.T.);
#5526=EDGE_CURVE('',#4403,#4404,#1442,.T.);
#5527=EDGE_CURVE('',#4402,#4404,#1443,.T.);
#5528=EDGE_CURVE('',#4405,#4403,#1444,.T.);
#5529=EDGE_CURVE('',#4405,#4406,#1445,.T.);
#5530=EDGE_CURVE('',#4404,#4406,#1446,.T.);
#5531=EDGE_CURVE('',#4407,#4405,#1447,.T.);
#5532=EDGE_CURVE('',#4407,#4408,#1448,.T.);
#5533=EDGE_CURVE('',#4406,#4408,#1449,.T.);
#5534=EDGE_CURVE('',#4409,#4407,#1450,.T.);
#5535=EDGE_CURVE('',#4409,#4410,#1451,.T.);
#5536=EDGE_CURVE('',#4408,#4410,#1452,.T.);
#5537=EDGE_CURVE('',#4411,#4409,#1453,.T.);
#5538=EDGE_CURVE('',#4411,#4412,#1454,.T.);
#5539=EDGE_CURVE('',#4410,#4412,#1455,.T.);
#5540=EDGE_CURVE('',#4413,#4411,#1456,.T.);
#5541=EDGE_CURVE('',#4413,#4414,#1457,.T.);
#5542=EDGE_CURVE('',#4412,#4414,#1458,.T.);
#5543=EDGE_CURVE('',#4415,#4413,#1459,.T.);
#5544=EDGE_CURVE('',#4415,#4416,#1460,.T.);
#5545=EDGE_CURVE('',#4414,#4416,#1461,.T.);
#5546=EDGE_CURVE('',#4417,#4415,#1462,.T.);
#5547=EDGE_CURVE('',#4417,#4418,#1463,.T.);
#5548=EDGE_CURVE('',#4416,#4418,#1464,.T.);
#5549=EDGE_CURVE('',#4419,#4417,#1465,.T.);
#5550=EDGE_CURVE('',#4419,#4420,#1466,.T.);
#5551=EDGE_CURVE('',#4418,#4420,#1467,.T.);
#5552=EDGE_CURVE('',#4421,#4419,#1468,.T.);
#5553=EDGE_CURVE('',#4421,#4422,#1469,.T.);
#5554=EDGE_CURVE('',#4420,#4422,#1470,.T.);
#5555=EDGE_CURVE('',#4423,#4421,#1471,.T.);
#5556=EDGE_CURVE('',#4423,#4424,#1472,.T.);
#5557=EDGE_CURVE('',#4422,#4424,#1473,.T.);
#5558=EDGE_CURVE('',#4425,#4423,#1474,.T.);
#5559=EDGE_CURVE('',#4425,#4426,#1475,.T.);
#5560=EDGE_CURVE('',#4424,#4426,#1476,.T.);
#5561=EDGE_CURVE('',#4427,#4425,#1477,.T.);
#5562=EDGE_CURVE('',#4427,#4428,#1478,.T.);
#5563=EDGE_CURVE('',#4426,#4428,#1479,.T.);
#5564=EDGE_CURVE('',#4429,#4427,#1480,.T.);
#5565=EDGE_CURVE('',#4429,#4430,#1481,.T.);
#5566=EDGE_CURVE('',#4428,#4430,#1482,.T.);
#5567=EDGE_CURVE('',#4431,#4429,#1483,.T.);
#5568=EDGE_CURVE('',#4431,#4432,#1484,.T.);
#5569=EDGE_CURVE('',#4430,#4432,#1485,.T.);
#5570=EDGE_CURVE('',#4433,#4431,#1486,.T.);
#5571=EDGE_CURVE('',#4433,#4434,#1487,.T.);
#5572=EDGE_CURVE('',#4432,#4434,#1488,.T.);
#5573=EDGE_CURVE('',#4435,#4433,#1489,.T.);
#5574=EDGE_CURVE('',#4435,#4436,#1490,.T.);
#5575=EDGE_CURVE('',#4434,#4436,#1491,.T.);
#5576=EDGE_CURVE('',#4437,#4435,#1492,.T.);
#5577=EDGE_CURVE('',#4437,#4438,#1493,.T.);
#5578=EDGE_CURVE('',#4436,#4438,#1494,.T.);
#5579=EDGE_CURVE('',#4439,#4437,#1495,.T.);
#5580=EDGE_CURVE('',#4439,#4440,#1496,.T.);
#5581=EDGE_CURVE('',#4438,#4440,#1497,.T.);
#5582=EDGE_CURVE('',#4441,#4439,#1498,.T.);
#5583=EDGE_CURVE('',#4441,#4442,#1499,.T.);
#5584=EDGE_CURVE('',#4440,#4442,#1500,.T.);
#5585=EDGE_CURVE('',#4443,#4441,#1501,.T.);
#5586=EDGE_CURVE('',#4443,#4444,#1502,.T.);
#5587=EDGE_CURVE('',#4442,#4444,#1503,.T.);
#5588=EDGE_CURVE('',#4445,#4443,#1504,.T.);
#5589=EDGE_CURVE('',#4445,#4446,#1505,.T.);
#5590=EDGE_CURVE('',#4444,#4446,#1506,.T.);
#5591=EDGE_CURVE('',#4447,#4445,#1507,.T.);
#5592=EDGE_CURVE('',#4447,#4448,#1508,.T.);
#5593=EDGE_CURVE('',#4446,#4448,#1509,.T.);
#5594=EDGE_CURVE('',#4449,#4447,#1510,.T.);
#5595=EDGE_CURVE('',#4449,#4450,#1511,.T.);
#5596=EDGE_CURVE('',#4448,#4450,#1512,.T.);
#5597=EDGE_CURVE('',#4451,#4449,#1513,.T.);
#5598=EDGE_CURVE('',#4451,#4452,#1514,.T.);
#5599=EDGE_CURVE('',#4450,#4452,#1515,.T.);
#5600=EDGE_CURVE('',#4453,#4451,#1516,.T.);
#5601=EDGE_CURVE('',#4453,#4454,#1517,.T.);
#5602=EDGE_CURVE('',#4452,#4454,#1518,.T.);
#5603=EDGE_CURVE('',#4455,#4453,#1519,.T.);
#5604=EDGE_CURVE('',#4455,#4456,#1520,.T.);
#5605=EDGE_CURVE('',#4454,#4456,#1521,.T.);
#5606=EDGE_CURVE('',#4457,#4455,#1522,.T.);
#5607=EDGE_CURVE('',#4457,#4458,#1523,.T.);
#5608=EDGE_CURVE('',#4456,#4458,#1524,.T.);
#5609=EDGE_CURVE('',#4459,#4457,#1525,.T.);
#5610=EDGE_CURVE('',#4459,#4460,#1526,.T.);
#5611=EDGE_CURVE('',#4458,#4460,#1527,.T.);
#5612=EDGE_CURVE('',#4461,#4459,#1528,.T.);
#5613=EDGE_CURVE('',#4461,#4462,#1529,.T.);
#5614=EDGE_CURVE('',#4460,#4462,#1530,.T.);
#5615=EDGE_CURVE('',#4463,#4461,#1531,.T.);
#5616=EDGE_CURVE('',#4463,#4464,#1532,.T.);
#5617=EDGE_CURVE('',#4462,#4464,#1533,.T.);
#5618=EDGE_CURVE('',#4465,#4463,#23,.T.);
#5619=EDGE_CURVE('',#4465,#4466,#1534,.T.);
#5620=EDGE_CURVE('',#4464,#4466,#24,.T.);
#5621=EDGE_CURVE('',#4467,#4465,#1535,.T.);
#5622=EDGE_CURVE('',#4467,#4468,#1536,.T.);
#5623=EDGE_CURVE('',#4466,#4468,#1537,.T.);
#5624=EDGE_CURVE('',#4469,#4467,#1538,.T.);
#5625=EDGE_CURVE('',#4469,#4470,#1539,.T.);
#5626=EDGE_CURVE('',#4468,#4470,#1540,.T.);
#5627=EDGE_CURVE('',#4471,#4469,#1541,.T.);
#5628=EDGE_CURVE('',#4471,#4472,#1542,.T.);
#5629=EDGE_CURVE('',#4470,#4472,#1543,.T.);
#5630=EDGE_CURVE('',#4473,#4471,#1544,.T.);
#5631=EDGE_CURVE('',#4473,#4474,#1545,.T.);
#5632=EDGE_CURVE('',#4472,#4474,#1546,.T.);
#5633=EDGE_CURVE('',#4475,#4473,#1547,.T.);
#5634=EDGE_CURVE('',#4475,#4476,#1548,.T.);
#5635=EDGE_CURVE('',#4474,#4476,#1549,.T.);
#5636=EDGE_CURVE('',#4249,#4475,#1550,.T.);
#5637=EDGE_CURVE('',#4476,#4250,#1551,.T.);
#5638=EDGE_CURVE('',#4477,#4478,#1552,.T.);
#5639=EDGE_CURVE('',#4479,#4477,#1553,.T.);
#5640=EDGE_CURVE('',#4480,#4479,#1554,.T.);
#5641=EDGE_CURVE('',#4481,#4480,#25,.T.);
#5642=EDGE_CURVE('',#4482,#4481,#1555,.T.);
#5643=EDGE_CURVE('',#4483,#4482,#26,.T.);
#5644=EDGE_CURVE('',#4484,#4483,#1556,.T.);
#5645=EDGE_CURVE('',#4485,#4484,#1557,.T.);
#5646=EDGE_CURVE('',#4486,#4485,#1558,.T.);
#5647=EDGE_CURVE('',#4487,#4486,#1559,.T.);
#5648=EDGE_CURVE('',#4488,#4487,#1560,.T.);
#5649=EDGE_CURVE('',#4489,#4488,#1561,.T.);
#5650=EDGE_CURVE('',#4490,#4489,#1562,.T.);
#5651=EDGE_CURVE('',#4491,#4490,#1563,.T.);
#5652=EDGE_CURVE('',#4492,#4491,#1564,.T.);
#5653=EDGE_CURVE('',#4493,#4492,#1565,.T.);
#5654=EDGE_CURVE('',#4494,#4493,#1566,.T.);
#5655=EDGE_CURVE('',#4495,#4494,#1567,.T.);
#5656=EDGE_CURVE('',#4496,#4495,#1568,.T.);
#5657=EDGE_CURVE('',#4497,#4496,#1569,.T.);
#5658=EDGE_CURVE('',#4498,#4497,#1570,.T.);
#5659=EDGE_CURVE('',#4499,#4498,#1571,.T.);
#5660=EDGE_CURVE('',#4500,#4499,#1572,.T.);
#5661=EDGE_CURVE('',#4501,#4500,#1573,.T.);
#5662=EDGE_CURVE('',#4502,#4501,#1574,.T.);
#5663=EDGE_CURVE('',#4503,#4502,#1575,.T.);
#5664=EDGE_CURVE('',#4504,#4503,#1576,.T.);
#5665=EDGE_CURVE('',#4505,#4504,#1577,.T.);
#5666=EDGE_CURVE('',#4506,#4505,#1578,.T.);
#5667=EDGE_CURVE('',#4507,#4506,#1579,.T.);
#5668=EDGE_CURVE('',#4508,#4507,#1580,.T.);
#5669=EDGE_CURVE('',#4509,#4508,#1581,.T.);
#5670=EDGE_CURVE('',#4510,#4509,#1582,.T.);
#5671=EDGE_CURVE('',#4511,#4510,#1583,.T.);
#5672=EDGE_CURVE('',#4512,#4511,#1584,.T.);
#5673=EDGE_CURVE('',#4513,#4512,#1585,.T.);
#5674=EDGE_CURVE('',#4514,#4513,#1586,.T.);
#5675=EDGE_CURVE('',#4515,#4514,#1587,.T.);
#5676=EDGE_CURVE('',#4516,#4515,#1588,.T.);
#5677=EDGE_CURVE('',#4478,#4516,#1589,.T.);
#5678=EDGE_CURVE('',#4517,#4478,#1590,.T.);
#5679=EDGE_CURVE('',#4517,#4518,#1591,.T.);
#5680=EDGE_CURVE('',#4518,#4477,#1592,.T.);
#5681=EDGE_CURVE('',#4519,#4516,#1593,.T.);
#5682=EDGE_CURVE('',#4519,#4517,#1594,.T.);
#5683=EDGE_CURVE('',#4517,#4478,#1595,.T.);
#5684=EDGE_CURVE('',#4520,#4515,#1596,.T.);
#5685=EDGE_CURVE('',#4520,#4519,#1597,.T.);
#5686=EDGE_CURVE('',#4521,#4514,#1598,.T.);
#5687=EDGE_CURVE('',#4521,#4520,#1599,.T.);
#5688=EDGE_CURVE('',#4522,#4513,#1600,.T.);
#5689=EDGE_CURVE('',#4522,#4521,#1601,.T.);
#5690=EDGE_CURVE('',#4523,#4512,#1602,.T.);
#5691=EDGE_CURVE('',#4523,#4522,#1603,.T.);
#5692=EDGE_CURVE('',#4524,#4511,#1604,.T.);
#5693=EDGE_CURVE('',#4524,#4523,#1605,.T.);
#5694=EDGE_CURVE('',#4525,#4510,#1606,.T.);
#5695=EDGE_CURVE('',#4525,#4524,#1607,.T.);
#5696=EDGE_CURVE('',#4526,#4509,#1608,.T.);
#5697=EDGE_CURVE('',#4526,#4525,#1609,.T.);
#5698=EDGE_CURVE('',#4527,#4508,#1610,.T.);
#5699=EDGE_CURVE('',#4527,#4526,#1611,.T.);
#5700=EDGE_CURVE('',#4528,#4507,#1612,.T.);
#5701=EDGE_CURVE('',#4528,#4527,#1613,.T.);
#5702=EDGE_CURVE('',#4529,#4506,#1614,.T.);
#5703=EDGE_CURVE('',#4529,#4528,#1615,.T.);
#5704=EDGE_CURVE('',#4530,#4505,#1616,.T.);
#5705=EDGE_CURVE('',#4530,#4529,#1617,.T.);
#5706=EDGE_CURVE('',#4531,#4504,#1618,.T.);
#5707=EDGE_CURVE('',#4531,#4530,#1619,.T.);
#5708=EDGE_CURVE('',#4532,#4503,#1620,.T.);
#5709=EDGE_CURVE('',#4532,#4531,#1621,.T.);
#5710=EDGE_CURVE('',#4533,#4502,#1622,.T.);
#5711=EDGE_CURVE('',#4533,#4532,#1623,.T.);
#5712=EDGE_CURVE('',#4534,#4501,#1624,.T.);
#5713=EDGE_CURVE('',#4534,#4533,#1625,.T.);
#5714=EDGE_CURVE('',#4535,#4500,#1626,.T.);
#5715=EDGE_CURVE('',#4535,#4534,#1627,.T.);
#5716=EDGE_CURVE('',#4536,#4499,#1628,.T.);
#5717=EDGE_CURVE('',#4536,#4535,#1629,.T.);
#5718=EDGE_CURVE('',#4537,#4498,#1630,.T.);
#5719=EDGE_CURVE('',#4537,#4536,#1631,.T.);
#5720=EDGE_CURVE('',#4538,#4537,#1632,.T.);
#5721=EDGE_CURVE('',#4539,#4538,#1633,.T.);
#5722=EDGE_CURVE('',#4540,#4539,#1634,.T.);
#5723=EDGE_CURVE('',#4541,#4540,#1635,.T.);
#5724=EDGE_CURVE('',#4542,#4541,#1636,.T.);
#5725=EDGE_CURVE('',#4543,#4542,#1637,.T.);
#5726=EDGE_CURVE('',#4544,#4543,#1638,.T.);
#5727=EDGE_CURVE('',#4545,#4544,#1639,.T.);
#5728=EDGE_CURVE('',#4546,#4545,#1640,.T.);
#5729=EDGE_CURVE('',#4547,#4546,#1641,.T.);
#5730=EDGE_CURVE('',#4548,#4547,#1642,.T.);
#5731=EDGE_CURVE('',#4549,#4548,#1643,.T.);
#5732=EDGE_CURVE('',#4550,#4549,#1644,.T.);
#5733=EDGE_CURVE('',#4551,#4550,#1645,.T.);
#5734=EDGE_CURVE('',#4552,#4551,#1646,.T.);
#5735=EDGE_CURVE('',#4553,#4552,#27,.T.);
#5736=EDGE_CURVE('',#4554,#4553,#1647,.T.);
#5737=EDGE_CURVE('',#4555,#4554,#28,.T.);
#5738=EDGE_CURVE('',#4556,#4555,#1648,.T.);
#5739=EDGE_CURVE('',#4518,#4556,#1649,.T.);
#5740=EDGE_CURVE('',#4538,#4497,#1650,.T.);
#5741=EDGE_CURVE('',#4557,#4558,#1651,.T.);
#5742=EDGE_CURVE('',#4559,#4557,#1652,.T.);
#5743=EDGE_CURVE('',#4558,#4559,#1653,.T.);
#5744=EDGE_CURVE('',#4560,#4561,#1654,.T.);
#5745=EDGE_CURVE('',#4562,#4561,#1655,.T.);
#5746=EDGE_CURVE('',#4562,#4560,#1656,.T.);
#5747=EDGE_CURVE('',#4539,#4496,#1657,.T.);
#5748=EDGE_CURVE('',#4540,#4495,#1658,.T.);
#5749=EDGE_CURVE('',#4541,#4494,#1659,.T.);
#5750=EDGE_CURVE('',#4542,#4493,#1660,.T.);
#5751=EDGE_CURVE('',#4543,#4492,#1661,.T.);
#5752=EDGE_CURVE('',#4544,#4491,#1662,.T.);
#5753=EDGE_CURVE('',#4545,#4490,#1663,.T.);
#5754=EDGE_CURVE('',#4546,#4489,#1664,.T.);
#5755=EDGE_CURVE('',#4478,#4558,#1665,.T.);
#5756=EDGE_CURVE('',#4561,#4517,#1666,.T.);
#5757=EDGE_CURVE('',#4560,#4557,#1667,.T.);
#5758=EDGE_CURVE('',#4547,#4488,#1668,.T.);
#5759=EDGE_CURVE('',#4548,#4487,#1669,.T.);
#5760=EDGE_CURVE('',#4549,#4486,#1670,.T.);
#5761=EDGE_CURVE('',#4550,#4485,#1671,.T.);
#5762=EDGE_CURVE('',#4551,#4484,#1672,.T.);
#5763=EDGE_CURVE('',#4552,#4483,#1673,.T.);
#5764=EDGE_CURVE('',#4553,#4482,#1674,.T.);
#5765=EDGE_CURVE('',#4554,#4481,#1675,.T.);
#5766=EDGE_CURVE('',#4555,#4480,#1676,.T.);
#5767=EDGE_CURVE('',#4556,#4479,#1677,.T.);
#5768=EDGE_CURVE('',#4562,#4559,#1678,.T.);
#5769=EDGE_CURVE('',#4563,#4564,#29,.T.);
#5770=EDGE_CURVE('',#4565,#4563,#1679,.T.);
#5771=EDGE_CURVE('',#4566,#4565,#1680,.T.);
#5772=EDGE_CURVE('',#4567,#4566,#30,.T.);
#5773=EDGE_CURVE('',#4568,#4567,#1681,.T.);
#5774=EDGE_CURVE('',#4569,#4568,#1682,.T.);
#5775=EDGE_CURVE('',#4570,#4569,#1683,.T.);
#5776=EDGE_CURVE('',#4571,#4570,#1684,.T.);
#5777=EDGE_CURVE('',#4572,#4571,#1685,.T.);
#5778=EDGE_CURVE('',#4573,#4572,#1686,.T.);
#5779=EDGE_CURVE('',#4574,#4573,#1687,.T.);
#5780=EDGE_CURVE('',#4575,#4574,#1688,.T.);
#5781=EDGE_CURVE('',#4576,#4575,#1689,.T.);
#5782=EDGE_CURVE('',#4577,#4576,#31,.T.);
#5783=EDGE_CURVE('',#4578,#4577,#1690,.T.);
#5784=EDGE_CURVE('',#4579,#4578,#32,.T.);
#5785=EDGE_CURVE('',#4580,#4579,#1691,.T.);
#5786=EDGE_CURVE('',#4581,#4580,#1692,.T.);
#5787=EDGE_CURVE('',#4582,#4581,#1693,.T.);
#5788=EDGE_CURVE('',#4583,#4582,#1694,.T.);
#5789=EDGE_CURVE('',#4584,#4583,#1695,.T.);
#5790=EDGE_CURVE('',#4585,#4584,#1696,.T.);
#5791=EDGE_CURVE('',#4586,#4585,#1697,.T.);
#5792=EDGE_CURVE('',#4587,#4586,#1698,.T.);
#5793=EDGE_CURVE('',#4564,#4587,#1699,.T.);
#5794=EDGE_CURVE('',#4588,#4576,#1700,.T.);
#5795=EDGE_CURVE('',#4588,#4589,#33,.T.);
#5796=EDGE_CURVE('',#4589,#4577,#1701,.T.);
#5797=EDGE_CURVE('',#4590,#4575,#1702,.T.);
#5798=EDGE_CURVE('',#4590,#4588,#1703,.T.);
#5799=EDGE_CURVE('',#4588,#4576,#1704,.T.);
#5800=EDGE_CURVE('',#4591,#4574,#1705,.T.);
#5801=EDGE_CURVE('',#4591,#4590,#1706,.T.);
#5802=EDGE_CURVE('',#4592,#4573,#1707,.T.);
#5803=EDGE_CURVE('',#4592,#4591,#1708,.T.);
#5804=EDGE_CURVE('',#4593,#4572,#1709,.T.);
#5805=EDGE_CURVE('',#4593,#4592,#1710,.T.);
#5806=EDGE_CURVE('',#4594,#4571,#1711,.T.);
#5807=EDGE_CURVE('',#4594,#4593,#1712,.T.);
#5808=EDGE_CURVE('',#4595,#4570,#1713,.T.);
#5809=EDGE_CURVE('',#4595,#4594,#1714,.T.);
#5810=EDGE_CURVE('',#4596,#4569,#1715,.T.);
#5811=EDGE_CURVE('',#4596,#4595,#1716,.T.);
#5812=EDGE_CURVE('',#4597,#4568,#1717,.T.);
#5813=EDGE_CURVE('',#4597,#4596,#1718,.T.);
#5814=EDGE_CURVE('',#4598,#4567,#1719,.T.);
#5815=EDGE_CURVE('',#4598,#4597,#1720,.T.);
#5816=EDGE_CURVE('',#4599,#4566,#1721,.T.);
#5817=EDGE_CURVE('',#4599,#4598,#34,.T.);
#5818=EDGE_CURVE('',#4600,#4565,#1722,.T.);
#5819=EDGE_CURVE('',#4600,#4599,#1723,.T.);
#5820=EDGE_CURVE('',#4601,#4563,#1724,.T.);
#5821=EDGE_CURVE('',#4601,#4600,#1725,.T.);
#5822=EDGE_CURVE('',#4602,#4601,#35,.T.);
#5823=EDGE_CURVE('',#4603,#4602,#1726,.T.);
#5824=EDGE_CURVE('',#4604,#4603,#1727,.T.);
#5825=EDGE_CURVE('',#4605,#4604,#1728,.T.);
#5826=EDGE_CURVE('',#4606,#4605,#1729,.T.);
#5827=EDGE_CURVE('',#4607,#4606,#1730,.T.);
#5828=EDGE_CURVE('',#4608,#4607,#1731,.T.);
#5829=EDGE_CURVE('',#4609,#4608,#1732,.T.);
#5830=EDGE_CURVE('',#4610,#4609,#1733,.T.);
#5831=EDGE_CURVE('',#4611,#4610,#1734,.T.);
#5832=EDGE_CURVE('',#4612,#4611,#36,.T.);
#5833=EDGE_CURVE('',#4589,#4612,#1735,.T.);
#5834=EDGE_CURVE('',#4612,#4578,#1736,.T.);
#5835=EDGE_CURVE('',#4611,#4579,#1737,.T.);
#5836=EDGE_CURVE('',#4610,#4580,#1738,.T.);
#5837=EDGE_CURVE('',#4609,#4581,#1739,.T.);
#5838=EDGE_CURVE('',#4608,#4582,#1740,.T.);
#5839=EDGE_CURVE('',#4607,#4583,#1741,.T.);
#5840=EDGE_CURVE('',#4606,#4584,#1742,.T.);
#5841=EDGE_CURVE('',#4605,#4585,#1743,.T.);
#5842=EDGE_CURVE('',#4604,#4586,#1744,.T.);
#5843=EDGE_CURVE('',#4603,#4587,#1745,.T.);
#5844=EDGE_CURVE('',#4602,#4564,#1746,.T.);
#5845=EDGE_CURVE('',#4613,#4614,#1747,.T.);
#5846=EDGE_CURVE('',#4615,#4614,#1748,.T.);
#5847=EDGE_CURVE('',#4615,#4616,#1749,.T.);
#5848=EDGE_CURVE('',#4616,#4613,#1750,.T.);
#5849=EDGE_CURVE('',#4617,#4613,#1751,.T.);
#5850=EDGE_CURVE('',#4616,#4618,#1752,.T.);
#5851=EDGE_CURVE('',#4618,#4588,#1753,.T.);
#5852=EDGE_CURVE('',#4576,#4617,#1754,.T.);
#5853=EDGE_CURVE('',#4614,#4617,#37,.T.);
#5854=EDGE_CURVE('',#4618,#4615,#38,.T.);
#5855=EDGE_CURVE('',#4619,#4620,#1755,.T.);
#5856=EDGE_CURVE('',#4621,#4619,#1756,.T.);
#5857=EDGE_CURVE('',#4622,#4621,#1757,.T.);
#5858=EDGE_CURVE('',#4623,#4622,#1758,.T.);
#5859=EDGE_CURVE('',#4624,#4623,#1759,.T.);
#5860=EDGE_CURVE('',#4625,#4624,#1760,.T.);
#5861=EDGE_CURVE('',#4626,#4625,#1761,.T.);
#5862=EDGE_CURVE('',#4627,#4626,#1762,.T.);
#5863=EDGE_CURVE('',#4628,#4627,#1763,.T.);
#5864=EDGE_CURVE('',#4629,#4628,#1764,.T.);
#5865=EDGE_CURVE('',#4630,#4629,#1765,.T.);
#5866=EDGE_CURVE('',#4631,#4630,#1766,.T.);
#5867=EDGE_CURVE('',#4632,#4631,#1767,.T.);
#5868=EDGE_CURVE('',#4633,#4632,#1768,.T.);
#5869=EDGE_CURVE('',#4634,#4633,#1769,.T.);
#5870=EDGE_CURVE('',#4635,#4634,#1770,.T.);
#5871=EDGE_CURVE('',#4636,#4635,#1771,.T.);
#5872=EDGE_CURVE('',#4637,#4636,#39,.T.);
#5873=EDGE_CURVE('',#4638,#4637,#1772,.T.);
#5874=EDGE_CURVE('',#4639,#4638,#40,.T.);
#5875=EDGE_CURVE('',#4640,#4639,#1773,.T.);
#5876=EDGE_CURVE('',#4641,#4640,#1774,.T.);
#5877=EDGE_CURVE('',#4642,#4641,#1775,.T.);
#5878=EDGE_CURVE('',#4643,#4642,#1776,.T.);
#5879=EDGE_CURVE('',#4644,#4643,#1777,.T.);
#5880=EDGE_CURVE('',#4645,#4644,#1778,.T.);
#5881=EDGE_CURVE('',#4646,#4645,#1779,.T.);
#5882=EDGE_CURVE('',#4647,#4646,#1780,.T.);
#5883=EDGE_CURVE('',#4648,#4647,#1781,.T.);
#5884=EDGE_CURVE('',#4649,#4648,#1782,.T.);
#5885=EDGE_CURVE('',#4650,#4649,#1783,.T.);
#5886=EDGE_CURVE('',#4620,#4650,#1784,.T.);
#5887=EDGE_CURVE('',#4651,#4635,#1785,.T.);
#5888=EDGE_CURVE('',#4651,#4652,#1786,.T.);
#5889=EDGE_CURVE('',#4652,#4636,#1787,.T.);
#5890=EDGE_CURVE('',#4653,#4634,#1788,.T.);
#5891=EDGE_CURVE('',#4653,#4651,#1789,.T.);
#5892=EDGE_CURVE('',#4654,#4633,#1790,.T.);
#5893=EDGE_CURVE('',#4654,#4653,#1791,.T.);
#5894=EDGE_CURVE('',#4655,#4632,#1792,.T.);
#5895=EDGE_CURVE('',#4655,#4654,#1793,.T.);
#5896=EDGE_CURVE('',#4656,#4631,#1794,.T.);
#5897=EDGE_CURVE('',#4656,#4655,#1795,.T.);
#5898=EDGE_CURVE('',#4657,#4630,#1796,.T.);
#5899=EDGE_CURVE('',#4657,#4656,#1797,.T.);
#5900=EDGE_CURVE('',#4658,#4629,#1798,.T.);
#5901=EDGE_CURVE('',#4658,#4657,#1799,.T.);
#5902=EDGE_CURVE('',#4659,#4628,#1800,.T.);
#5903=EDGE_CURVE('',#4659,#4658,#1801,.T.);
#5904=EDGE_CURVE('',#4660,#4627,#1802,.T.);
#5905=EDGE_CURVE('',#4660,#4659,#1803,.T.);
#5906=EDGE_CURVE('',#4661,#4626,#1804,.T.);
#5907=EDGE_CURVE('',#4661,#4660,#1805,.T.);
#5908=EDGE_CURVE('',#4662,#4625,#1806,.T.);
#5909=EDGE_CURVE('',#4662,#4661,#1807,.T.);
#5910=EDGE_CURVE('',#4663,#4624,#1808,.T.);
#5911=EDGE_CURVE('',#4663,#4662,#1809,.T.);
#5912=EDGE_CURVE('',#4664,#4623,#1810,.T.);
#5913=EDGE_CURVE('',#4664,#4663,#1811,.T.);
#5914=EDGE_CURVE('',#4665,#4622,#1812,.T.);
#5915=EDGE_CURVE('',#4665,#4664,#1813,.T.);
#5916=EDGE_CURVE('',#4666,#4621,#1814,.T.);
#5917=EDGE_CURVE('',#4666,#4665,#1815,.T.);
#5918=EDGE_CURVE('',#4667,#4619,#1816,.T.);
#5919=EDGE_CURVE('',#4667,#4666,#1817,.T.);
#5920=EDGE_CURVE('',#4668,#4667,#1818,.T.);
#5921=EDGE_CURVE('',#4669,#4668,#1819,.T.);
#5922=EDGE_CURVE('',#4670,#4669,#1820,.T.);
#5923=EDGE_CURVE('',#4671,#4670,#1821,.T.);
#5924=EDGE_CURVE('',#4672,#4671,#1822,.T.);
#5925=EDGE_CURVE('',#4673,#4672,#1823,.T.);
#5926=EDGE_CURVE('',#4674,#4673,#1824,.T.);
#5927=EDGE_CURVE('',#4675,#4674,#1825,.T.);
#5928=EDGE_CURVE('',#4676,#4675,#1826,.T.);
#5929=EDGE_CURVE('',#4677,#4676,#1827,.T.);
#5930=EDGE_CURVE('',#4678,#4677,#1828,.T.);
#5931=EDGE_CURVE('',#4679,#4678,#1829,.T.);
#5932=EDGE_CURVE('',#4680,#4679,#1830,.T.);
#5933=EDGE_CURVE('',#4681,#4680,#41,.T.);
#5934=EDGE_CURVE('',#4682,#4681,#1831,.T.);
#5935=EDGE_CURVE('',#4652,#4682,#42,.T.);
#5936=EDGE_CURVE('',#4682,#4637,#1832,.T.);
#5937=EDGE_CURVE('',#4681,#4638,#1833,.T.);
#5938=EDGE_CURVE('',#4680,#4639,#1834,.T.);
#5939=EDGE_CURVE('',#4679,#4640,#1835,.T.);
#5940=EDGE_CURVE('',#4678,#4641,#1836,.T.);
#5941=EDGE_CURVE('',#4677,#4642,#1837,.T.);
#5942=EDGE_CURVE('',#4676,#4643,#1838,.T.);
#5943=EDGE_CURVE('',#4675,#4644,#1839,.T.);
#5944=EDGE_CURVE('',#4674,#4645,#1840,.T.);
#5945=EDGE_CURVE('',#4673,#4646,#1841,.T.);
#5946=EDGE_CURVE('',#4672,#4647,#1842,.T.);
#5947=EDGE_CURVE('',#4671,#4648,#1843,.T.);
#5948=EDGE_CURVE('',#4670,#4649,#1844,.T.);
#5949=EDGE_CURVE('',#4669,#4650,#1845,.T.);
#5950=EDGE_CURVE('',#4668,#4620,#1846,.T.);
#5951=EDGE_CURVE('',#4683,#4684,#1847,.T.);
#5952=EDGE_CURVE('',#4685,#4683,#43,.T.);
#5953=EDGE_CURVE('',#4686,#4685,#1848,.T.);
#5954=EDGE_CURVE('',#4687,#4686,#44,.T.);
#5955=EDGE_CURVE('',#4688,#4687,#1849,.T.);
#5956=EDGE_CURVE('',#4689,#4688,#1850,.T.);
#5957=EDGE_CURVE('',#4690,#4689,#1851,.T.);
#5958=EDGE_CURVE('',#4691,#4690,#1852,.T.);
#5959=EDGE_CURVE('',#4692,#4691,#1853,.T.);
#5960=EDGE_CURVE('',#4693,#4692,#1854,.T.);
#5961=EDGE_CURVE('',#4694,#4693,#1855,.T.);
#5962=EDGE_CURVE('',#4695,#4694,#1856,.T.);
#5963=EDGE_CURVE('',#4696,#4695,#1857,.T.);
#5964=EDGE_CURVE('',#4697,#4696,#1858,.T.);
#5965=EDGE_CURVE('',#4698,#4697,#1859,.T.);
#5966=EDGE_CURVE('',#4699,#4698,#1860,.T.);
#5967=EDGE_CURVE('',#4700,#4699,#1861,.T.);
#5968=EDGE_CURVE('',#4701,#4700,#1862,.T.);
#5969=EDGE_CURVE('',#4702,#4701,#1863,.T.);
#5970=EDGE_CURVE('',#4703,#4702,#1864,.T.);
#5971=EDGE_CURVE('',#4704,#4703,#1865,.T.);
#5972=EDGE_CURVE('',#4705,#4704,#1866,.T.);
#5973=EDGE_CURVE('',#4706,#4705,#1867,.T.);
#5974=EDGE_CURVE('',#4707,#4706,#45,.T.);
#5975=EDGE_CURVE('',#4708,#4707,#1868,.T.);
#5976=EDGE_CURVE('',#4709,#4708,#46,.T.);
#5977=EDGE_CURVE('',#4710,#4709,#1869,.T.);
#5978=EDGE_CURVE('',#4711,#4710,#1870,.T.);
#5979=EDGE_CURVE('',#4712,#4711,#1871,.T.);
#5980=EDGE_CURVE('',#4713,#4712,#1872,.T.);
#5981=EDGE_CURVE('',#4714,#4713,#1873,.T.);
#5982=EDGE_CURVE('',#4715,#4714,#1874,.T.);
#5983=EDGE_CURVE('',#4716,#4715,#1875,.T.);
#5984=EDGE_CURVE('',#4717,#4716,#1876,.T.);
#5985=EDGE_CURVE('',#4718,#4717,#1877,.T.);
#5986=EDGE_CURVE('',#4719,#4718,#1878,.T.);
#5987=EDGE_CURVE('',#4720,#4719,#1879,.T.);
#5988=EDGE_CURVE('',#4721,#4720,#1880,.T.);
#5989=EDGE_CURVE('',#4722,#4721,#1881,.T.);
#5990=EDGE_CURVE('',#4723,#4722,#1882,.T.);
#5991=EDGE_CURVE('',#4724,#4723,#1883,.T.);
#5992=EDGE_CURVE('',#4725,#4724,#1884,.T.);
#5993=EDGE_CURVE('',#4726,#4725,#1885,.T.);
#5994=EDGE_CURVE('',#4727,#4726,#1886,.T.);
#5995=EDGE_CURVE('',#4684,#4727,#47,.T.);
#5996=EDGE_CURVE('',#4728,#4705,#1887,.T.);
#5997=EDGE_CURVE('',#4728,#4729,#1888,.T.);
#5998=EDGE_CURVE('',#4729,#4706,#1889,.T.);
#5999=EDGE_CURVE('',#4730,#4704,#1890,.T.);
#6000=EDGE_CURVE('',#4730,#4728,#1891,.T.);
#6001=EDGE_CURVE('',#4731,#4703,#1892,.T.);
#6002=EDGE_CURVE('',#4731,#4730,#1893,.T.);
#6003=EDGE_CURVE('',#4732,#4702,#1894,.T.);
#6004=EDGE_CURVE('',#4732,#4731,#1895,.T.);
#6005=EDGE_CURVE('',#4733,#4701,#1896,.T.);
#6006=EDGE_CURVE('',#4733,#4732,#1897,.T.);
#6007=EDGE_CURVE('',#4734,#4700,#1898,.T.);
#6008=EDGE_CURVE('',#4734,#4733,#1899,.T.);
#6009=EDGE_CURVE('',#4735,#4699,#1900,.T.);
#6010=EDGE_CURVE('',#4735,#4734,#1901,.T.);
#6011=EDGE_CURVE('',#4736,#4698,#1902,.T.);
#6012=EDGE_CURVE('',#4736,#4735,#1903,.T.);
#6013=EDGE_CURVE('',#4737,#4697,#1904,.T.);
#6014=EDGE_CURVE('',#4737,#4736,#1905,.T.);
#6015=EDGE_CURVE('',#4738,#4696,#1906,.T.);
#6016=EDGE_CURVE('',#4738,#4737,#1907,.T.);
#6017=EDGE_CURVE('',#4739,#4695,#1908,.T.);
#6018=EDGE_CURVE('',#4739,#4738,#1909,.T.);
#6019=EDGE_CURVE('',#4740,#4694,#1910,.T.);
#6020=EDGE_CURVE('',#4740,#4739,#1911,.T.);
#6021=EDGE_CURVE('',#4741,#4693,#1912,.T.);
#6022=EDGE_CURVE('',#4741,#4740,#1913,.T.);
#6023=EDGE_CURVE('',#4742,#4692,#1914,.T.);
#6024=EDGE_CURVE('',#4742,#4741,#1915,.T.);
#6025=EDGE_CURVE('',#4743,#4691,#1916,.T.);
#6026=EDGE_CURVE('',#4743,#4742,#1917,.T.);
#6027=EDGE_CURVE('',#4744,#4690,#1918,.T.);
#6028=EDGE_CURVE('',#4744,#4743,#1919,.T.);
#6029=EDGE_CURVE('',#4745,#4689,#1920,.T.);
#6030=EDGE_CURVE('',#4745,#4744,#1921,.T.);
#6031=EDGE_CURVE('',#4746,#4688,#1922,.T.);
#6032=EDGE_CURVE('',#4746,#4745,#1923,.T.);
#6033=EDGE_CURVE('',#4747,#4687,#1924,.T.);
#6034=EDGE_CURVE('',#4747,#4746,#1925,.T.);
#6035=EDGE_CURVE('',#4748,#4686,#1926,.T.);
#6036=EDGE_CURVE('',#4748,#4747,#48,.T.);
#6037=EDGE_CURVE('',#4749,#4685,#1927,.T.);
#6038=EDGE_CURVE('',#4749,#4748,#1928,.T.);
#6039=EDGE_CURVE('',#4750,#4683,#1929,.T.);
#6040=EDGE_CURVE('',#4750,#4749,#49,.T.);
#6041=EDGE_CURVE('',#4751,#4750,#1930,.T.);
#6042=EDGE_CURVE('',#4752,#4751,#50,.T.);
#6043=EDGE_CURVE('',#4753,#4752,#1931,.T.);
#6044=EDGE_CURVE('',#4754,#4753,#1932,.T.);
#6045=EDGE_CURVE('',#4755,#4754,#1933,.T.);
#6046=EDGE_CURVE('',#4756,#4755,#1934,.T.);
#6047=EDGE_CURVE('',#4757,#4756,#1935,.T.);
#6048=EDGE_CURVE('',#4758,#4757,#1936,.T.);
#6049=EDGE_CURVE('',#4759,#4758,#1937,.T.);
#6050=EDGE_CURVE('',#4760,#4759,#1938,.T.);
#6051=EDGE_CURVE('',#4761,#4760,#1939,.T.);
#6052=EDGE_CURVE('',#4762,#4761,#1940,.T.);
#6053=EDGE_CURVE('',#4763,#4762,#1941,.T.);
#6054=EDGE_CURVE('',#4764,#4763,#1942,.T.);
#6055=EDGE_CURVE('',#4765,#4764,#1943,.T.);
#6056=EDGE_CURVE('',#4766,#4765,#1944,.T.);
#6057=EDGE_CURVE('',#4767,#4766,#1945,.T.);
#6058=EDGE_CURVE('',#4768,#4767,#1946,.T.);
#6059=EDGE_CURVE('',#4769,#4768,#1947,.T.);
#6060=EDGE_CURVE('',#4770,#4769,#1948,.T.);
#6061=EDGE_CURVE('',#4771,#4770,#51,.T.);
#6062=EDGE_CURVE('',#4772,#4771,#1949,.T.);
#6063=EDGE_CURVE('',#4729,#4772,#52,.T.);
#6064=EDGE_CURVE('',#4772,#4707,#1950,.T.);
#6065=EDGE_CURVE('',#4771,#4708,#1951,.T.);
#6066=EDGE_CURVE('',#4770,#4709,#1952,.T.);
#6067=EDGE_CURVE('',#4769,#4710,#1953,.T.);
#6068=EDGE_CURVE('',#4768,#4711,#1954,.T.);
#6069=EDGE_CURVE('',#4767,#4712,#1955,.T.);
#6070=EDGE_CURVE('',#4766,#4713,#1956,.T.);
#6071=EDGE_CURVE('',#4765,#4714,#1957,.T.);
#6072=EDGE_CURVE('',#4764,#4715,#1958,.T.);
#6073=EDGE_CURVE('',#4763,#4716,#1959,.T.);
#6074=EDGE_CURVE('',#4762,#4717,#1960,.T.);
#6075=EDGE_CURVE('',#4761,#4718,#1961,.T.);
#6076=EDGE_CURVE('',#4760,#4719,#1962,.T.);
#6077=EDGE_CURVE('',#4759,#4720,#1963,.T.);
#6078=EDGE_CURVE('',#4758,#4721,#1964,.T.);
#6079=EDGE_CURVE('',#4757,#4722,#1965,.T.);
#6080=EDGE_CURVE('',#4756,#4723,#1966,.T.);
#6081=EDGE_CURVE('',#4755,#4724,#1967,.T.);
#6082=EDGE_CURVE('',#4754,#4725,#1968,.T.);
#6083=EDGE_CURVE('',#4753,#4726,#1969,.T.);
#6084=EDGE_CURVE('',#4752,#4727,#1970,.T.);
#6085=EDGE_CURVE('',#4751,#4684,#1971,.T.);
#6086=EDGE_CURVE('',#4773,#4774,#1972,.T.);
#6087=EDGE_CURVE('',#4775,#4773,#1973,.T.);
#6088=EDGE_CURVE('',#4775,#4776,#1974,.T.);
#6089=EDGE_CURVE('',#4774,#4776,#1975,.T.);
#6090=EDGE_CURVE('',#4777,#4775,#1976,.T.);
#6091=EDGE_CURVE('',#4777,#4778,#1977,.T.);
#6092=EDGE_CURVE('',#4776,#4778,#1978,.T.);
#6093=EDGE_CURVE('',#4779,#4777,#1979,.T.);
#6094=EDGE_CURVE('',#4779,#4780,#1980,.T.);
#6095=EDGE_CURVE('',#4778,#4780,#1981,.T.);
#6096=EDGE_CURVE('',#4781,#4779,#1982,.T.);
#6097=EDGE_CURVE('',#4781,#4782,#1983,.T.);
#6098=EDGE_CURVE('',#4780,#4782,#1984,.T.);
#6099=EDGE_CURVE('',#4783,#4781,#1985,.T.);
#6100=EDGE_CURVE('',#4783,#4784,#1986,.T.);
#6101=EDGE_CURVE('',#4782,#4784,#1987,.T.);
#6102=EDGE_CURVE('',#4785,#4783,#1988,.T.);
#6103=EDGE_CURVE('',#4785,#4786,#1989,.T.);
#6104=EDGE_CURVE('',#4784,#4786,#1990,.T.);
#6105=EDGE_CURVE('',#4787,#4785,#1991,.T.);
#6106=EDGE_CURVE('',#4787,#4788,#1992,.T.);
#6107=EDGE_CURVE('',#4786,#4788,#1993,.T.);
#6108=EDGE_CURVE('',#4789,#4787,#1994,.T.);
#6109=EDGE_CURVE('',#4789,#4790,#1995,.T.);
#6110=EDGE_CURVE('',#4788,#4790,#1996,.T.);
#6111=EDGE_CURVE('',#4791,#4789,#1997,.T.);
#6112=EDGE_CURVE('',#4791,#4792,#1998,.T.);
#6113=EDGE_CURVE('',#4790,#4792,#1999,.T.);
#6114=EDGE_CURVE('',#4793,#4791,#2000,.T.);
#6115=EDGE_CURVE('',#4793,#4794,#2001,.T.);
#6116=EDGE_CURVE('',#4792,#4794,#2002,.T.);
#6117=EDGE_CURVE('',#4795,#4793,#2003,.T.);
#6118=EDGE_CURVE('',#4795,#4796,#2004,.T.);
#6119=EDGE_CURVE('',#4794,#4796,#2005,.T.);
#6120=EDGE_CURVE('',#4797,#4795,#2006,.T.);
#6121=EDGE_CURVE('',#4797,#4798,#2007,.T.);
#6122=EDGE_CURVE('',#4796,#4798,#2008,.T.);
#6123=EDGE_CURVE('',#4799,#4797,#2009,.T.);
#6124=EDGE_CURVE('',#4799,#4800,#2010,.T.);
#6125=EDGE_CURVE('',#4798,#4800,#2011,.T.);
#6126=EDGE_CURVE('',#4801,#4799,#2012,.T.);
#6127=EDGE_CURVE('',#4801,#4802,#2013,.T.);
#6128=EDGE_CURVE('',#4800,#4802,#2014,.T.);
#6129=EDGE_CURVE('',#4803,#4801,#2015,.T.);
#6130=EDGE_CURVE('',#4803,#4804,#2016,.T.);
#6131=EDGE_CURVE('',#4802,#4804,#2017,.T.);
#6132=EDGE_CURVE('',#4805,#4803,#2018,.T.);
#6133=EDGE_CURVE('',#4805,#4806,#2019,.T.);
#6134=EDGE_CURVE('',#4804,#4806,#2020,.T.);
#6135=EDGE_CURVE('',#4807,#4805,#2021,.T.);
#6136=EDGE_CURVE('',#4807,#4808,#2022,.T.);
#6137=EDGE_CURVE('',#4806,#4808,#2023,.T.);
#6138=EDGE_CURVE('',#4809,#4807,#2024,.T.);
#6139=EDGE_CURVE('',#4809,#4810,#2025,.T.);
#6140=EDGE_CURVE('',#4808,#4810,#2026,.T.);
#6141=EDGE_CURVE('',#4811,#4809,#2027,.T.);
#6142=EDGE_CURVE('',#4811,#4812,#2028,.T.);
#6143=EDGE_CURVE('',#4810,#4812,#2029,.T.);
#6144=EDGE_CURVE('',#4813,#4811,#2030,.T.);
#6145=EDGE_CURVE('',#4813,#4814,#2031,.T.);
#6146=EDGE_CURVE('',#4812,#4814,#2032,.T.);
#6147=EDGE_CURVE('',#4815,#4813,#2033,.T.);
#6148=EDGE_CURVE('',#4815,#4816,#2034,.T.);
#6149=EDGE_CURVE('',#4814,#4816,#2035,.T.);
#6150=EDGE_CURVE('',#4817,#4815,#2036,.T.);
#6151=EDGE_CURVE('',#4817,#4818,#2037,.T.);
#6152=EDGE_CURVE('',#4816,#4818,#2038,.T.);
#6153=EDGE_CURVE('',#4819,#4817,#2039,.T.);
#6154=EDGE_CURVE('',#4819,#4820,#2040,.T.);
#6155=EDGE_CURVE('',#4818,#4820,#2041,.T.);
#6156=EDGE_CURVE('',#4821,#4819,#2042,.T.);
#6157=EDGE_CURVE('',#4821,#4822,#2043,.T.);
#6158=EDGE_CURVE('',#4820,#4822,#2044,.T.);
#6159=EDGE_CURVE('',#4823,#4821,#2045,.T.);
#6160=EDGE_CURVE('',#4823,#4824,#2046,.T.);
#6161=EDGE_CURVE('',#4822,#4824,#2047,.T.);
#6162=EDGE_CURVE('',#4825,#4823,#2048,.T.);
#6163=EDGE_CURVE('',#4825,#4826,#2049,.T.);
#6164=EDGE_CURVE('',#4824,#4826,#2050,.T.);
#6165=EDGE_CURVE('',#4827,#4825,#2051,.T.);
#6166=EDGE_CURVE('',#4827,#4828,#2052,.T.);
#6167=EDGE_CURVE('',#4826,#4828,#2053,.T.);
#6168=EDGE_CURVE('',#4829,#4827,#2054,.T.);
#6169=EDGE_CURVE('',#4829,#4830,#2055,.T.);
#6170=EDGE_CURVE('',#4828,#4830,#2056,.T.);
#6171=EDGE_CURVE('',#4831,#4829,#2057,.T.);
#6172=EDGE_CURVE('',#4831,#4832,#2058,.T.);
#6173=EDGE_CURVE('',#4830,#4832,#2059,.T.);
#6174=EDGE_CURVE('',#4833,#4831,#2060,.T.);
#6175=EDGE_CURVE('',#4833,#4834,#2061,.T.);
#6176=EDGE_CURVE('',#4832,#4834,#2062,.T.);
#6177=EDGE_CURVE('',#4835,#4833,#2063,.T.);
#6178=EDGE_CURVE('',#4835,#4836,#2064,.T.);
#6179=EDGE_CURVE('',#4834,#4836,#2065,.T.);
#6180=EDGE_CURVE('',#4837,#4835,#2066,.T.);
#6181=EDGE_CURVE('',#4837,#4838,#2067,.T.);
#6182=EDGE_CURVE('',#4836,#4838,#2068,.T.);
#6183=EDGE_CURVE('',#4839,#4837,#2069,.T.);
#6184=EDGE_CURVE('',#4839,#4840,#2070,.T.);
#6185=EDGE_CURVE('',#4838,#4840,#2071,.T.);
#6186=EDGE_CURVE('',#4841,#4839,#2072,.T.);
#6187=EDGE_CURVE('',#4841,#4842,#2073,.T.);
#6188=EDGE_CURVE('',#4840,#4842,#2074,.T.);
#6189=EDGE_CURVE('',#4843,#4841,#2075,.T.);
#6190=EDGE_CURVE('',#4843,#4844,#2076,.T.);
#6191=EDGE_CURVE('',#4842,#4844,#2077,.T.);
#6192=EDGE_CURVE('',#4845,#4843,#2078,.T.);
#6193=EDGE_CURVE('',#4845,#4846,#2079,.T.);
#6194=EDGE_CURVE('',#4844,#4846,#2080,.T.);
#6195=EDGE_CURVE('',#4847,#4845,#2081,.T.);
#6196=EDGE_CURVE('',#4847,#4848,#2082,.T.);
#6197=EDGE_CURVE('',#4846,#4848,#2083,.T.);
#6198=EDGE_CURVE('',#4849,#4847,#2084,.T.);
#6199=EDGE_CURVE('',#4849,#4850,#2085,.T.);
#6200=EDGE_CURVE('',#4848,#4850,#2086,.T.);
#6201=EDGE_CURVE('',#4851,#4849,#2087,.T.);
#6202=EDGE_CURVE('',#4851,#4852,#2088,.T.);
#6203=EDGE_CURVE('',#4850,#4852,#2089,.T.);
#6204=EDGE_CURVE('',#4853,#4851,#2090,.T.);
#6205=EDGE_CURVE('',#4853,#4854,#2091,.T.);
#6206=EDGE_CURVE('',#4852,#4854,#2092,.T.);
#6207=EDGE_CURVE('',#4855,#4853,#2093,.T.);
#6208=EDGE_CURVE('',#4855,#4856,#2094,.T.);
#6209=EDGE_CURVE('',#4854,#4856,#2095,.T.);
#6210=EDGE_CURVE('',#4857,#4855,#2096,.T.);
#6211=EDGE_CURVE('',#4857,#4858,#2097,.T.);
#6212=EDGE_CURVE('',#4856,#4858,#2098,.T.);
#6213=EDGE_CURVE('',#4859,#4857,#2099,.T.);
#6214=EDGE_CURVE('',#4859,#4860,#2100,.T.);
#6215=EDGE_CURVE('',#4858,#4860,#2101,.T.);
#6216=EDGE_CURVE('',#4861,#4859,#2102,.T.);
#6217=EDGE_CURVE('',#4861,#4862,#2103,.T.);
#6218=EDGE_CURVE('',#4860,#4862,#2104,.T.);
#6219=EDGE_CURVE('',#4863,#4861,#2105,.T.);
#6220=EDGE_CURVE('',#4863,#4864,#2106,.T.);
#6221=EDGE_CURVE('',#4862,#4864,#2107,.T.);
#6222=EDGE_CURVE('',#4865,#4863,#2108,.T.);
#6223=EDGE_CURVE('',#4865,#4866,#2109,.T.);
#6224=EDGE_CURVE('',#4864,#4866,#2110,.T.);
#6225=EDGE_CURVE('',#4867,#4865,#2111,.T.);
#6226=EDGE_CURVE('',#4867,#4868,#2112,.T.);
#6227=EDGE_CURVE('',#4866,#4868,#2113,.T.);
#6228=EDGE_CURVE('',#4869,#4867,#2114,.T.);
#6229=EDGE_CURVE('',#4869,#4870,#2115,.T.);
#6230=EDGE_CURVE('',#4868,#4870,#2116,.T.);
#6231=EDGE_CURVE('',#4871,#4869,#2117,.T.);
#6232=EDGE_CURVE('',#4871,#4872,#2118,.T.);
#6233=EDGE_CURVE('',#4870,#4872,#2119,.T.);
#6234=EDGE_CURVE('',#4873,#4871,#2120,.T.);
#6235=EDGE_CURVE('',#4873,#4874,#2121,.T.);
#6236=EDGE_CURVE('',#4872,#4874,#2122,.T.);
#6237=EDGE_CURVE('',#4875,#4873,#2123,.T.);
#6238=EDGE_CURVE('',#4875,#4876,#2124,.T.);
#6239=EDGE_CURVE('',#4874,#4876,#2125,.T.);
#6240=EDGE_CURVE('',#4877,#4875,#2126,.T.);
#6241=EDGE_CURVE('',#4877,#4878,#2127,.T.);
#6242=EDGE_CURVE('',#4876,#4878,#2128,.T.);
#6243=EDGE_CURVE('',#4879,#4877,#2129,.T.);
#6244=EDGE_CURVE('',#4879,#4880,#2130,.T.);
#6245=EDGE_CURVE('',#4878,#4880,#2131,.T.);
#6246=EDGE_CURVE('',#4881,#4879,#2132,.T.);
#6247=EDGE_CURVE('',#4881,#4882,#2133,.T.);
#6248=EDGE_CURVE('',#4880,#4882,#2134,.T.);
#6249=EDGE_CURVE('',#4883,#4881,#2135,.T.);
#6250=EDGE_CURVE('',#4883,#4884,#2136,.T.);
#6251=EDGE_CURVE('',#4882,#4884,#2137,.T.);
#6252=EDGE_CURVE('',#4885,#4883,#2138,.T.);
#6253=EDGE_CURVE('',#4886,#4885,#2139,.T.);
#6254=EDGE_CURVE('',#4886,#4887,#2140,.T.);
#6255=EDGE_CURVE('',#4887,#4888,#2141,.T.);
#6256=EDGE_CURVE('',#4884,#4888,#2142,.T.);
#6257=EDGE_CURVE('',#4889,#4885,#2143,.T.);
#6258=EDGE_CURVE('',#4890,#4889,#2144,.T.);
#6259=EDGE_CURVE('',#4888,#4890,#2145,.T.);
#6260=EDGE_CURVE('',#4891,#4889,#2146,.T.);
#6261=EDGE_CURVE('',#4891,#4892,#2147,.T.);
#6262=EDGE_CURVE('',#4890,#4892,#2148,.T.);
#6263=EDGE_CURVE('',#4893,#4891,#2149,.T.);
#6264=EDGE_CURVE('',#4893,#4894,#2150,.T.);
#6265=EDGE_CURVE('',#4892,#4894,#2151,.T.);
#6266=EDGE_CURVE('',#4895,#4893,#2152,.T.);
#6267=EDGE_CURVE('',#4895,#4896,#2153,.T.);
#6268=EDGE_CURVE('',#4894,#4896,#2154,.T.);
#6269=EDGE_CURVE('',#4897,#4895,#2155,.T.);
#6270=EDGE_CURVE('',#4897,#4898,#2156,.T.);
#6271=EDGE_CURVE('',#4896,#4898,#2157,.T.);
#6272=EDGE_CURVE('',#4899,#4897,#2158,.T.);
#6273=EDGE_CURVE('',#4899,#4900,#2159,.T.);
#6274=EDGE_CURVE('',#4898,#4900,#2160,.T.);
#6275=EDGE_CURVE('',#4901,#4899,#2161,.T.);
#6276=EDGE_CURVE('',#4901,#4902,#2162,.T.);
#6277=EDGE_CURVE('',#4900,#4902,#2163,.T.);
#6278=EDGE_CURVE('',#4903,#4901,#2164,.T.);
#6279=EDGE_CURVE('',#4903,#4904,#2165,.T.);
#6280=EDGE_CURVE('',#4902,#4904,#2166,.T.);
#6281=EDGE_CURVE('',#4905,#4903,#2167,.T.);
#6282=EDGE_CURVE('',#4905,#4906,#2168,.T.);
#6283=EDGE_CURVE('',#4904,#4906,#2169,.T.);
#6284=EDGE_CURVE('',#4907,#4905,#2170,.T.);
#6285=EDGE_CURVE('',#4907,#4908,#2171,.T.);
#6286=EDGE_CURVE('',#4906,#4908,#2172,.T.);
#6287=EDGE_CURVE('',#4909,#4907,#2173,.T.);
#6288=EDGE_CURVE('',#4909,#4910,#2174,.T.);
#6289=EDGE_CURVE('',#4908,#4910,#2175,.T.);
#6290=EDGE_CURVE('',#4911,#4909,#2176,.T.);
#6291=EDGE_CURVE('',#4911,#4912,#2177,.T.);
#6292=EDGE_CURVE('',#4910,#4912,#2178,.T.);
#6293=EDGE_CURVE('',#4913,#4911,#2179,.T.);
#6294=EDGE_CURVE('',#4913,#4914,#2180,.T.);
#6295=EDGE_CURVE('',#4912,#4914,#2181,.T.);
#6296=EDGE_CURVE('',#4915,#4913,#2182,.T.);
#6297=EDGE_CURVE('',#4915,#4916,#2183,.T.);
#6298=EDGE_CURVE('',#4914,#4916,#2184,.T.);
#6299=EDGE_CURVE('',#4917,#4915,#2185,.T.);
#6300=EDGE_CURVE('',#4917,#4918,#2186,.T.);
#6301=EDGE_CURVE('',#4916,#4918,#2187,.T.);
#6302=EDGE_CURVE('',#4919,#4917,#2188,.T.);
#6303=EDGE_CURVE('',#4919,#4920,#2189,.T.);
#6304=EDGE_CURVE('',#4918,#4920,#2190,.T.);
#6305=EDGE_CURVE('',#4921,#4919,#2191,.T.);
#6306=EDGE_CURVE('',#4921,#4922,#2192,.T.);
#6307=EDGE_CURVE('',#4920,#4922,#2193,.T.);
#6308=EDGE_CURVE('',#4923,#4921,#2194,.T.);
#6309=EDGE_CURVE('',#4923,#4924,#2195,.T.);
#6310=EDGE_CURVE('',#4922,#4924,#2196,.T.);
#6311=EDGE_CURVE('',#4925,#4923,#2197,.T.);
#6312=EDGE_CURVE('',#4925,#4926,#2198,.T.);
#6313=EDGE_CURVE('',#4924,#4926,#2199,.T.);
#6314=EDGE_CURVE('',#4927,#4925,#2200,.T.);
#6315=EDGE_CURVE('',#4927,#4928,#2201,.T.);
#6316=EDGE_CURVE('',#4926,#4928,#2202,.T.);
#6317=EDGE_CURVE('',#4929,#4927,#2203,.T.);
#6318=EDGE_CURVE('',#4929,#4930,#2204,.T.);
#6319=EDGE_CURVE('',#4928,#4930,#2205,.T.);
#6320=EDGE_CURVE('',#4931,#4929,#2206,.T.);
#6321=EDGE_CURVE('',#4931,#4932,#2207,.T.);
#6322=EDGE_CURVE('',#4930,#4932,#2208,.T.);
#6323=EDGE_CURVE('',#4933,#4931,#2209,.T.);
#6324=EDGE_CURVE('',#4933,#4934,#2210,.T.);
#6325=EDGE_CURVE('',#4932,#4934,#2211,.T.);
#6326=EDGE_CURVE('',#4935,#4933,#2212,.T.);
#6327=EDGE_CURVE('',#4935,#4936,#2213,.T.);
#6328=EDGE_CURVE('',#4934,#4936,#2214,.T.);
#6329=EDGE_CURVE('',#4937,#4935,#2215,.T.);
#6330=EDGE_CURVE('',#4937,#4938,#2216,.T.);
#6331=EDGE_CURVE('',#4936,#4938,#2217,.T.);
#6332=EDGE_CURVE('',#4939,#4937,#2218,.T.);
#6333=EDGE_CURVE('',#4939,#4940,#2219,.T.);
#6334=EDGE_CURVE('',#4938,#4940,#2220,.T.);
#6335=EDGE_CURVE('',#4941,#4939,#2221,.T.);
#6336=EDGE_CURVE('',#4941,#4942,#2222,.T.);
#6337=EDGE_CURVE('',#4940,#4942,#2223,.T.);
#6338=EDGE_CURVE('',#4943,#4941,#2224,.T.);
#6339=EDGE_CURVE('',#4943,#4944,#2225,.T.);
#6340=EDGE_CURVE('',#4942,#4944,#2226,.T.);
#6341=EDGE_CURVE('',#4945,#4943,#2227,.T.);
#6342=EDGE_CURVE('',#4945,#4946,#2228,.T.);
#6343=EDGE_CURVE('',#4944,#4946,#2229,.T.);
#6344=EDGE_CURVE('',#4947,#4945,#2230,.T.);
#6345=EDGE_CURVE('',#4947,#4948,#2231,.T.);
#6346=EDGE_CURVE('',#4946,#4948,#2232,.T.);
#6347=EDGE_CURVE('',#4949,#4947,#2233,.T.);
#6348=EDGE_CURVE('',#4949,#4950,#2234,.T.);
#6349=EDGE_CURVE('',#4948,#4950,#2235,.T.);
#6350=EDGE_CURVE('',#4951,#4949,#2236,.T.);
#6351=EDGE_CURVE('',#4951,#4952,#2237,.T.);
#6352=EDGE_CURVE('',#4950,#4952,#2238,.T.);
#6353=EDGE_CURVE('',#4953,#4951,#2239,.T.);
#6354=EDGE_CURVE('',#4953,#4954,#2240,.T.);
#6355=EDGE_CURVE('',#4952,#4954,#2241,.T.);
#6356=EDGE_CURVE('',#4955,#4953,#2242,.T.);
#6357=EDGE_CURVE('',#4955,#4956,#2243,.T.);
#6358=EDGE_CURVE('',#4954,#4956,#2244,.T.);
#6359=EDGE_CURVE('',#4957,#4955,#2245,.T.);
#6360=EDGE_CURVE('',#4957,#4958,#2246,.T.);
#6361=EDGE_CURVE('',#4956,#4958,#2247,.T.);
#6362=EDGE_CURVE('',#4959,#4957,#2248,.T.);
#6363=EDGE_CURVE('',#4959,#4960,#2249,.T.);
#6364=EDGE_CURVE('',#4958,#4960,#2250,.T.);
#6365=EDGE_CURVE('',#4961,#4959,#2251,.T.);
#6366=EDGE_CURVE('',#4961,#4962,#2252,.T.);
#6367=EDGE_CURVE('',#4960,#4962,#2253,.T.);
#6368=EDGE_CURVE('',#4963,#4961,#2254,.T.);
#6369=EDGE_CURVE('',#4963,#4964,#2255,.T.);
#6370=EDGE_CURVE('',#4962,#4964,#2256,.T.);
#6371=EDGE_CURVE('',#4965,#4963,#2257,.T.);
#6372=EDGE_CURVE('',#4965,#4966,#2258,.T.);
#6373=EDGE_CURVE('',#4964,#4966,#2259,.T.);
#6374=EDGE_CURVE('',#4967,#4965,#2260,.T.);
#6375=EDGE_CURVE('',#4967,#4968,#2261,.T.);
#6376=EDGE_CURVE('',#4966,#4968,#2262,.T.);
#6377=EDGE_CURVE('',#4969,#4967,#2263,.T.);
#6378=EDGE_CURVE('',#4969,#4970,#2264,.T.);
#6379=EDGE_CURVE('',#4968,#4970,#2265,.T.);
#6380=EDGE_CURVE('',#4971,#4969,#2266,.T.);
#6381=EDGE_CURVE('',#4971,#4972,#2267,.T.);
#6382=EDGE_CURVE('',#4970,#4972,#2268,.T.);
#6383=EDGE_CURVE('',#4973,#4971,#2269,.T.);
#6384=EDGE_CURVE('',#4973,#4974,#2270,.T.);
#6385=EDGE_CURVE('',#4972,#4974,#2271,.T.);
#6386=EDGE_CURVE('',#4975,#4973,#2272,.T.);
#6387=EDGE_CURVE('',#4975,#4976,#2273,.T.);
#6388=EDGE_CURVE('',#4974,#4976,#2274,.T.);
#6389=EDGE_CURVE('',#4977,#4975,#2275,.T.);
#6390=EDGE_CURVE('',#4977,#4978,#2276,.T.);
#6391=EDGE_CURVE('',#4976,#4978,#2277,.T.);
#6392=EDGE_CURVE('',#4979,#4977,#2278,.T.);
#6393=EDGE_CURVE('',#4979,#4980,#2279,.T.);
#6394=EDGE_CURVE('',#4978,#4980,#2280,.T.);
#6395=EDGE_CURVE('',#4981,#4979,#2281,.T.);
#6396=EDGE_CURVE('',#4981,#4982,#2282,.T.);
#6397=EDGE_CURVE('',#4980,#4982,#2283,.T.);
#6398=EDGE_CURVE('',#4983,#4981,#2284,.T.);
#6399=EDGE_CURVE('',#4983,#4984,#2285,.T.);
#6400=EDGE_CURVE('',#4982,#4984,#2286,.T.);
#6401=EDGE_CURVE('',#4985,#4983,#2287,.T.);
#6402=EDGE_CURVE('',#4985,#4986,#2288,.T.);
#6403=EDGE_CURVE('',#4984,#4986,#2289,.T.);
#6404=EDGE_CURVE('',#4987,#4985,#2290,.T.);
#6405=EDGE_CURVE('',#4987,#4988,#2291,.T.);
#6406=EDGE_CURVE('',#4986,#4988,#2292,.T.);
#6407=EDGE_CURVE('',#4989,#4987,#53,.T.);
#6408=EDGE_CURVE('',#4989,#4990,#2293,.T.);
#6409=EDGE_CURVE('',#4988,#4990,#54,.T.);
#6410=EDGE_CURVE('',#4991,#4989,#2294,.T.);
#6411=EDGE_CURVE('',#4991,#4992,#2295,.T.);
#6412=EDGE_CURVE('',#4990,#4992,#2296,.T.);
#6413=EDGE_CURVE('',#4993,#4991,#2297,.T.);
#6414=EDGE_CURVE('',#4993,#4994,#2298,.T.);
#6415=EDGE_CURVE('',#4992,#4994,#2299,.T.);
#6416=EDGE_CURVE('',#4995,#4993,#2300,.T.);
#6417=EDGE_CURVE('',#4995,#4996,#2301,.T.);
#6418=EDGE_CURVE('',#4994,#4996,#2302,.T.);
#6419=EDGE_CURVE('',#4997,#4995,#2303,.T.);
#6420=EDGE_CURVE('',#4997,#4998,#2304,.T.);
#6421=EDGE_CURVE('',#4996,#4998,#2305,.T.);
#6422=EDGE_CURVE('',#4999,#4997,#2306,.T.);
#6423=EDGE_CURVE('',#4999,#5000,#2307,.T.);
#6424=EDGE_CURVE('',#4998,#5000,#2308,.T.);
#6425=EDGE_CURVE('',#4773,#4999,#2309,.T.);
#6426=EDGE_CURVE('',#5000,#4774,#2310,.T.);
#6427=EDGE_CURVE('',#5001,#5002,#2311,.T.);
#6428=EDGE_CURVE('',#5003,#5001,#2312,.T.);
#6429=EDGE_CURVE('',#5004,#5003,#2313,.T.);
#6430=EDGE_CURVE('',#5005,#5004,#55,.T.);
#6431=EDGE_CURVE('',#5006,#5005,#2314,.T.);
#6432=EDGE_CURVE('',#5007,#5006,#56,.T.);
#6433=EDGE_CURVE('',#5008,#5007,#2315,.T.);
#6434=EDGE_CURVE('',#5009,#5008,#2316,.T.);
#6435=EDGE_CURVE('',#5010,#5009,#2317,.T.);
#6436=EDGE_CURVE('',#5011,#5010,#2318,.T.);
#6437=EDGE_CURVE('',#5012,#5011,#2319,.T.);
#6438=EDGE_CURVE('',#5013,#5012,#2320,.T.);
#6439=EDGE_CURVE('',#5014,#5013,#2321,.T.);
#6440=EDGE_CURVE('',#5015,#5014,#2322,.T.);
#6441=EDGE_CURVE('',#5016,#5015,#2323,.T.);
#6442=EDGE_CURVE('',#5017,#5016,#2324,.T.);
#6443=EDGE_CURVE('',#5018,#5017,#2325,.T.);
#6444=EDGE_CURVE('',#5019,#5018,#2326,.T.);
#6445=EDGE_CURVE('',#5020,#5019,#2327,.T.);
#6446=EDGE_CURVE('',#5021,#5020,#2328,.T.);
#6447=EDGE_CURVE('',#5022,#5021,#2329,.T.);
#6448=EDGE_CURVE('',#5023,#5022,#2330,.T.);
#6449=EDGE_CURVE('',#5024,#5023,#2331,.T.);
#6450=EDGE_CURVE('',#5025,#5024,#2332,.T.);
#6451=EDGE_CURVE('',#5026,#5025,#2333,.T.);
#6452=EDGE_CURVE('',#5027,#5026,#2334,.T.);
#6453=EDGE_CURVE('',#5028,#5027,#2335,.T.);
#6454=EDGE_CURVE('',#5029,#5028,#2336,.T.);
#6455=EDGE_CURVE('',#5030,#5029,#2337,.T.);
#6456=EDGE_CURVE('',#5031,#5030,#2338,.T.);
#6457=EDGE_CURVE('',#5032,#5031,#2339,.T.);
#6458=EDGE_CURVE('',#5033,#5032,#2340,.T.);
#6459=EDGE_CURVE('',#5034,#5033,#2341,.T.);
#6460=EDGE_CURVE('',#5035,#5034,#2342,.T.);
#6461=EDGE_CURVE('',#5036,#5035,#2343,.T.);
#6462=EDGE_CURVE('',#5037,#5036,#2344,.T.);
#6463=EDGE_CURVE('',#5038,#5037,#2345,.T.);
#6464=EDGE_CURVE('',#5039,#5038,#2346,.T.);
#6465=EDGE_CURVE('',#5040,#5039,#2347,.T.);
#6466=EDGE_CURVE('',#5002,#5040,#2348,.T.);
#6467=EDGE_CURVE('',#5041,#5002,#2349,.T.);
#6468=EDGE_CURVE('',#5041,#5042,#2350,.T.);
#6469=EDGE_CURVE('',#5042,#5001,#2351,.T.);
#6470=EDGE_CURVE('',#5043,#5040,#2352,.T.);
#6471=EDGE_CURVE('',#5043,#5041,#2353,.T.);
#6472=EDGE_CURVE('',#5041,#5002,#2354,.T.);
#6473=EDGE_CURVE('',#5044,#5039,#2355,.T.);
#6474=EDGE_CURVE('',#5044,#5043,#2356,.T.);
#6475=EDGE_CURVE('',#5045,#5038,#2357,.T.);
#6476=EDGE_CURVE('',#5045,#5044,#2358,.T.);
#6477=EDGE_CURVE('',#5046,#5037,#2359,.T.);
#6478=EDGE_CURVE('',#5046,#5045,#2360,.T.);
#6479=EDGE_CURVE('',#5047,#5036,#2361,.T.);
#6480=EDGE_CURVE('',#5047,#5046,#2362,.T.);
#6481=EDGE_CURVE('',#5048,#5035,#2363,.T.);
#6482=EDGE_CURVE('',#5048,#5047,#2364,.T.);
#6483=EDGE_CURVE('',#5049,#5034,#2365,.T.);
#6484=EDGE_CURVE('',#5049,#5048,#2366,.T.);
#6485=EDGE_CURVE('',#5050,#5033,#2367,.T.);
#6486=EDGE_CURVE('',#5050,#5049,#2368,.T.);
#6487=EDGE_CURVE('',#5051,#5032,#2369,.T.);
#6488=EDGE_CURVE('',#5051,#5050,#2370,.T.);
#6489=EDGE_CURVE('',#5052,#5031,#2371,.T.);
#6490=EDGE_CURVE('',#5052,#5051,#2372,.T.);
#6491=EDGE_CURVE('',#5053,#5030,#2373,.T.);
#6492=EDGE_CURVE('',#5053,#5052,#2374,.T.);
#6493=EDGE_CURVE('',#5054,#5029,#2375,.T.);
#6494=EDGE_CURVE('',#5054,#5053,#2376,.T.);
#6495=EDGE_CURVE('',#5055,#5028,#2377,.T.);
#6496=EDGE_CURVE('',#5055,#5054,#2378,.T.);
#6497=EDGE_CURVE('',#5056,#5027,#2379,.T.);
#6498=EDGE_CURVE('',#5056,#5055,#2380,.T.);
#6499=EDGE_CURVE('',#5057,#5026,#2381,.T.);
#6500=EDGE_CURVE('',#5057,#5056,#2382,.T.);
#6501=EDGE_CURVE('',#5058,#5025,#2383,.T.);
#6502=EDGE_CURVE('',#5058,#5057,#2384,.T.);
#6503=EDGE_CURVE('',#5059,#5024,#2385,.T.);
#6504=EDGE_CURVE('',#5059,#5058,#2386,.T.);
#6505=EDGE_CURVE('',#5060,#5023,#2387,.T.);
#6506=EDGE_CURVE('',#5060,#5059,#2388,.T.);
#6507=EDGE_CURVE('',#5061,#5022,#2389,.T.);
#6508=EDGE_CURVE('',#5061,#5060,#2390,.T.);
#6509=EDGE_CURVE('',#5062,#5061,#2391,.T.);
#6510=EDGE_CURVE('',#5063,#5062,#2392,.T.);
#6511=EDGE_CURVE('',#5064,#5063,#2393,.T.);
#6512=EDGE_CURVE('',#5065,#5064,#2394,.T.);
#6513=EDGE_CURVE('',#5066,#5065,#2395,.T.);
#6514=EDGE_CURVE('',#5067,#5066,#2396,.T.);
#6515=EDGE_CURVE('',#5068,#5067,#2397,.T.);
#6516=EDGE_CURVE('',#5069,#5068,#2398,.T.);
#6517=EDGE_CURVE('',#5070,#5069,#2399,.T.);
#6518=EDGE_CURVE('',#5071,#5070,#2400,.T.);
#6519=EDGE_CURVE('',#5072,#5071,#2401,.T.);
#6520=EDGE_CURVE('',#5073,#5072,#2402,.T.);
#6521=EDGE_CURVE('',#5074,#5073,#2403,.T.);
#6522=EDGE_CURVE('',#5075,#5074,#2404,.T.);
#6523=EDGE_CURVE('',#5076,#5075,#2405,.T.);
#6524=EDGE_CURVE('',#5077,#5076,#57,.T.);
#6525=EDGE_CURVE('',#5078,#5077,#2406,.T.);
#6526=EDGE_CURVE('',#5079,#5078,#58,.T.);
#6527=EDGE_CURVE('',#5080,#5079,#2407,.T.);
#6528=EDGE_CURVE('',#5042,#5080,#2408,.T.);
#6529=EDGE_CURVE('',#5062,#5021,#2409,.T.);
#6530=EDGE_CURVE('',#5081,#5082,#2410,.T.);
#6531=EDGE_CURVE('',#5083,#5081,#2411,.T.);
#6532=EDGE_CURVE('',#5082,#5083,#2412,.T.);
#6533=EDGE_CURVE('',#5084,#5085,#2413,.T.);
#6534=EDGE_CURVE('',#5086,#5085,#2414,.T.);
#6535=EDGE_CURVE('',#5086,#5084,#2415,.T.);
#6536=EDGE_CURVE('',#5063,#5020,#2416,.T.);
#6537=EDGE_CURVE('',#5064,#5019,#2417,.T.);
#6538=EDGE_CURVE('',#5065,#5018,#2418,.T.);
#6539=EDGE_CURVE('',#5066,#5017,#2419,.T.);
#6540=EDGE_CURVE('',#5067,#5016,#2420,.T.);
#6541=EDGE_CURVE('',#5068,#5015,#2421,.T.);
#6542=EDGE_CURVE('',#5069,#5014,#2422,.T.);
#6543=EDGE_CURVE('',#5070,#5013,#2423,.T.);
#6544=EDGE_CURVE('',#5002,#5082,#2424,.T.);
#6545=EDGE_CURVE('',#5085,#5041,#2425,.T.);
#6546=EDGE_CURVE('',#5084,#5081,#2426,.T.);
#6547=EDGE_CURVE('',#5071,#5012,#2427,.T.);
#6548=EDGE_CURVE('',#5072,#5011,#2428,.T.);
#6549=EDGE_CURVE('',#5073,#5010,#2429,.T.);
#6550=EDGE_CURVE('',#5074,#5009,#2430,.T.);
#6551=EDGE_CURVE('',#5075,#5008,#2431,.T.);
#6552=EDGE_CURVE('',#5076,#5007,#2432,.T.);
#6553=EDGE_CURVE('',#5077,#5006,#2433,.T.);
#6554=EDGE_CURVE('',#5078,#5005,#2434,.T.);
#6555=EDGE_CURVE('',#5079,#5004,#2435,.T.);
#6556=EDGE_CURVE('',#5080,#5003,#2436,.T.);
#6557=EDGE_CURVE('',#5086,#5083,#2437,.T.);
#6558=EDGE_CURVE('',#5087,#5088,#59,.T.);
#6559=EDGE_CURVE('',#5089,#5087,#2438,.T.);
#6560=EDGE_CURVE('',#5090,#5089,#2439,.T.);
#6561=EDGE_CURVE('',#5091,#5090,#60,.T.);
#6562=EDGE_CURVE('',#5092,#5091,#2440,.T.);
#6563=EDGE_CURVE('',#5093,#5092,#2441,.T.);
#6564=EDGE_CURVE('',#5094,#5093,#2442,.T.);
#6565=EDGE_CURVE('',#5095,#5094,#2443,.T.);
#6566=EDGE_CURVE('',#5096,#5095,#2444,.T.);
#6567=EDGE_CURVE('',#5097,#5096,#2445,.T.);
#6568=EDGE_CURVE('',#5098,#5097,#2446,.T.);
#6569=EDGE_CURVE('',#5099,#5098,#2447,.T.);
#6570=EDGE_CURVE('',#5100,#5099,#2448,.T.);
#6571=EDGE_CURVE('',#5101,#5100,#61,.T.);
#6572=EDGE_CURVE('',#5102,#5101,#2449,.T.);
#6573=EDGE_CURVE('',#5103,#5102,#62,.T.);
#6574=EDGE_CURVE('',#5104,#5103,#2450,.T.);
#6575=EDGE_CURVE('',#5105,#5104,#2451,.T.);
#6576=EDGE_CURVE('',#5106,#5105,#2452,.T.);
#6577=EDGE_CURVE('',#5107,#5106,#2453,.T.);
#6578=EDGE_CURVE('',#5108,#5107,#2454,.T.);
#6579=EDGE_CURVE('',#5109,#5108,#2455,.T.);
#6580=EDGE_CURVE('',#5110,#5109,#2456,.T.);
#6581=EDGE_CURVE('',#5111,#5110,#2457,.T.);
#6582=EDGE_CURVE('',#5088,#5111,#2458,.T.);
#6583=EDGE_CURVE('',#5112,#5100,#2459,.T.);
#6584=EDGE_CURVE('',#5112,#5113,#63,.T.);
#6585=EDGE_CURVE('',#5113,#5101,#2460,.T.);
#6586=EDGE_CURVE('',#5114,#5099,#2461,.T.);
#6587=EDGE_CURVE('',#5114,#5112,#2462,.T.);
#6588=EDGE_CURVE('',#5112,#5100,#2463,.T.);
#6589=EDGE_CURVE('',#5115,#5098,#2464,.T.);
#6590=EDGE_CURVE('',#5115,#5114,#2465,.T.);
#6591=EDGE_CURVE('',#5116,#5097,#2466,.T.);
#6592=EDGE_CURVE('',#5116,#5115,#2467,.T.);
#6593=EDGE_CURVE('',#5117,#5096,#2468,.T.);
#6594=EDGE_CURVE('',#5117,#5116,#2469,.T.);
#6595=EDGE_CURVE('',#5118,#5095,#2470,.T.);
#6596=EDGE_CURVE('',#5118,#5117,#2471,.T.);
#6597=EDGE_CURVE('',#5119,#5094,#2472,.T.);
#6598=EDGE_CURVE('',#5119,#5118,#2473,.T.);
#6599=EDGE_CURVE('',#5120,#5093,#2474,.T.);
#6600=EDGE_CURVE('',#5120,#5119,#2475,.T.);
#6601=EDGE_CURVE('',#5121,#5092,#2476,.T.);
#6602=EDGE_CURVE('',#5121,#5120,#2477,.T.);
#6603=EDGE_CURVE('',#5122,#5091,#2478,.T.);
#6604=EDGE_CURVE('',#5122,#5121,#2479,.T.);
#6605=EDGE_CURVE('',#5123,#5090,#2480,.T.);
#6606=EDGE_CURVE('',#5123,#5122,#64,.T.);
#6607=EDGE_CURVE('',#5124,#5089,#2481,.T.);
#6608=EDGE_CURVE('',#5124,#5123,#2482,.T.);
#6609=EDGE_CURVE('',#5125,#5087,#2483,.T.);
#6610=EDGE_CURVE('',#5125,#5124,#2484,.T.);
#6611=EDGE_CURVE('',#5126,#5125,#65,.T.);
#6612=EDGE_CURVE('',#5127,#5126,#2485,.T.);
#6613=EDGE_CURVE('',#5128,#5127,#2486,.T.);
#6614=EDGE_CURVE('',#5129,#5128,#2487,.T.);
#6615=EDGE_CURVE('',#5130,#5129,#2488,.T.);
#6616=EDGE_CURVE('',#5131,#5130,#2489,.T.);
#6617=EDGE_CURVE('',#5132,#5131,#2490,.T.);
#6618=EDGE_CURVE('',#5133,#5132,#2491,.T.);
#6619=EDGE_CURVE('',#5134,#5133,#2492,.T.);
#6620=EDGE_CURVE('',#5135,#5134,#2493,.T.);
#6621=EDGE_CURVE('',#5136,#5135,#66,.T.);
#6622=EDGE_CURVE('',#5113,#5136,#2494,.T.);
#6623=EDGE_CURVE('',#5136,#5102,#2495,.T.);
#6624=EDGE_CURVE('',#5135,#5103,#2496,.T.);
#6625=EDGE_CURVE('',#5134,#5104,#2497,.T.);
#6626=EDGE_CURVE('',#5133,#5105,#2498,.T.);
#6627=EDGE_CURVE('',#5132,#5106,#2499,.T.);
#6628=EDGE_CURVE('',#5131,#5107,#2500,.T.);
#6629=EDGE_CURVE('',#5130,#5108,#2501,.T.);
#6630=EDGE_CURVE('',#5129,#5109,#2502,.T.);
#6631=EDGE_CURVE('',#5128,#5110,#2503,.T.);
#6632=EDGE_CURVE('',#5127,#5111,#2504,.T.);
#6633=EDGE_CURVE('',#5126,#5088,#2505,.T.);
#6634=EDGE_CURVE('',#5137,#5138,#2506,.T.);
#6635=EDGE_CURVE('',#5139,#5138,#2507,.T.);
#6636=EDGE_CURVE('',#5139,#5140,#2508,.T.);
#6637=EDGE_CURVE('',#5140,#5137,#2509,.T.);
#6638=EDGE_CURVE('',#5141,#5137,#2510,.T.);
#6639=EDGE_CURVE('',#5140,#5142,#2511,.T.);
#6640=EDGE_CURVE('',#5142,#5112,#2512,.T.);
#6641=EDGE_CURVE('',#5100,#5141,#2513,.T.);
#6642=EDGE_CURVE('',#5138,#5141,#67,.T.);
#6643=EDGE_CURVE('',#5142,#5139,#68,.T.);
#6644=EDGE_CURVE('',#5143,#5144,#2514,.T.);
#6645=EDGE_CURVE('',#5145,#5143,#2515,.T.);
#6646=EDGE_CURVE('',#5146,#5145,#2516,.T.);
#6647=EDGE_CURVE('',#5147,#5146,#2517,.T.);
#6648=EDGE_CURVE('',#5148,#5147,#2518,.T.);
#6649=EDGE_CURVE('',#5149,#5148,#2519,.T.);
#6650=EDGE_CURVE('',#5150,#5149,#2520,.T.);
#6651=EDGE_CURVE('',#5151,#5150,#2521,.T.);
#6652=EDGE_CURVE('',#5152,#5151,#2522,.T.);
#6653=EDGE_CURVE('',#5153,#5152,#2523,.T.);
#6654=EDGE_CURVE('',#5154,#5153,#2524,.T.);
#6655=EDGE_CURVE('',#5155,#5154,#2525,.T.);
#6656=EDGE_CURVE('',#5156,#5155,#2526,.T.);
#6657=EDGE_CURVE('',#5157,#5156,#2527,.T.);
#6658=EDGE_CURVE('',#5158,#5157,#2528,.T.);
#6659=EDGE_CURVE('',#5159,#5158,#2529,.T.);
#6660=EDGE_CURVE('',#5160,#5159,#2530,.T.);
#6661=EDGE_CURVE('',#5161,#5160,#69,.T.);
#6662=EDGE_CURVE('',#5162,#5161,#2531,.T.);
#6663=EDGE_CURVE('',#5163,#5162,#70,.T.);
#6664=EDGE_CURVE('',#5164,#5163,#2532,.T.);
#6665=EDGE_CURVE('',#5165,#5164,#2533,.T.);
#6666=EDGE_CURVE('',#5166,#5165,#2534,.T.);
#6667=EDGE_CURVE('',#5167,#5166,#2535,.T.);
#6668=EDGE_CURVE('',#5168,#5167,#2536,.T.);
#6669=EDGE_CURVE('',#5169,#5168,#2537,.T.);
#6670=EDGE_CURVE('',#5170,#5169,#2538,.T.);
#6671=EDGE_CURVE('',#5171,#5170,#2539,.T.);
#6672=EDGE_CURVE('',#5172,#5171,#2540,.T.);
#6673=EDGE_CURVE('',#5173,#5172,#2541,.T.);
#6674=EDGE_CURVE('',#5174,#5173,#2542,.T.);
#6675=EDGE_CURVE('',#5144,#5174,#2543,.T.);
#6676=EDGE_CURVE('',#5175,#5159,#2544,.T.);
#6677=EDGE_CURVE('',#5175,#5176,#2545,.T.);
#6678=EDGE_CURVE('',#5176,#5160,#2546,.T.);
#6679=EDGE_CURVE('',#5177,#5158,#2547,.T.);
#6680=EDGE_CURVE('',#5177,#5175,#2548,.T.);
#6681=EDGE_CURVE('',#5178,#5157,#2549,.T.);
#6682=EDGE_CURVE('',#5178,#5177,#2550,.T.);
#6683=EDGE_CURVE('',#5179,#5156,#2551,.T.);
#6684=EDGE_CURVE('',#5179,#5178,#2552,.T.);
#6685=EDGE_CURVE('',#5180,#5155,#2553,.T.);
#6686=EDGE_CURVE('',#5180,#5179,#2554,.T.);
#6687=EDGE_CURVE('',#5181,#5154,#2555,.T.);
#6688=EDGE_CURVE('',#5181,#5180,#2556,.T.);
#6689=EDGE_CURVE('',#5182,#5153,#2557,.T.);
#6690=EDGE_CURVE('',#5182,#5181,#2558,.T.);
#6691=EDGE_CURVE('',#5183,#5152,#2559,.T.);
#6692=EDGE_CURVE('',#5183,#5182,#2560,.T.);
#6693=EDGE_CURVE('',#5184,#5151,#2561,.T.);
#6694=EDGE_CURVE('',#5184,#5183,#2562,.T.);
#6695=EDGE_CURVE('',#5185,#5150,#2563,.T.);
#6696=EDGE_CURVE('',#5185,#5184,#2564,.T.);
#6697=EDGE_CURVE('',#5186,#5149,#2565,.T.);
#6698=EDGE_CURVE('',#5186,#5185,#2566,.T.);
#6699=EDGE_CURVE('',#5187,#5148,#2567,.T.);
#6700=EDGE_CURVE('',#5187,#5186,#2568,.T.);
#6701=EDGE_CURVE('',#5188,#5147,#2569,.T.);
#6702=EDGE_CURVE('',#5188,#5187,#2570,.T.);
#6703=EDGE_CURVE('',#5189,#5146,#2571,.T.);
#6704=EDGE_CURVE('',#5189,#5188,#2572,.T.);
#6705=EDGE_CURVE('',#5190,#5145,#2573,.T.);
#6706=EDGE_CURVE('',#5190,#5189,#2574,.T.);
#6707=EDGE_CURVE('',#5191,#5143,#2575,.T.);
#6708=EDGE_CURVE('',#5191,#5190,#2576,.T.);
#6709=EDGE_CURVE('',#5192,#5191,#2577,.T.);
#6710=EDGE_CURVE('',#5193,#5192,#2578,.T.);
#6711=EDGE_CURVE('',#5194,#5193,#2579,.T.);
#6712=EDGE_CURVE('',#5195,#5194,#2580,.T.);
#6713=EDGE_CURVE('',#5196,#5195,#2581,.T.);
#6714=EDGE_CURVE('',#5197,#5196,#2582,.T.);
#6715=EDGE_CURVE('',#5198,#5197,#2583,.T.);
#6716=EDGE_CURVE('',#5199,#5198,#2584,.T.);
#6717=EDGE_CURVE('',#5200,#5199,#2585,.T.);
#6718=EDGE_CURVE('',#5201,#5200,#2586,.T.);
#6719=EDGE_CURVE('',#5202,#5201,#2587,.T.);
#6720=EDGE_CURVE('',#5203,#5202,#2588,.T.);
#6721=EDGE_CURVE('',#5204,#5203,#2589,.T.);
#6722=EDGE_CURVE('',#5205,#5204,#71,.T.);
#6723=EDGE_CURVE('',#5206,#5205,#2590,.T.);
#6724=EDGE_CURVE('',#5176,#5206,#72,.T.);
#6725=EDGE_CURVE('',#5206,#5161,#2591,.T.);
#6726=EDGE_CURVE('',#5205,#5162,#2592,.T.);
#6727=EDGE_CURVE('',#5204,#5163,#2593,.T.);
#6728=EDGE_CURVE('',#5203,#5164,#2594,.T.);
#6729=EDGE_CURVE('',#5202,#5165,#2595,.T.);
#6730=EDGE_CURVE('',#5201,#5166,#2596,.T.);
#6731=EDGE_CURVE('',#5200,#5167,#2597,.T.);
#6732=EDGE_CURVE('',#5199,#5168,#2598,.T.);
#6733=EDGE_CURVE('',#5198,#5169,#2599,.T.);
#6734=EDGE_CURVE('',#5197,#5170,#2600,.T.);
#6735=EDGE_CURVE('',#5196,#5171,#2601,.T.);
#6736=EDGE_CURVE('',#5195,#5172,#2602,.T.);
#6737=EDGE_CURVE('',#5194,#5173,#2603,.T.);
#6738=EDGE_CURVE('',#5193,#5174,#2604,.T.);
#6739=EDGE_CURVE('',#5192,#5144,#2605,.T.);
#6740=EDGE_CURVE('',#5207,#5208,#2606,.T.);
#6741=EDGE_CURVE('',#5209,#5207,#73,.T.);
#6742=EDGE_CURVE('',#5210,#5209,#2607,.T.);
#6743=EDGE_CURVE('',#5211,#5210,#74,.T.);
#6744=EDGE_CURVE('',#5212,#5211,#2608,.T.);
#6745=EDGE_CURVE('',#5213,#5212,#2609,.T.);
#6746=EDGE_CURVE('',#5214,#5213,#2610,.T.);
#6747=EDGE_CURVE('',#5215,#5214,#2611,.T.);
#6748=EDGE_CURVE('',#5216,#5215,#2612,.T.);
#6749=EDGE_CURVE('',#5217,#5216,#2613,.T.);
#6750=EDGE_CURVE('',#5218,#5217,#2614,.T.);
#6751=EDGE_CURVE('',#5219,#5218,#2615,.T.);
#6752=EDGE_CURVE('',#5220,#5219,#2616,.T.);
#6753=EDGE_CURVE('',#5221,#5220,#2617,.T.);
#6754=EDGE_CURVE('',#5222,#5221,#2618,.T.);
#6755=EDGE_CURVE('',#5223,#5222,#2619,.T.);
#6756=EDGE_CURVE('',#5224,#5223,#2620,.T.);
#6757=EDGE_CURVE('',#5225,#5224,#2621,.T.);
#6758=EDGE_CURVE('',#5226,#5225,#2622,.T.);
#6759=EDGE_CURVE('',#5227,#5226,#2623,.T.);
#6760=EDGE_CURVE('',#5228,#5227,#2624,.T.);
#6761=EDGE_CURVE('',#5229,#5228,#2625,.T.);
#6762=EDGE_CURVE('',#5230,#5229,#2626,.T.);
#6763=EDGE_CURVE('',#5231,#5230,#75,.T.);
#6764=EDGE_CURVE('',#5232,#5231,#2627,.T.);
#6765=EDGE_CURVE('',#5233,#5232,#76,.T.);
#6766=EDGE_CURVE('',#5234,#5233,#2628,.T.);
#6767=EDGE_CURVE('',#5235,#5234,#2629,.T.);
#6768=EDGE_CURVE('',#5236,#5235,#2630,.T.);
#6769=EDGE_CURVE('',#5237,#5236,#2631,.T.);
#6770=EDGE_CURVE('',#5238,#5237,#2632,.T.);
#6771=EDGE_CURVE('',#5239,#5238,#2633,.T.);
#6772=EDGE_CURVE('',#5240,#5239,#2634,.T.);
#6773=EDGE_CURVE('',#5241,#5240,#2635,.T.);
#6774=EDGE_CURVE('',#5242,#5241,#2636,.T.);
#6775=EDGE_CURVE('',#5243,#5242,#2637,.T.);
#6776=EDGE_CURVE('',#5244,#5243,#2638,.T.);
#6777=EDGE_CURVE('',#5245,#5244,#2639,.T.);
#6778=EDGE_CURVE('',#5246,#5245,#2640,.T.);
#6779=EDGE_CURVE('',#5247,#5246,#2641,.T.);
#6780=EDGE_CURVE('',#5248,#5247,#2642,.T.);
#6781=EDGE_CURVE('',#5249,#5248,#2643,.T.);
#6782=EDGE_CURVE('',#5250,#5249,#2644,.T.);
#6783=EDGE_CURVE('',#5251,#5250,#2645,.T.);
#6784=EDGE_CURVE('',#5208,#5251,#77,.T.);
#6785=EDGE_CURVE('',#5252,#5229,#2646,.T.);
#6786=EDGE_CURVE('',#5252,#5253,#2647,.T.);
#6787=EDGE_CURVE('',#5253,#5230,#2648,.T.);
#6788=EDGE_CURVE('',#5254,#5228,#2649,.T.);
#6789=EDGE_CURVE('',#5254,#5252,#2650,.T.);
#6790=EDGE_CURVE('',#5255,#5227,#2651,.T.);
#6791=EDGE_CURVE('',#5255,#5254,#2652,.T.);
#6792=EDGE_CURVE('',#5256,#5226,#2653,.T.);
#6793=EDGE_CURVE('',#5256,#5255,#2654,.T.);
#6794=EDGE_CURVE('',#5257,#5225,#2655,.T.);
#6795=EDGE_CURVE('',#5257,#5256,#2656,.T.);
#6796=EDGE_CURVE('',#5258,#5224,#2657,.T.);
#6797=EDGE_CURVE('',#5258,#5257,#2658,.T.);
#6798=EDGE_CURVE('',#5259,#5223,#2659,.T.);
#6799=EDGE_CURVE('',#5259,#5258,#2660,.T.);
#6800=EDGE_CURVE('',#5260,#5222,#2661,.T.);
#6801=EDGE_CURVE('',#5260,#5259,#2662,.T.);
#6802=EDGE_CURVE('',#5261,#5221,#2663,.T.);
#6803=EDGE_CURVE('',#5261,#5260,#2664,.T.);
#6804=EDGE_CURVE('',#5262,#5220,#2665,.T.);
#6805=EDGE_CURVE('',#5262,#5261,#2666,.T.);
#6806=EDGE_CURVE('',#5263,#5219,#2667,.T.);
#6807=EDGE_CURVE('',#5263,#5262,#2668,.T.);
#6808=EDGE_CURVE('',#5264,#5218,#2669,.T.);
#6809=EDGE_CURVE('',#5264,#5263,#2670,.T.);
#6810=EDGE_CURVE('',#5265,#5217,#2671,.T.);
#6811=EDGE_CURVE('',#5265,#5264,#2672,.T.);
#6812=EDGE_CURVE('',#5266,#5216,#2673,.T.);
#6813=EDGE_CURVE('',#5266,#5265,#2674,.T.);
#6814=EDGE_CURVE('',#5267,#5215,#2675,.T.);
#6815=EDGE_CURVE('',#5267,#5266,#2676,.T.);
#6816=EDGE_CURVE('',#5268,#5214,#2677,.T.);
#6817=EDGE_CURVE('',#5268,#5267,#2678,.T.);
#6818=EDGE_CURVE('',#5269,#5213,#2679,.T.);
#6819=EDGE_CURVE('',#5269,#5268,#2680,.T.);
#6820=EDGE_CURVE('',#5270,#5212,#2681,.T.);
#6821=EDGE_CURVE('',#5270,#5269,#2682,.T.);
#6822=EDGE_CURVE('',#5271,#5211,#2683,.T.);
#6823=EDGE_CURVE('',#5271,#5270,#2684,.T.);
#6824=EDGE_CURVE('',#5272,#5210,#2685,.T.);
#6825=EDGE_CURVE('',#5272,#5271,#78,.T.);
#6826=EDGE_CURVE('',#5273,#5209,#2686,.T.);
#6827=EDGE_CURVE('',#5273,#5272,#2687,.T.);
#6828=EDGE_CURVE('',#5274,#5207,#2688,.T.);
#6829=EDGE_CURVE('',#5274,#5273,#79,.T.);
#6830=EDGE_CURVE('',#5275,#5274,#2689,.T.);
#6831=EDGE_CURVE('',#5276,#5275,#80,.T.);
#6832=EDGE_CURVE('',#5277,#5276,#2690,.T.);
#6833=EDGE_CURVE('',#5278,#5277,#2691,.T.);
#6834=EDGE_CURVE('',#5279,#5278,#2692,.T.);
#6835=EDGE_CURVE('',#5280,#5279,#2693,.T.);
#6836=EDGE_CURVE('',#5281,#5280,#2694,.T.);
#6837=EDGE_CURVE('',#5282,#5281,#2695,.T.);
#6838=EDGE_CURVE('',#5283,#5282,#2696,.T.);
#6839=EDGE_CURVE('',#5284,#5283,#2697,.T.);
#6840=EDGE_CURVE('',#5285,#5284,#2698,.T.);
#6841=EDGE_CURVE('',#5286,#5285,#2699,.T.);
#6842=EDGE_CURVE('',#5287,#5286,#2700,.T.);
#6843=EDGE_CURVE('',#5288,#5287,#2701,.T.);
#6844=EDGE_CURVE('',#5289,#5288,#2702,.T.);
#6845=EDGE_CURVE('',#5290,#5289,#2703,.T.);
#6846=EDGE_CURVE('',#5291,#5290,#2704,.T.);
#6847=EDGE_CURVE('',#5292,#5291,#2705,.T.);
#6848=EDGE_CURVE('',#5293,#5292,#2706,.T.);
#6849=EDGE_CURVE('',#5294,#5293,#2707,.T.);
#6850=EDGE_CURVE('',#5295,#5294,#81,.T.);
#6851=EDGE_CURVE('',#5296,#5295,#2708,.T.);
#6852=EDGE_CURVE('',#5253,#5296,#82,.T.);
#6853=EDGE_CURVE('',#5296,#5231,#2709,.T.);
#6854=EDGE_CURVE('',#5295,#5232,#2710,.T.);
#6855=EDGE_CURVE('',#5294,#5233,#2711,.T.);
#6856=EDGE_CURVE('',#5293,#5234,#2712,.T.);
#6857=EDGE_CURVE('',#5292,#5235,#2713,.T.);
#6858=EDGE_CURVE('',#5291,#5236,#2714,.T.);
#6859=EDGE_CURVE('',#5290,#5237,#2715,.T.);
#6860=EDGE_CURVE('',#5289,#5238,#2716,.T.);
#6861=EDGE_CURVE('',#5288,#5239,#2717,.T.);
#6862=EDGE_CURVE('',#5287,#5240,#2718,.T.);
#6863=EDGE_CURVE('',#5286,#5241,#2719,.T.);
#6864=EDGE_CURVE('',#5285,#5242,#2720,.T.);
#6865=EDGE_CURVE('',#5284,#5243,#2721,.T.);
#6866=EDGE_CURVE('',#5283,#5244,#2722,.T.);
#6867=EDGE_CURVE('',#5282,#5245,#2723,.T.);
#6868=EDGE_CURVE('',#5281,#5246,#2724,.T.);
#6869=EDGE_CURVE('',#5280,#5247,#2725,.T.);
#6870=EDGE_CURVE('',#5279,#5248,#2726,.T.);
#6871=EDGE_CURVE('',#5278,#5249,#2727,.T.);
#6872=EDGE_CURVE('',#5277,#5250,#2728,.T.);
#6873=EDGE_CURVE('',#5276,#5251,#2729,.T.);
#6874=EDGE_CURVE('',#5275,#5208,#2730,.T.);
#6875=ORIENTED_EDGE('',*,*,#5297,.F.);
#6876=ORIENTED_EDGE('',*,*,#5298,.F.);
#6877=ORIENTED_EDGE('',*,*,#5299,.T.);
#6878=ORIENTED_EDGE('',*,*,#5300,.F.);
#6879=ORIENTED_EDGE('',*,*,#5299,.F.);
#6880=ORIENTED_EDGE('',*,*,#5301,.F.);
#6881=ORIENTED_EDGE('',*,*,#5302,.T.);
#6882=ORIENTED_EDGE('',*,*,#5303,.F.);
#6883=ORIENTED_EDGE('',*,*,#5302,.F.);
#6884=ORIENTED_EDGE('',*,*,#5304,.F.);
#6885=ORIENTED_EDGE('',*,*,#5305,.T.);
#6886=ORIENTED_EDGE('',*,*,#5306,.F.);
#6887=ORIENTED_EDGE('',*,*,#5305,.F.);
#6888=ORIENTED_EDGE('',*,*,#5307,.F.);
#6889=ORIENTED_EDGE('',*,*,#5308,.T.);
#6890=ORIENTED_EDGE('',*,*,#5309,.F.);
#6891=ORIENTED_EDGE('',*,*,#5308,.F.);
#6892=ORIENTED_EDGE('',*,*,#5310,.F.);
#6893=ORIENTED_EDGE('',*,*,#5311,.T.);
#6894=ORIENTED_EDGE('',*,*,#5312,.F.);
#6895=ORIENTED_EDGE('',*,*,#5311,.F.);
#6896=ORIENTED_EDGE('',*,*,#5313,.F.);
#6897=ORIENTED_EDGE('',*,*,#5314,.T.);
#6898=ORIENTED_EDGE('',*,*,#5315,.F.);
#6899=ORIENTED_EDGE('',*,*,#5314,.F.);
#6900=ORIENTED_EDGE('',*,*,#5316,.F.);
#6901=ORIENTED_EDGE('',*,*,#5317,.T.);
#6902=ORIENTED_EDGE('',*,*,#5318,.F.);
#6903=ORIENTED_EDGE('',*,*,#5317,.F.);
#6904=ORIENTED_EDGE('',*,*,#5319,.F.);
#6905=ORIENTED_EDGE('',*,*,#5320,.T.);
#6906=ORIENTED_EDGE('',*,*,#5321,.F.);
#6907=ORIENTED_EDGE('',*,*,#5320,.F.);
#6908=ORIENTED_EDGE('',*,*,#5322,.F.);
#6909=ORIENTED_EDGE('',*,*,#5323,.T.);
#6910=ORIENTED_EDGE('',*,*,#5324,.F.);
#6911=ORIENTED_EDGE('',*,*,#5323,.F.);
#6912=ORIENTED_EDGE('',*,*,#5325,.F.);
#6913=ORIENTED_EDGE('',*,*,#5326,.T.);
#6914=ORIENTED_EDGE('',*,*,#5327,.F.);
#6915=ORIENTED_EDGE('',*,*,#5326,.F.);
#6916=ORIENTED_EDGE('',*,*,#5328,.F.);
#6917=ORIENTED_EDGE('',*,*,#5329,.T.);
#6918=ORIENTED_EDGE('',*,*,#5330,.F.);
#6919=ORIENTED_EDGE('',*,*,#5329,.F.);
#6920=ORIENTED_EDGE('',*,*,#5331,.F.);
#6921=ORIENTED_EDGE('',*,*,#5332,.T.);
#6922=ORIENTED_EDGE('',*,*,#5333,.F.);
#6923=ORIENTED_EDGE('',*,*,#5332,.F.);
#6924=ORIENTED_EDGE('',*,*,#5334,.F.);
#6925=ORIENTED_EDGE('',*,*,#5335,.T.);
#6926=ORIENTED_EDGE('',*,*,#5336,.F.);
#6927=ORIENTED_EDGE('',*,*,#5335,.F.);
#6928=ORIENTED_EDGE('',*,*,#5337,.F.);
#6929=ORIENTED_EDGE('',*,*,#5338,.T.);
#6930=ORIENTED_EDGE('',*,*,#5339,.F.);
#6931=ORIENTED_EDGE('',*,*,#5338,.F.);
#6932=ORIENTED_EDGE('',*,*,#5340,.F.);
#6933=ORIENTED_EDGE('',*,*,#5341,.T.);
#6934=ORIENTED_EDGE('',*,*,#5342,.F.);
#6935=ORIENTED_EDGE('',*,*,#5341,.F.);
#6936=ORIENTED_EDGE('',*,*,#5343,.F.);
#6937=ORIENTED_EDGE('',*,*,#5344,.T.);
#6938=ORIENTED_EDGE('',*,*,#5345,.F.);
#6939=ORIENTED_EDGE('',*,*,#5344,.F.);
#6940=ORIENTED_EDGE('',*,*,#5346,.F.);
#6941=ORIENTED_EDGE('',*,*,#5347,.T.);
#6942=ORIENTED_EDGE('',*,*,#5348,.F.);
#6943=ORIENTED_EDGE('',*,*,#5347,.F.);
#6944=ORIENTED_EDGE('',*,*,#5349,.F.);
#6945=ORIENTED_EDGE('',*,*,#5350,.T.);
#6946=ORIENTED_EDGE('',*,*,#5351,.F.);
#6947=ORIENTED_EDGE('',*,*,#5350,.F.);
#6948=ORIENTED_EDGE('',*,*,#5352,.F.);
#6949=ORIENTED_EDGE('',*,*,#5353,.T.);
#6950=ORIENTED_EDGE('',*,*,#5354,.F.);
#6951=ORIENTED_EDGE('',*,*,#5353,.F.);
#6952=ORIENTED_EDGE('',*,*,#5355,.F.);
#6953=ORIENTED_EDGE('',*,*,#5356,.T.);
#6954=ORIENTED_EDGE('',*,*,#5357,.F.);
#6955=ORIENTED_EDGE('',*,*,#5356,.F.);
#6956=ORIENTED_EDGE('',*,*,#5358,.F.);
#6957=ORIENTED_EDGE('',*,*,#5359,.T.);
#6958=ORIENTED_EDGE('',*,*,#5360,.F.);
#6959=ORIENTED_EDGE('',*,*,#5359,.F.);
#6960=ORIENTED_EDGE('',*,*,#5361,.F.);
#6961=ORIENTED_EDGE('',*,*,#5362,.T.);
#6962=ORIENTED_EDGE('',*,*,#5363,.F.);
#6963=ORIENTED_EDGE('',*,*,#5362,.F.);
#6964=ORIENTED_EDGE('',*,*,#5364,.F.);
#6965=ORIENTED_EDGE('',*,*,#5365,.T.);
#6966=ORIENTED_EDGE('',*,*,#5366,.F.);
#6967=ORIENTED_EDGE('',*,*,#5365,.F.);
#6968=ORIENTED_EDGE('',*,*,#5367,.F.);
#6969=ORIENTED_EDGE('',*,*,#5368,.T.);
#6970=ORIENTED_EDGE('',*,*,#5369,.F.);
#6971=ORIENTED_EDGE('',*,*,#5368,.F.);
#6972=ORIENTED_EDGE('',*,*,#5370,.F.);
#6973=ORIENTED_EDGE('',*,*,#5371,.T.);
#6974=ORIENTED_EDGE('',*,*,#5372,.F.);
#6975=ORIENTED_EDGE('',*,*,#5371,.F.);
#6976=ORIENTED_EDGE('',*,*,#5373,.F.);
#6977=ORIENTED_EDGE('',*,*,#5374,.T.);
#6978=ORIENTED_EDGE('',*,*,#5375,.F.);
#6979=ORIENTED_EDGE('',*,*,#5374,.F.);
#6980=ORIENTED_EDGE('',*,*,#5376,.F.);
#6981=ORIENTED_EDGE('',*,*,#5377,.T.);
#6982=ORIENTED_EDGE('',*,*,#5378,.F.);
#6983=ORIENTED_EDGE('',*,*,#5377,.F.);
#6984=ORIENTED_EDGE('',*,*,#5379,.F.);
#6985=ORIENTED_EDGE('',*,*,#5380,.T.);
#6986=ORIENTED_EDGE('',*,*,#5381,.F.);
#6987=ORIENTED_EDGE('',*,*,#5380,.F.);
#6988=ORIENTED_EDGE('',*,*,#5382,.F.);
#6989=ORIENTED_EDGE('',*,*,#5383,.T.);
#6990=ORIENTED_EDGE('',*,*,#5384,.F.);
#6991=ORIENTED_EDGE('',*,*,#5383,.F.);
#6992=ORIENTED_EDGE('',*,*,#5385,.F.);
#6993=ORIENTED_EDGE('',*,*,#5386,.T.);
#6994=ORIENTED_EDGE('',*,*,#5387,.F.);
#6995=ORIENTED_EDGE('',*,*,#5386,.F.);
#6996=ORIENTED_EDGE('',*,*,#5388,.F.);
#6997=ORIENTED_EDGE('',*,*,#5389,.T.);
#6998=ORIENTED_EDGE('',*,*,#5390,.F.);
#6999=ORIENTED_EDGE('',*,*,#5389,.F.);
#7000=ORIENTED_EDGE('',*,*,#5391,.F.);
#7001=ORIENTED_EDGE('',*,*,#5392,.T.);
#7002=ORIENTED_EDGE('',*,*,#5393,.F.);
#7003=ORIENTED_EDGE('',*,*,#5392,.F.);
#7004=ORIENTED_EDGE('',*,*,#5394,.F.);
#7005=ORIENTED_EDGE('',*,*,#5395,.T.);
#7006=ORIENTED_EDGE('',*,*,#5396,.F.);
#7007=ORIENTED_EDGE('',*,*,#5395,.F.);
#7008=ORIENTED_EDGE('',*,*,#5397,.F.);
#7009=ORIENTED_EDGE('',*,*,#5398,.T.);
#7010=ORIENTED_EDGE('',*,*,#5399,.F.);
#7011=ORIENTED_EDGE('',*,*,#5398,.F.);
#7012=ORIENTED_EDGE('',*,*,#5400,.F.);
#7013=ORIENTED_EDGE('',*,*,#5401,.T.);
#7014=ORIENTED_EDGE('',*,*,#5402,.F.);
#7015=ORIENTED_EDGE('',*,*,#5401,.F.);
#7016=ORIENTED_EDGE('',*,*,#5403,.F.);
#7017=ORIENTED_EDGE('',*,*,#5404,.T.);
#7018=ORIENTED_EDGE('',*,*,#5405,.F.);
#7019=ORIENTED_EDGE('',*,*,#5404,.F.);
#7020=ORIENTED_EDGE('',*,*,#5406,.F.);
#7021=ORIENTED_EDGE('',*,*,#5407,.T.);
#7022=ORIENTED_EDGE('',*,*,#5408,.F.);
#7023=ORIENTED_EDGE('',*,*,#5407,.F.);
#7024=ORIENTED_EDGE('',*,*,#5409,.F.);
#7025=ORIENTED_EDGE('',*,*,#5410,.T.);
#7026=ORIENTED_EDGE('',*,*,#5411,.F.);
#7027=ORIENTED_EDGE('',*,*,#5410,.F.);
#7028=ORIENTED_EDGE('',*,*,#5412,.F.);
#7029=ORIENTED_EDGE('',*,*,#5413,.T.);
#7030=ORIENTED_EDGE('',*,*,#5414,.F.);
#7031=ORIENTED_EDGE('',*,*,#5413,.F.);
#7032=ORIENTED_EDGE('',*,*,#5415,.F.);
#7033=ORIENTED_EDGE('',*,*,#5416,.T.);
#7034=ORIENTED_EDGE('',*,*,#5417,.F.);
#7035=ORIENTED_EDGE('',*,*,#5416,.F.);
#7036=ORIENTED_EDGE('',*,*,#5418,.F.);
#7037=ORIENTED_EDGE('',*,*,#5419,.T.);
#7038=ORIENTED_EDGE('',*,*,#5420,.F.);
#7039=ORIENTED_EDGE('',*,*,#5419,.F.);
#7040=ORIENTED_EDGE('',*,*,#5421,.F.);
#7041=ORIENTED_EDGE('',*,*,#5422,.T.);
#7042=ORIENTED_EDGE('',*,*,#5423,.F.);
#7043=ORIENTED_EDGE('',*,*,#5422,.F.);
#7044=ORIENTED_EDGE('',*,*,#5424,.F.);
#7045=ORIENTED_EDGE('',*,*,#5425,.T.);
#7046=ORIENTED_EDGE('',*,*,#5426,.F.);
#7047=ORIENTED_EDGE('',*,*,#5425,.F.);
#7048=ORIENTED_EDGE('',*,*,#5427,.F.);
#7049=ORIENTED_EDGE('',*,*,#5428,.T.);
#7050=ORIENTED_EDGE('',*,*,#5429,.F.);
#7051=ORIENTED_EDGE('',*,*,#5428,.F.);
#7052=ORIENTED_EDGE('',*,*,#5430,.F.);
#7053=ORIENTED_EDGE('',*,*,#5431,.T.);
#7054=ORIENTED_EDGE('',*,*,#5432,.F.);
#7055=ORIENTED_EDGE('',*,*,#5431,.F.);
#7056=ORIENTED_EDGE('',*,*,#5433,.F.);
#7057=ORIENTED_EDGE('',*,*,#5434,.T.);
#7058=ORIENTED_EDGE('',*,*,#5435,.F.);
#7059=ORIENTED_EDGE('',*,*,#5434,.F.);
#7060=ORIENTED_EDGE('',*,*,#5436,.F.);
#7061=ORIENTED_EDGE('',*,*,#5437,.T.);
#7062=ORIENTED_EDGE('',*,*,#5438,.F.);
#7063=ORIENTED_EDGE('',*,*,#5437,.F.);
#7064=ORIENTED_EDGE('',*,*,#5439,.F.);
#7065=ORIENTED_EDGE('',*,*,#5440,.T.);
#7066=ORIENTED_EDGE('',*,*,#5441,.F.);
#7067=ORIENTED_EDGE('',*,*,#5440,.F.);
#7068=ORIENTED_EDGE('',*,*,#5442,.F.);
#7069=ORIENTED_EDGE('',*,*,#5443,.T.);
#7070=ORIENTED_EDGE('',*,*,#5444,.F.);
#7071=ORIENTED_EDGE('',*,*,#5443,.F.);
#7072=ORIENTED_EDGE('',*,*,#5445,.F.);
#7073=ORIENTED_EDGE('',*,*,#5446,.T.);
#7074=ORIENTED_EDGE('',*,*,#5447,.F.);
#7075=ORIENTED_EDGE('',*,*,#5446,.F.);
#7076=ORIENTED_EDGE('',*,*,#5448,.F.);
#7077=ORIENTED_EDGE('',*,*,#5449,.T.);
#7078=ORIENTED_EDGE('',*,*,#5450,.F.);
#7079=ORIENTED_EDGE('',*,*,#5449,.F.);
#7080=ORIENTED_EDGE('',*,*,#5451,.F.);
#7081=ORIENTED_EDGE('',*,*,#5452,.T.);
#7082=ORIENTED_EDGE('',*,*,#5453,.F.);
#7083=ORIENTED_EDGE('',*,*,#5452,.F.);
#7084=ORIENTED_EDGE('',*,*,#5454,.F.);
#7085=ORIENTED_EDGE('',*,*,#5455,.T.);
#7086=ORIENTED_EDGE('',*,*,#5456,.F.);
#7087=ORIENTED_EDGE('',*,*,#5455,.F.);
#7088=ORIENTED_EDGE('',*,*,#5457,.F.);
#7089=ORIENTED_EDGE('',*,*,#5458,.T.);
#7090=ORIENTED_EDGE('',*,*,#5459,.F.);
#7091=ORIENTED_EDGE('',*,*,#5458,.F.);
#7092=ORIENTED_EDGE('',*,*,#5460,.F.);
#7093=ORIENTED_EDGE('',*,*,#5461,.T.);
#7094=ORIENTED_EDGE('',*,*,#5462,.F.);
#7095=ORIENTED_EDGE('',*,*,#5461,.F.);
#7096=ORIENTED_EDGE('',*,*,#5463,.F.);
#7097=ORIENTED_EDGE('',*,*,#5464,.F.);
#7098=ORIENTED_EDGE('',*,*,#5465,.T.);
#7099=ORIENTED_EDGE('',*,*,#5466,.T.);
#7100=ORIENTED_EDGE('',*,*,#5467,.F.);
#7101=ORIENTED_EDGE('',*,*,#5465,.F.);
#7102=ORIENTED_EDGE('',*,*,#5464,.T.);
#7103=ORIENTED_EDGE('',*,*,#5468,.F.);
#7104=ORIENTED_EDGE('',*,*,#5469,.F.);
#7105=ORIENTED_EDGE('',*,*,#5470,.F.);
#7106=ORIENTED_EDGE('',*,*,#5466,.F.);
#7107=ORIENTED_EDGE('',*,*,#5469,.T.);
#7108=ORIENTED_EDGE('',*,*,#5471,.F.);
#7109=ORIENTED_EDGE('',*,*,#5472,.T.);
#7110=ORIENTED_EDGE('',*,*,#5473,.F.);
#7111=ORIENTED_EDGE('',*,*,#5472,.F.);
#7112=ORIENTED_EDGE('',*,*,#5474,.F.);
#7113=ORIENTED_EDGE('',*,*,#5475,.T.);
#7114=ORIENTED_EDGE('',*,*,#5476,.F.);
#7115=ORIENTED_EDGE('',*,*,#5475,.F.);
#7116=ORIENTED_EDGE('',*,*,#5477,.F.);
#7117=ORIENTED_EDGE('',*,*,#5478,.T.);
#7118=ORIENTED_EDGE('',*,*,#5479,.F.);
#7119=ORIENTED_EDGE('',*,*,#5478,.F.);
#7120=ORIENTED_EDGE('',*,*,#5480,.F.);
#7121=ORIENTED_EDGE('',*,*,#5481,.T.);
#7122=ORIENTED_EDGE('',*,*,#5482,.F.);
#7123=ORIENTED_EDGE('',*,*,#5481,.F.);
#7124=ORIENTED_EDGE('',*,*,#5483,.F.);
#7125=ORIENTED_EDGE('',*,*,#5484,.T.);
#7126=ORIENTED_EDGE('',*,*,#5485,.F.);
#7127=ORIENTED_EDGE('',*,*,#5484,.F.);
#7128=ORIENTED_EDGE('',*,*,#5486,.F.);
#7129=ORIENTED_EDGE('',*,*,#5487,.T.);
#7130=ORIENTED_EDGE('',*,*,#5488,.F.);
#7131=ORIENTED_EDGE('',*,*,#5487,.F.);
#7132=ORIENTED_EDGE('',*,*,#5489,.F.);
#7133=ORIENTED_EDGE('',*,*,#5490,.T.);
#7134=ORIENTED_EDGE('',*,*,#5491,.F.);
#7135=ORIENTED_EDGE('',*,*,#5490,.F.);
#7136=ORIENTED_EDGE('',*,*,#5492,.F.);
#7137=ORIENTED_EDGE('',*,*,#5493,.T.);
#7138=ORIENTED_EDGE('',*,*,#5494,.F.);
#7139=ORIENTED_EDGE('',*,*,#5493,.F.);
#7140=ORIENTED_EDGE('',*,*,#5495,.F.);
#7141=ORIENTED_EDGE('',*,*,#5496,.T.);
#7142=ORIENTED_EDGE('',*,*,#5497,.F.);
#7143=ORIENTED_EDGE('',*,*,#5496,.F.);
#7144=ORIENTED_EDGE('',*,*,#5498,.F.);
#7145=ORIENTED_EDGE('',*,*,#5499,.T.);
#7146=ORIENTED_EDGE('',*,*,#5500,.F.);
#7147=ORIENTED_EDGE('',*,*,#5499,.F.);
#7148=ORIENTED_EDGE('',*,*,#5501,.F.);
#7149=ORIENTED_EDGE('',*,*,#5502,.T.);
#7150=ORIENTED_EDGE('',*,*,#5503,.F.);
#7151=ORIENTED_EDGE('',*,*,#5502,.F.);
#7152=ORIENTED_EDGE('',*,*,#5504,.F.);
#7153=ORIENTED_EDGE('',*,*,#5505,.T.);
#7154=ORIENTED_EDGE('',*,*,#5506,.F.);
#7155=ORIENTED_EDGE('',*,*,#5505,.F.);
#7156=ORIENTED_EDGE('',*,*,#5507,.F.);
#7157=ORIENTED_EDGE('',*,*,#5508,.T.);
#7158=ORIENTED_EDGE('',*,*,#5509,.F.);
#7159=ORIENTED_EDGE('',*,*,#5508,.F.);
#7160=ORIENTED_EDGE('',*,*,#5510,.F.);
#7161=ORIENTED_EDGE('',*,*,#5511,.T.);
#7162=ORIENTED_EDGE('',*,*,#5512,.F.);
#7163=ORIENTED_EDGE('',*,*,#5511,.F.);
#7164=ORIENTED_EDGE('',*,*,#5513,.F.);
#7165=ORIENTED_EDGE('',*,*,#5514,.T.);
#7166=ORIENTED_EDGE('',*,*,#5515,.F.);
#7167=ORIENTED_EDGE('',*,*,#5514,.F.);
#7168=ORIENTED_EDGE('',*,*,#5516,.F.);
#7169=ORIENTED_EDGE('',*,*,#5517,.T.);
#7170=ORIENTED_EDGE('',*,*,#5518,.F.);
#7171=ORIENTED_EDGE('',*,*,#5517,.F.);
#7172=ORIENTED_EDGE('',*,*,#5519,.F.);
#7173=ORIENTED_EDGE('',*,*,#5520,.T.);
#7174=ORIENTED_EDGE('',*,*,#5521,.F.);
#7175=ORIENTED_EDGE('',*,*,#5520,.F.);
#7176=ORIENTED_EDGE('',*,*,#5522,.F.);
#7177=ORIENTED_EDGE('',*,*,#5523,.T.);
#7178=ORIENTED_EDGE('',*,*,#5524,.F.);
#7179=ORIENTED_EDGE('',*,*,#5523,.F.);
#7180=ORIENTED_EDGE('',*,*,#5525,.F.);
#7181=ORIENTED_EDGE('',*,*,#5526,.T.);
#7182=ORIENTED_EDGE('',*,*,#5527,.F.);
#7183=ORIENTED_EDGE('',*,*,#5526,.F.);
#7184=ORIENTED_EDGE('',*,*,#5528,.F.);
#7185=ORIENTED_EDGE('',*,*,#5529,.T.);
#7186=ORIENTED_EDGE('',*,*,#5530,.F.);
#7187=ORIENTED_EDGE('',*,*,#5529,.F.);
#7188=ORIENTED_EDGE('',*,*,#5531,.F.);
#7189=ORIENTED_EDGE('',*,*,#5532,.T.);
#7190=ORIENTED_EDGE('',*,*,#5533,.F.);
#7191=ORIENTED_EDGE('',*,*,#5532,.F.);
#7192=ORIENTED_EDGE('',*,*,#5534,.F.);
#7193=ORIENTED_EDGE('',*,*,#5535,.T.);
#7194=ORIENTED_EDGE('',*,*,#5536,.F.);
#7195=ORIENTED_EDGE('',*,*,#5535,.F.);
#7196=ORIENTED_EDGE('',*,*,#5537,.F.);
#7197=ORIENTED_EDGE('',*,*,#5538,.T.);
#7198=ORIENTED_EDGE('',*,*,#5539,.F.);
#7199=ORIENTED_EDGE('',*,*,#5538,.F.);
#7200=ORIENTED_EDGE('',*,*,#5540,.F.);
#7201=ORIENTED_EDGE('',*,*,#5541,.T.);
#7202=ORIENTED_EDGE('',*,*,#5542,.F.);
#7203=ORIENTED_EDGE('',*,*,#5541,.F.);
#7204=ORIENTED_EDGE('',*,*,#5543,.F.);
#7205=ORIENTED_EDGE('',*,*,#5544,.T.);
#7206=ORIENTED_EDGE('',*,*,#5545,.F.);
#7207=ORIENTED_EDGE('',*,*,#5544,.F.);
#7208=ORIENTED_EDGE('',*,*,#5546,.F.);
#7209=ORIENTED_EDGE('',*,*,#5547,.T.);
#7210=ORIENTED_EDGE('',*,*,#5548,.F.);
#7211=ORIENTED_EDGE('',*,*,#5547,.F.);
#7212=ORIENTED_EDGE('',*,*,#5549,.F.);
#7213=ORIENTED_EDGE('',*,*,#5550,.T.);
#7214=ORIENTED_EDGE('',*,*,#5551,.F.);
#7215=ORIENTED_EDGE('',*,*,#5550,.F.);
#7216=ORIENTED_EDGE('',*,*,#5552,.F.);
#7217=ORIENTED_EDGE('',*,*,#5553,.T.);
#7218=ORIENTED_EDGE('',*,*,#5554,.F.);
#7219=ORIENTED_EDGE('',*,*,#5553,.F.);
#7220=ORIENTED_EDGE('',*,*,#5555,.F.);
#7221=ORIENTED_EDGE('',*,*,#5556,.T.);
#7222=ORIENTED_EDGE('',*,*,#5557,.F.);
#7223=ORIENTED_EDGE('',*,*,#5556,.F.);
#7224=ORIENTED_EDGE('',*,*,#5558,.F.);
#7225=ORIENTED_EDGE('',*,*,#5559,.T.);
#7226=ORIENTED_EDGE('',*,*,#5560,.F.);
#7227=ORIENTED_EDGE('',*,*,#5559,.F.);
#7228=ORIENTED_EDGE('',*,*,#5561,.F.);
#7229=ORIENTED_EDGE('',*,*,#5562,.T.);
#7230=ORIENTED_EDGE('',*,*,#5563,.F.);
#7231=ORIENTED_EDGE('',*,*,#5562,.F.);
#7232=ORIENTED_EDGE('',*,*,#5564,.F.);
#7233=ORIENTED_EDGE('',*,*,#5565,.T.);
#7234=ORIENTED_EDGE('',*,*,#5566,.F.);
#7235=ORIENTED_EDGE('',*,*,#5565,.F.);
#7236=ORIENTED_EDGE('',*,*,#5567,.F.);
#7237=ORIENTED_EDGE('',*,*,#5568,.T.);
#7238=ORIENTED_EDGE('',*,*,#5569,.F.);
#7239=ORIENTED_EDGE('',*,*,#5568,.F.);
#7240=ORIENTED_EDGE('',*,*,#5570,.F.);
#7241=ORIENTED_EDGE('',*,*,#5571,.T.);
#7242=ORIENTED_EDGE('',*,*,#5572,.F.);
#7243=ORIENTED_EDGE('',*,*,#5571,.F.);
#7244=ORIENTED_EDGE('',*,*,#5573,.F.);
#7245=ORIENTED_EDGE('',*,*,#5574,.T.);
#7246=ORIENTED_EDGE('',*,*,#5575,.F.);
#7247=ORIENTED_EDGE('',*,*,#5574,.F.);
#7248=ORIENTED_EDGE('',*,*,#5576,.F.);
#7249=ORIENTED_EDGE('',*,*,#5577,.T.);
#7250=ORIENTED_EDGE('',*,*,#5578,.F.);
#7251=ORIENTED_EDGE('',*,*,#5577,.F.);
#7252=ORIENTED_EDGE('',*,*,#5579,.F.);
#7253=ORIENTED_EDGE('',*,*,#5580,.T.);
#7254=ORIENTED_EDGE('',*,*,#5581,.F.);
#7255=ORIENTED_EDGE('',*,*,#5580,.F.);
#7256=ORIENTED_EDGE('',*,*,#5582,.F.);
#7257=ORIENTED_EDGE('',*,*,#5583,.T.);
#7258=ORIENTED_EDGE('',*,*,#5584,.F.);
#7259=ORIENTED_EDGE('',*,*,#5583,.F.);
#7260=ORIENTED_EDGE('',*,*,#5585,.F.);
#7261=ORIENTED_EDGE('',*,*,#5586,.T.);
#7262=ORIENTED_EDGE('',*,*,#5587,.F.);
#7263=ORIENTED_EDGE('',*,*,#5586,.F.);
#7264=ORIENTED_EDGE('',*,*,#5588,.F.);
#7265=ORIENTED_EDGE('',*,*,#5589,.T.);
#7266=ORIENTED_EDGE('',*,*,#5590,.F.);
#7267=ORIENTED_EDGE('',*,*,#5589,.F.);
#7268=ORIENTED_EDGE('',*,*,#5591,.F.);
#7269=ORIENTED_EDGE('',*,*,#5592,.T.);
#7270=ORIENTED_EDGE('',*,*,#5593,.F.);
#7271=ORIENTED_EDGE('',*,*,#5592,.F.);
#7272=ORIENTED_EDGE('',*,*,#5594,.F.);
#7273=ORIENTED_EDGE('',*,*,#5595,.T.);
#7274=ORIENTED_EDGE('',*,*,#5596,.F.);
#7275=ORIENTED_EDGE('',*,*,#5595,.F.);
#7276=ORIENTED_EDGE('',*,*,#5597,.F.);
#7277=ORIENTED_EDGE('',*,*,#5598,.T.);
#7278=ORIENTED_EDGE('',*,*,#5599,.F.);
#7279=ORIENTED_EDGE('',*,*,#5598,.F.);
#7280=ORIENTED_EDGE('',*,*,#5600,.F.);
#7281=ORIENTED_EDGE('',*,*,#5601,.T.);
#7282=ORIENTED_EDGE('',*,*,#5602,.F.);
#7283=ORIENTED_EDGE('',*,*,#5601,.F.);
#7284=ORIENTED_EDGE('',*,*,#5603,.F.);
#7285=ORIENTED_EDGE('',*,*,#5604,.T.);
#7286=ORIENTED_EDGE('',*,*,#5605,.F.);
#7287=ORIENTED_EDGE('',*,*,#5604,.F.);
#7288=ORIENTED_EDGE('',*,*,#5606,.F.);
#7289=ORIENTED_EDGE('',*,*,#5607,.T.);
#7290=ORIENTED_EDGE('',*,*,#5608,.F.);
#7291=ORIENTED_EDGE('',*,*,#5607,.F.);
#7292=ORIENTED_EDGE('',*,*,#5609,.F.);
#7293=ORIENTED_EDGE('',*,*,#5610,.T.);
#7294=ORIENTED_EDGE('',*,*,#5611,.F.);
#7295=ORIENTED_EDGE('',*,*,#5610,.F.);
#7296=ORIENTED_EDGE('',*,*,#5612,.F.);
#7297=ORIENTED_EDGE('',*,*,#5613,.T.);
#7298=ORIENTED_EDGE('',*,*,#5614,.F.);
#7299=ORIENTED_EDGE('',*,*,#5613,.F.);
#7300=ORIENTED_EDGE('',*,*,#5615,.F.);
#7301=ORIENTED_EDGE('',*,*,#5616,.T.);
#7302=ORIENTED_EDGE('',*,*,#5617,.F.);
#7303=ORIENTED_EDGE('',*,*,#5616,.F.);
#7304=ORIENTED_EDGE('',*,*,#5618,.F.);
#7305=ORIENTED_EDGE('',*,*,#5619,.T.);
#7306=ORIENTED_EDGE('',*,*,#5620,.F.);
#7307=ORIENTED_EDGE('',*,*,#5619,.F.);
#7308=ORIENTED_EDGE('',*,*,#5621,.F.);
#7309=ORIENTED_EDGE('',*,*,#5622,.T.);
#7310=ORIENTED_EDGE('',*,*,#5623,.F.);
#7311=ORIENTED_EDGE('',*,*,#5622,.F.);
#7312=ORIENTED_EDGE('',*,*,#5624,.F.);
#7313=ORIENTED_EDGE('',*,*,#5625,.T.);
#7314=ORIENTED_EDGE('',*,*,#5626,.F.);
#7315=ORIENTED_EDGE('',*,*,#5625,.F.);
#7316=ORIENTED_EDGE('',*,*,#5627,.F.);
#7317=ORIENTED_EDGE('',*,*,#5628,.T.);
#7318=ORIENTED_EDGE('',*,*,#5629,.F.);
#7319=ORIENTED_EDGE('',*,*,#5628,.F.);
#7320=ORIENTED_EDGE('',*,*,#5630,.F.);
#7321=ORIENTED_EDGE('',*,*,#5631,.T.);
#7322=ORIENTED_EDGE('',*,*,#5632,.F.);
#7323=ORIENTED_EDGE('',*,*,#5631,.F.);
#7324=ORIENTED_EDGE('',*,*,#5633,.F.);
#7325=ORIENTED_EDGE('',*,*,#5634,.T.);
#7326=ORIENTED_EDGE('',*,*,#5635,.F.);
#7327=ORIENTED_EDGE('',*,*,#5634,.F.);
#7328=ORIENTED_EDGE('',*,*,#5636,.F.);
#7329=ORIENTED_EDGE('',*,*,#5297,.T.);
#7330=ORIENTED_EDGE('',*,*,#5637,.F.);
#7331=ORIENTED_EDGE('',*,*,#5463,.T.);
#7332=ORIENTED_EDGE('',*,*,#5460,.T.);
#7333=ORIENTED_EDGE('',*,*,#5457,.T.);
#7334=ORIENTED_EDGE('',*,*,#5454,.T.);
#7335=ORIENTED_EDGE('',*,*,#5451,.T.);
#7336=ORIENTED_EDGE('',*,*,#5448,.T.);
#7337=ORIENTED_EDGE('',*,*,#5445,.T.);
#7338=ORIENTED_EDGE('',*,*,#5442,.T.);
#7339=ORIENTED_EDGE('',*,*,#5439,.T.);
#7340=ORIENTED_EDGE('',*,*,#5436,.T.);
#7341=ORIENTED_EDGE('',*,*,#5433,.T.);
#7342=ORIENTED_EDGE('',*,*,#5430,.T.);
#7343=ORIENTED_EDGE('',*,*,#5427,.T.);
#7344=ORIENTED_EDGE('',*,*,#5424,.T.);
#7345=ORIENTED_EDGE('',*,*,#5421,.T.);
#7346=ORIENTED_EDGE('',*,*,#5418,.T.);
#7347=ORIENTED_EDGE('',*,*,#5415,.T.);
#7348=ORIENTED_EDGE('',*,*,#5412,.T.);
#7349=ORIENTED_EDGE('',*,*,#5409,.T.);
#7350=ORIENTED_EDGE('',*,*,#5406,.T.);
#7351=ORIENTED_EDGE('',*,*,#5403,.T.);
#7352=ORIENTED_EDGE('',*,*,#5400,.T.);
#7353=ORIENTED_EDGE('',*,*,#5397,.T.);
#7354=ORIENTED_EDGE('',*,*,#5394,.T.);
#7355=ORIENTED_EDGE('',*,*,#5391,.T.);
#7356=ORIENTED_EDGE('',*,*,#5388,.T.);
#7357=ORIENTED_EDGE('',*,*,#5385,.T.);
#7358=ORIENTED_EDGE('',*,*,#5382,.T.);
#7359=ORIENTED_EDGE('',*,*,#5379,.T.);
#7360=ORIENTED_EDGE('',*,*,#5376,.T.);
#7361=ORIENTED_EDGE('',*,*,#5373,.T.);
#7362=ORIENTED_EDGE('',*,*,#5370,.T.);
#7363=ORIENTED_EDGE('',*,*,#5367,.T.);
#7364=ORIENTED_EDGE('',*,*,#5364,.T.);
#7365=ORIENTED_EDGE('',*,*,#5361,.T.);
#7366=ORIENTED_EDGE('',*,*,#5358,.T.);
#7367=ORIENTED_EDGE('',*,*,#5355,.T.);
#7368=ORIENTED_EDGE('',*,*,#5352,.T.);
#7369=ORIENTED_EDGE('',*,*,#5349,.T.);
#7370=ORIENTED_EDGE('',*,*,#5346,.T.);
#7371=ORIENTED_EDGE('',*,*,#5343,.T.);
#7372=ORIENTED_EDGE('',*,*,#5340,.T.);
#7373=ORIENTED_EDGE('',*,*,#5337,.T.);
#7374=ORIENTED_EDGE('',*,*,#5334,.T.);
#7375=ORIENTED_EDGE('',*,*,#5331,.T.);
#7376=ORIENTED_EDGE('',*,*,#5328,.T.);
#7377=ORIENTED_EDGE('',*,*,#5325,.T.);
#7378=ORIENTED_EDGE('',*,*,#5322,.T.);
#7379=ORIENTED_EDGE('',*,*,#5319,.T.);
#7380=ORIENTED_EDGE('',*,*,#5316,.T.);
#7381=ORIENTED_EDGE('',*,*,#5313,.T.);
#7382=ORIENTED_EDGE('',*,*,#5310,.T.);
#7383=ORIENTED_EDGE('',*,*,#5307,.T.);
#7384=ORIENTED_EDGE('',*,*,#5304,.T.);
#7385=ORIENTED_EDGE('',*,*,#5301,.T.);
#7386=ORIENTED_EDGE('',*,*,#5298,.T.);
#7387=ORIENTED_EDGE('',*,*,#5636,.T.);
#7388=ORIENTED_EDGE('',*,*,#5633,.T.);
#7389=ORIENTED_EDGE('',*,*,#5630,.T.);
#7390=ORIENTED_EDGE('',*,*,#5627,.T.);
#7391=ORIENTED_EDGE('',*,*,#5624,.T.);
#7392=ORIENTED_EDGE('',*,*,#5621,.T.);
#7393=ORIENTED_EDGE('',*,*,#5618,.T.);
#7394=ORIENTED_EDGE('',*,*,#5615,.T.);
#7395=ORIENTED_EDGE('',*,*,#5612,.T.);
#7396=ORIENTED_EDGE('',*,*,#5609,.T.);
#7397=ORIENTED_EDGE('',*,*,#5606,.T.);
#7398=ORIENTED_EDGE('',*,*,#5603,.T.);
#7399=ORIENTED_EDGE('',*,*,#5600,.T.);
#7400=ORIENTED_EDGE('',*,*,#5597,.T.);
#7401=ORIENTED_EDGE('',*,*,#5594,.T.);
#7402=ORIENTED_EDGE('',*,*,#5591,.T.);
#7403=ORIENTED_EDGE('',*,*,#5588,.T.);
#7404=ORIENTED_EDGE('',*,*,#5585,.T.);
#7405=ORIENTED_EDGE('',*,*,#5582,.T.);
#7406=ORIENTED_EDGE('',*,*,#5579,.T.);
#7407=ORIENTED_EDGE('',*,*,#5576,.T.);
#7408=ORIENTED_EDGE('',*,*,#5573,.T.);
#7409=ORIENTED_EDGE('',*,*,#5570,.T.);
#7410=ORIENTED_EDGE('',*,*,#5567,.T.);
#7411=ORIENTED_EDGE('',*,*,#5564,.T.);
#7412=ORIENTED_EDGE('',*,*,#5561,.T.);
#7413=ORIENTED_EDGE('',*,*,#5558,.T.);
#7414=ORIENTED_EDGE('',*,*,#5555,.T.);
#7415=ORIENTED_EDGE('',*,*,#5552,.T.);
#7416=ORIENTED_EDGE('',*,*,#5549,.T.);
#7417=ORIENTED_EDGE('',*,*,#5546,.T.);
#7418=ORIENTED_EDGE('',*,*,#5543,.T.);
#7419=ORIENTED_EDGE('',*,*,#5540,.T.);
#7420=ORIENTED_EDGE('',*,*,#5537,.T.);
#7421=ORIENTED_EDGE('',*,*,#5534,.T.);
#7422=ORIENTED_EDGE('',*,*,#5531,.T.);
#7423=ORIENTED_EDGE('',*,*,#5528,.T.);
#7424=ORIENTED_EDGE('',*,*,#5525,.T.);
#7425=ORIENTED_EDGE('',*,*,#5522,.T.);
#7426=ORIENTED_EDGE('',*,*,#5519,.T.);
#7427=ORIENTED_EDGE('',*,*,#5516,.T.);
#7428=ORIENTED_EDGE('',*,*,#5513,.T.);
#7429=ORIENTED_EDGE('',*,*,#5510,.T.);
#7430=ORIENTED_EDGE('',*,*,#5507,.T.);
#7431=ORIENTED_EDGE('',*,*,#5504,.T.);
#7432=ORIENTED_EDGE('',*,*,#5501,.T.);
#7433=ORIENTED_EDGE('',*,*,#5498,.T.);
#7434=ORIENTED_EDGE('',*,*,#5495,.T.);
#7435=ORIENTED_EDGE('',*,*,#5492,.T.);
#7436=ORIENTED_EDGE('',*,*,#5489,.T.);
#7437=ORIENTED_EDGE('',*,*,#5486,.T.);
#7438=ORIENTED_EDGE('',*,*,#5483,.T.);
#7439=ORIENTED_EDGE('',*,*,#5480,.T.);
#7440=ORIENTED_EDGE('',*,*,#5477,.T.);
#7441=ORIENTED_EDGE('',*,*,#5474,.T.);
#7442=ORIENTED_EDGE('',*,*,#5471,.T.);
#7443=ORIENTED_EDGE('',*,*,#5468,.T.);
#7444=ORIENTED_EDGE('',*,*,#5470,.T.);
#7445=ORIENTED_EDGE('',*,*,#5473,.T.);
#7446=ORIENTED_EDGE('',*,*,#5476,.T.);
#7447=ORIENTED_EDGE('',*,*,#5479,.T.);
#7448=ORIENTED_EDGE('',*,*,#5482,.T.);
#7449=ORIENTED_EDGE('',*,*,#5485,.T.);
#7450=ORIENTED_EDGE('',*,*,#5488,.T.);
#7451=ORIENTED_EDGE('',*,*,#5491,.T.);
#7452=ORIENTED_EDGE('',*,*,#5494,.T.);
#7453=ORIENTED_EDGE('',*,*,#5497,.T.);
#7454=ORIENTED_EDGE('',*,*,#5500,.T.);
#7455=ORIENTED_EDGE('',*,*,#5503,.T.);
#7456=ORIENTED_EDGE('',*,*,#5506,.T.);
#7457=ORIENTED_EDGE('',*,*,#5509,.T.);
#7458=ORIENTED_EDGE('',*,*,#5512,.T.);
#7459=ORIENTED_EDGE('',*,*,#5515,.T.);
#7460=ORIENTED_EDGE('',*,*,#5518,.T.);
#7461=ORIENTED_EDGE('',*,*,#5521,.T.);
#7462=ORIENTED_EDGE('',*,*,#5524,.T.);
#7463=ORIENTED_EDGE('',*,*,#5527,.T.);
#7464=ORIENTED_EDGE('',*,*,#5530,.T.);
#7465=ORIENTED_EDGE('',*,*,#5533,.T.);
#7466=ORIENTED_EDGE('',*,*,#5536,.T.);
#7467=ORIENTED_EDGE('',*,*,#5539,.T.);
#7468=ORIENTED_EDGE('',*,*,#5542,.T.);
#7469=ORIENTED_EDGE('',*,*,#5545,.T.);
#7470=ORIENTED_EDGE('',*,*,#5548,.T.);
#7471=ORIENTED_EDGE('',*,*,#5551,.T.);
#7472=ORIENTED_EDGE('',*,*,#5554,.T.);
#7473=ORIENTED_EDGE('',*,*,#5557,.T.);
#7474=ORIENTED_EDGE('',*,*,#5560,.T.);
#7475=ORIENTED_EDGE('',*,*,#5563,.T.);
#7476=ORIENTED_EDGE('',*,*,#5566,.T.);
#7477=ORIENTED_EDGE('',*,*,#5569,.T.);
#7478=ORIENTED_EDGE('',*,*,#5572,.T.);
#7479=ORIENTED_EDGE('',*,*,#5575,.T.);
#7480=ORIENTED_EDGE('',*,*,#5578,.T.);
#7481=ORIENTED_EDGE('',*,*,#5581,.T.);
#7482=ORIENTED_EDGE('',*,*,#5584,.T.);
#7483=ORIENTED_EDGE('',*,*,#5587,.T.);
#7484=ORIENTED_EDGE('',*,*,#5590,.T.);
#7485=ORIENTED_EDGE('',*,*,#5593,.T.);
#7486=ORIENTED_EDGE('',*,*,#5596,.T.);
#7487=ORIENTED_EDGE('',*,*,#5599,.T.);
#7488=ORIENTED_EDGE('',*,*,#5602,.T.);
#7489=ORIENTED_EDGE('',*,*,#5605,.T.);
#7490=ORIENTED_EDGE('',*,*,#5608,.T.);
#7491=ORIENTED_EDGE('',*,*,#5611,.T.);
#7492=ORIENTED_EDGE('',*,*,#5614,.T.);
#7493=ORIENTED_EDGE('',*,*,#5617,.T.);
#7494=ORIENTED_EDGE('',*,*,#5620,.T.);
#7495=ORIENTED_EDGE('',*,*,#5623,.T.);
#7496=ORIENTED_EDGE('',*,*,#5626,.T.);
#7497=ORIENTED_EDGE('',*,*,#5629,.T.);
#7498=ORIENTED_EDGE('',*,*,#5632,.T.);
#7499=ORIENTED_EDGE('',*,*,#5635,.T.);
#7500=ORIENTED_EDGE('',*,*,#5637,.T.);
#7501=ORIENTED_EDGE('',*,*,#5300,.T.);
#7502=ORIENTED_EDGE('',*,*,#5303,.T.);
#7503=ORIENTED_EDGE('',*,*,#5306,.T.);
#7504=ORIENTED_EDGE('',*,*,#5309,.T.);
#7505=ORIENTED_EDGE('',*,*,#5312,.T.);
#7506=ORIENTED_EDGE('',*,*,#5315,.T.);
#7507=ORIENTED_EDGE('',*,*,#5318,.T.);
#7508=ORIENTED_EDGE('',*,*,#5321,.T.);
#7509=ORIENTED_EDGE('',*,*,#5324,.T.);
#7510=ORIENTED_EDGE('',*,*,#5327,.T.);
#7511=ORIENTED_EDGE('',*,*,#5330,.T.);
#7512=ORIENTED_EDGE('',*,*,#5333,.T.);
#7513=ORIENTED_EDGE('',*,*,#5336,.T.);
#7514=ORIENTED_EDGE('',*,*,#5339,.T.);
#7515=ORIENTED_EDGE('',*,*,#5342,.T.);
#7516=ORIENTED_EDGE('',*,*,#5345,.T.);
#7517=ORIENTED_EDGE('',*,*,#5348,.T.);
#7518=ORIENTED_EDGE('',*,*,#5351,.T.);
#7519=ORIENTED_EDGE('',*,*,#5354,.T.);
#7520=ORIENTED_EDGE('',*,*,#5357,.T.);
#7521=ORIENTED_EDGE('',*,*,#5360,.T.);
#7522=ORIENTED_EDGE('',*,*,#5363,.T.);
#7523=ORIENTED_EDGE('',*,*,#5366,.T.);
#7524=ORIENTED_EDGE('',*,*,#5369,.T.);
#7525=ORIENTED_EDGE('',*,*,#5372,.T.);
#7526=ORIENTED_EDGE('',*,*,#5375,.T.);
#7527=ORIENTED_EDGE('',*,*,#5378,.T.);
#7528=ORIENTED_EDGE('',*,*,#5381,.T.);
#7529=ORIENTED_EDGE('',*,*,#5384,.T.);
#7530=ORIENTED_EDGE('',*,*,#5387,.T.);
#7531=ORIENTED_EDGE('',*,*,#5390,.T.);
#7532=ORIENTED_EDGE('',*,*,#5393,.T.);
#7533=ORIENTED_EDGE('',*,*,#5396,.T.);
#7534=ORIENTED_EDGE('',*,*,#5399,.T.);
#7535=ORIENTED_EDGE('',*,*,#5402,.T.);
#7536=ORIENTED_EDGE('',*,*,#5405,.T.);
#7537=ORIENTED_EDGE('',*,*,#5408,.T.);
#7538=ORIENTED_EDGE('',*,*,#5411,.T.);
#7539=ORIENTED_EDGE('',*,*,#5414,.T.);
#7540=ORIENTED_EDGE('',*,*,#5417,.T.);
#7541=ORIENTED_EDGE('',*,*,#5420,.T.);
#7542=ORIENTED_EDGE('',*,*,#5423,.T.);
#7543=ORIENTED_EDGE('',*,*,#5426,.T.);
#7544=ORIENTED_EDGE('',*,*,#5429,.T.);
#7545=ORIENTED_EDGE('',*,*,#5432,.T.);
#7546=ORIENTED_EDGE('',*,*,#5435,.T.);
#7547=ORIENTED_EDGE('',*,*,#5438,.T.);
#7548=ORIENTED_EDGE('',*,*,#5441,.T.);
#7549=ORIENTED_EDGE('',*,*,#5444,.T.);
#7550=ORIENTED_EDGE('',*,*,#5447,.T.);
#7551=ORIENTED_EDGE('',*,*,#5450,.T.);
#7552=ORIENTED_EDGE('',*,*,#5453,.T.);
#7553=ORIENTED_EDGE('',*,*,#5456,.T.);
#7554=ORIENTED_EDGE('',*,*,#5459,.T.);
#7555=ORIENTED_EDGE('',*,*,#5462,.T.);
#7556=ORIENTED_EDGE('',*,*,#5467,.T.);
#7557=ORIENTED_EDGE('',*,*,#5638,.F.);
#7558=ORIENTED_EDGE('',*,*,#5639,.F.);
#7559=ORIENTED_EDGE('',*,*,#5640,.F.);
#7560=ORIENTED_EDGE('',*,*,#5641,.F.);
#7561=ORIENTED_EDGE('',*,*,#5642,.F.);
#7562=ORIENTED_EDGE('',*,*,#5643,.F.);
#7563=ORIENTED_EDGE('',*,*,#5644,.F.);
#7564=ORIENTED_EDGE('',*,*,#5645,.F.);
#7565=ORIENTED_EDGE('',*,*,#5646,.F.);
#7566=ORIENTED_EDGE('',*,*,#5647,.F.);
#7567=ORIENTED_EDGE('',*,*,#5648,.F.);
#7568=ORIENTED_EDGE('',*,*,#5649,.F.);
#7569=ORIENTED_EDGE('',*,*,#5650,.F.);
#7570=ORIENTED_EDGE('',*,*,#5651,.F.);
#7571=ORIENTED_EDGE('',*,*,#5652,.F.);
#7572=ORIENTED_EDGE('',*,*,#5653,.F.);
#7573=ORIENTED_EDGE('',*,*,#5654,.F.);
#7574=ORIENTED_EDGE('',*,*,#5655,.F.);
#7575=ORIENTED_EDGE('',*,*,#5656,.F.);
#7576=ORIENTED_EDGE('',*,*,#5657,.F.);
#7577=ORIENTED_EDGE('',*,*,#5658,.F.);
#7578=ORIENTED_EDGE('',*,*,#5659,.F.);
#7579=ORIENTED_EDGE('',*,*,#5660,.F.);
#7580=ORIENTED_EDGE('',*,*,#5661,.F.);
#7581=ORIENTED_EDGE('',*,*,#5662,.F.);
#7582=ORIENTED_EDGE('',*,*,#5663,.F.);
#7583=ORIENTED_EDGE('',*,*,#5664,.F.);
#7584=ORIENTED_EDGE('',*,*,#5665,.F.);
#7585=ORIENTED_EDGE('',*,*,#5666,.F.);
#7586=ORIENTED_EDGE('',*,*,#5667,.F.);
#7587=ORIENTED_EDGE('',*,*,#5668,.F.);
#7588=ORIENTED_EDGE('',*,*,#5669,.F.);
#7589=ORIENTED_EDGE('',*,*,#5670,.F.);
#7590=ORIENTED_EDGE('',*,*,#5671,.F.);
#7591=ORIENTED_EDGE('',*,*,#5672,.F.);
#7592=ORIENTED_EDGE('',*,*,#5673,.F.);
#7593=ORIENTED_EDGE('',*,*,#5674,.F.);
#7594=ORIENTED_EDGE('',*,*,#5675,.F.);
#7595=ORIENTED_EDGE('',*,*,#5676,.F.);
#7596=ORIENTED_EDGE('',*,*,#5677,.F.);
#7597=ORIENTED_EDGE('',*,*,#5638,.T.);
#7598=ORIENTED_EDGE('',*,*,#5678,.F.);
#7599=ORIENTED_EDGE('',*,*,#5679,.T.);
#7600=ORIENTED_EDGE('',*,*,#5680,.T.);
#7601=ORIENTED_EDGE('',*,*,#5677,.T.);
#7602=ORIENTED_EDGE('',*,*,#5681,.F.);
#7603=ORIENTED_EDGE('',*,*,#5682,.T.);
#7604=ORIENTED_EDGE('',*,*,#5683,.T.);
#7605=ORIENTED_EDGE('',*,*,#5676,.T.);
#7606=ORIENTED_EDGE('',*,*,#5684,.F.);
#7607=ORIENTED_EDGE('',*,*,#5685,.T.);
#7608=ORIENTED_EDGE('',*,*,#5681,.T.);
#7609=ORIENTED_EDGE('',*,*,#5675,.T.);
#7610=ORIENTED_EDGE('',*,*,#5686,.F.);
#7611=ORIENTED_EDGE('',*,*,#5687,.T.);
#7612=ORIENTED_EDGE('',*,*,#5684,.T.);
#7613=ORIENTED_EDGE('',*,*,#5674,.T.);
#7614=ORIENTED_EDGE('',*,*,#5688,.F.);
#7615=ORIENTED_EDGE('',*,*,#5689,.T.);
#7616=ORIENTED_EDGE('',*,*,#5686,.T.);
#7617=ORIENTED_EDGE('',*,*,#5673,.T.);
#7618=ORIENTED_EDGE('',*,*,#5690,.F.);
#7619=ORIENTED_EDGE('',*,*,#5691,.T.);
#7620=ORIENTED_EDGE('',*,*,#5688,.T.);
#7621=ORIENTED_EDGE('',*,*,#5672,.T.);
#7622=ORIENTED_EDGE('',*,*,#5692,.F.);
#7623=ORIENTED_EDGE('',*,*,#5693,.T.);
#7624=ORIENTED_EDGE('',*,*,#5690,.T.);
#7625=ORIENTED_EDGE('',*,*,#5671,.T.);
#7626=ORIENTED_EDGE('',*,*,#5694,.F.);
#7627=ORIENTED_EDGE('',*,*,#5695,.T.);
#7628=ORIENTED_EDGE('',*,*,#5692,.T.);
#7629=ORIENTED_EDGE('',*,*,#5670,.T.);
#7630=ORIENTED_EDGE('',*,*,#5696,.F.);
#7631=ORIENTED_EDGE('',*,*,#5697,.T.);
#7632=ORIENTED_EDGE('',*,*,#5694,.T.);
#7633=ORIENTED_EDGE('',*,*,#5669,.T.);
#7634=ORIENTED_EDGE('',*,*,#5698,.F.);
#7635=ORIENTED_EDGE('',*,*,#5699,.T.);
#7636=ORIENTED_EDGE('',*,*,#5696,.T.);
#7637=ORIENTED_EDGE('',*,*,#5668,.T.);
#7638=ORIENTED_EDGE('',*,*,#5700,.F.);
#7639=ORIENTED_EDGE('',*,*,#5701,.T.);
#7640=ORIENTED_EDGE('',*,*,#5698,.T.);
#7641=ORIENTED_EDGE('',*,*,#5667,.T.);
#7642=ORIENTED_EDGE('',*,*,#5702,.F.);
#7643=ORIENTED_EDGE('',*,*,#5703,.T.);
#7644=ORIENTED_EDGE('',*,*,#5700,.T.);
#7645=ORIENTED_EDGE('',*,*,#5666,.T.);
#7646=ORIENTED_EDGE('',*,*,#5704,.F.);
#7647=ORIENTED_EDGE('',*,*,#5705,.T.);
#7648=ORIENTED_EDGE('',*,*,#5702,.T.);
#7649=ORIENTED_EDGE('',*,*,#5665,.T.);
#7650=ORIENTED_EDGE('',*,*,#5706,.F.);
#7651=ORIENTED_EDGE('',*,*,#5707,.T.);
#7652=ORIENTED_EDGE('',*,*,#5704,.T.);
#7653=ORIENTED_EDGE('',*,*,#5664,.T.);
#7654=ORIENTED_EDGE('',*,*,#5708,.F.);
#7655=ORIENTED_EDGE('',*,*,#5709,.T.);
#7656=ORIENTED_EDGE('',*,*,#5706,.T.);
#7657=ORIENTED_EDGE('',*,*,#5663,.T.);
#7658=ORIENTED_EDGE('',*,*,#5710,.F.);
#7659=ORIENTED_EDGE('',*,*,#5711,.T.);
#7660=ORIENTED_EDGE('',*,*,#5708,.T.);
#7661=ORIENTED_EDGE('',*,*,#5662,.T.);
#7662=ORIENTED_EDGE('',*,*,#5712,.F.);
#7663=ORIENTED_EDGE('',*,*,#5713,.T.);
#7664=ORIENTED_EDGE('',*,*,#5710,.T.);
#7665=ORIENTED_EDGE('',*,*,#5661,.T.);
#7666=ORIENTED_EDGE('',*,*,#5714,.F.);
#7667=ORIENTED_EDGE('',*,*,#5715,.T.);
#7668=ORIENTED_EDGE('',*,*,#5712,.T.);
#7669=ORIENTED_EDGE('',*,*,#5660,.T.);
#7670=ORIENTED_EDGE('',*,*,#5716,.F.);
#7671=ORIENTED_EDGE('',*,*,#5717,.T.);
#7672=ORIENTED_EDGE('',*,*,#5714,.T.);
#7673=ORIENTED_EDGE('',*,*,#5659,.T.);
#7674=ORIENTED_EDGE('',*,*,#5718,.F.);
#7675=ORIENTED_EDGE('',*,*,#5719,.T.);
#7676=ORIENTED_EDGE('',*,*,#5716,.T.);
#7677=ORIENTED_EDGE('',*,*,#5682,.F.);
#7678=ORIENTED_EDGE('',*,*,#5685,.F.);
#7679=ORIENTED_EDGE('',*,*,#5687,.F.);
#7680=ORIENTED_EDGE('',*,*,#5689,.F.);
#7681=ORIENTED_EDGE('',*,*,#5691,.F.);
#7682=ORIENTED_EDGE('',*,*,#5693,.F.);
#7683=ORIENTED_EDGE('',*,*,#5695,.F.);
#7684=ORIENTED_EDGE('',*,*,#5697,.F.);
#7685=ORIENTED_EDGE('',*,*,#5699,.F.);
#7686=ORIENTED_EDGE('',*,*,#5701,.F.);
#7687=ORIENTED_EDGE('',*,*,#5703,.F.);
#7688=ORIENTED_EDGE('',*,*,#5705,.F.);
#7689=ORIENTED_EDGE('',*,*,#5707,.F.);
#7690=ORIENTED_EDGE('',*,*,#5709,.F.);
#7691=ORIENTED_EDGE('',*,*,#5711,.F.);
#7692=ORIENTED_EDGE('',*,*,#5713,.F.);
#7693=ORIENTED_EDGE('',*,*,#5715,.F.);
#7694=ORIENTED_EDGE('',*,*,#5717,.F.);
#7695=ORIENTED_EDGE('',*,*,#5719,.F.);
#7696=ORIENTED_EDGE('',*,*,#5720,.F.);
#7697=ORIENTED_EDGE('',*,*,#5721,.F.);
#7698=ORIENTED_EDGE('',*,*,#5722,.F.);
#7699=ORIENTED_EDGE('',*,*,#5723,.F.);
#7700=ORIENTED_EDGE('',*,*,#5724,.F.);
#7701=ORIENTED_EDGE('',*,*,#5725,.F.);
#7702=ORIENTED_EDGE('',*,*,#5726,.F.);
#7703=ORIENTED_EDGE('',*,*,#5727,.F.);
#7704=ORIENTED_EDGE('',*,*,#5728,.F.);
#7705=ORIENTED_EDGE('',*,*,#5729,.F.);
#7706=ORIENTED_EDGE('',*,*,#5730,.F.);
#7707=ORIENTED_EDGE('',*,*,#5731,.F.);
#7708=ORIENTED_EDGE('',*,*,#5732,.F.);
#7709=ORIENTED_EDGE('',*,*,#5733,.F.);
#7710=ORIENTED_EDGE('',*,*,#5734,.F.);
#7711=ORIENTED_EDGE('',*,*,#5735,.F.);
#7712=ORIENTED_EDGE('',*,*,#5736,.F.);
#7713=ORIENTED_EDGE('',*,*,#5737,.F.);
#7714=ORIENTED_EDGE('',*,*,#5738,.F.);
#7715=ORIENTED_EDGE('',*,*,#5739,.F.);
#7716=ORIENTED_EDGE('',*,*,#5679,.F.);
#7717=ORIENTED_EDGE('',*,*,#5658,.T.);
#7718=ORIENTED_EDGE('',*,*,#5740,.F.);
#7719=ORIENTED_EDGE('',*,*,#5720,.T.);
#7720=ORIENTED_EDGE('',*,*,#5718,.T.);
#7721=ORIENTED_EDGE('',*,*,#5741,.F.);
#7722=ORIENTED_EDGE('',*,*,#5742,.F.);
#7723=ORIENTED_EDGE('',*,*,#5743,.F.);
#7724=ORIENTED_EDGE('',*,*,#5744,.T.);
#7725=ORIENTED_EDGE('',*,*,#5745,.F.);
#7726=ORIENTED_EDGE('',*,*,#5746,.T.);
#7727=ORIENTED_EDGE('',*,*,#5657,.T.);
#7728=ORIENTED_EDGE('',*,*,#5747,.F.);
#7729=ORIENTED_EDGE('',*,*,#5721,.T.);
#7730=ORIENTED_EDGE('',*,*,#5740,.T.);
#7731=ORIENTED_EDGE('',*,*,#5656,.T.);
#7732=ORIENTED_EDGE('',*,*,#5748,.F.);
#7733=ORIENTED_EDGE('',*,*,#5722,.T.);
#7734=ORIENTED_EDGE('',*,*,#5747,.T.);
#7735=ORIENTED_EDGE('',*,*,#5655,.T.);
#7736=ORIENTED_EDGE('',*,*,#5749,.F.);
#7737=ORIENTED_EDGE('',*,*,#5723,.T.);
#7738=ORIENTED_EDGE('',*,*,#5748,.T.);
#7739=ORIENTED_EDGE('',*,*,#5654,.T.);
#7740=ORIENTED_EDGE('',*,*,#5750,.F.);
#7741=ORIENTED_EDGE('',*,*,#5724,.T.);
#7742=ORIENTED_EDGE('',*,*,#5749,.T.);
#7743=ORIENTED_EDGE('',*,*,#5653,.T.);
#7744=ORIENTED_EDGE('',*,*,#5751,.F.);
#7745=ORIENTED_EDGE('',*,*,#5725,.T.);
#7746=ORIENTED_EDGE('',*,*,#5750,.T.);
#7747=ORIENTED_EDGE('',*,*,#5652,.T.);
#7748=ORIENTED_EDGE('',*,*,#5752,.F.);
#7749=ORIENTED_EDGE('',*,*,#5726,.T.);
#7750=ORIENTED_EDGE('',*,*,#5751,.T.);
#7751=ORIENTED_EDGE('',*,*,#5651,.T.);
#7752=ORIENTED_EDGE('',*,*,#5753,.F.);
#7753=ORIENTED_EDGE('',*,*,#5727,.T.);
#7754=ORIENTED_EDGE('',*,*,#5752,.T.);
#7755=ORIENTED_EDGE('',*,*,#5650,.T.);
#7756=ORIENTED_EDGE('',*,*,#5754,.F.);
#7757=ORIENTED_EDGE('',*,*,#5728,.T.);
#7758=ORIENTED_EDGE('',*,*,#5753,.T.);
#7759=ORIENTED_EDGE('',*,*,#5741,.T.);
#7760=ORIENTED_EDGE('',*,*,#5755,.F.);
#7761=ORIENTED_EDGE('',*,*,#5683,.F.);
#7762=ORIENTED_EDGE('',*,*,#5756,.F.);
#7763=ORIENTED_EDGE('',*,*,#5744,.F.);
#7764=ORIENTED_EDGE('',*,*,#5757,.T.);
#7765=ORIENTED_EDGE('',*,*,#5649,.T.);
#7766=ORIENTED_EDGE('',*,*,#5758,.F.);
#7767=ORIENTED_EDGE('',*,*,#5729,.T.);
#7768=ORIENTED_EDGE('',*,*,#5754,.T.);
#7769=ORIENTED_EDGE('',*,*,#5648,.T.);
#7770=ORIENTED_EDGE('',*,*,#5759,.F.);
#7771=ORIENTED_EDGE('',*,*,#5730,.T.);
#7772=ORIENTED_EDGE('',*,*,#5758,.T.);
#7773=ORIENTED_EDGE('',*,*,#5647,.T.);
#7774=ORIENTED_EDGE('',*,*,#5760,.F.);
#7775=ORIENTED_EDGE('',*,*,#5731,.T.);
#7776=ORIENTED_EDGE('',*,*,#5759,.T.);
#7777=ORIENTED_EDGE('',*,*,#5646,.T.);
#7778=ORIENTED_EDGE('',*,*,#5761,.F.);
#7779=ORIENTED_EDGE('',*,*,#5732,.T.);
#7780=ORIENTED_EDGE('',*,*,#5760,.T.);
#7781=ORIENTED_EDGE('',*,*,#5645,.T.);
#7782=ORIENTED_EDGE('',*,*,#5762,.F.);
#7783=ORIENTED_EDGE('',*,*,#5733,.T.);
#7784=ORIENTED_EDGE('',*,*,#5761,.T.);
#7785=ORIENTED_EDGE('',*,*,#5644,.T.);
#7786=ORIENTED_EDGE('',*,*,#5763,.F.);
#7787=ORIENTED_EDGE('',*,*,#5734,.T.);
#7788=ORIENTED_EDGE('',*,*,#5762,.T.);
#7789=ORIENTED_EDGE('',*,*,#5643,.T.);
#7790=ORIENTED_EDGE('',*,*,#5764,.F.);
#7791=ORIENTED_EDGE('',*,*,#5735,.T.);
#7792=ORIENTED_EDGE('',*,*,#5763,.T.);
#7793=ORIENTED_EDGE('',*,*,#5642,.T.);
#7794=ORIENTED_EDGE('',*,*,#5765,.F.);
#7795=ORIENTED_EDGE('',*,*,#5736,.T.);
#7796=ORIENTED_EDGE('',*,*,#5764,.T.);
#7797=ORIENTED_EDGE('',*,*,#5641,.T.);
#7798=ORIENTED_EDGE('',*,*,#5766,.F.);
#7799=ORIENTED_EDGE('',*,*,#5737,.T.);
#7800=ORIENTED_EDGE('',*,*,#5765,.T.);
#7801=ORIENTED_EDGE('',*,*,#5640,.T.);
#7802=ORIENTED_EDGE('',*,*,#5767,.F.);
#7803=ORIENTED_EDGE('',*,*,#5738,.T.);
#7804=ORIENTED_EDGE('',*,*,#5766,.T.);
#7805=ORIENTED_EDGE('',*,*,#5639,.T.);
#7806=ORIENTED_EDGE('',*,*,#5680,.F.);
#7807=ORIENTED_EDGE('',*,*,#5739,.T.);
#7808=ORIENTED_EDGE('',*,*,#5767,.T.);
#7809=ORIENTED_EDGE('',*,*,#5743,.T.);
#7810=ORIENTED_EDGE('',*,*,#5768,.F.);
#7811=ORIENTED_EDGE('',*,*,#5745,.T.);
#7812=ORIENTED_EDGE('',*,*,#5756,.T.);
#7813=ORIENTED_EDGE('',*,*,#5678,.T.);
#7814=ORIENTED_EDGE('',*,*,#5755,.T.);
#7815=ORIENTED_EDGE('',*,*,#5742,.T.);
#7816=ORIENTED_EDGE('',*,*,#5757,.F.);
#7817=ORIENTED_EDGE('',*,*,#5746,.F.);
#7818=ORIENTED_EDGE('',*,*,#5768,.T.);
#7819=ORIENTED_EDGE('',*,*,#5769,.F.);
#7820=ORIENTED_EDGE('',*,*,#5770,.F.);
#7821=ORIENTED_EDGE('',*,*,#5771,.F.);
#7822=ORIENTED_EDGE('',*,*,#5772,.F.);
#7823=ORIENTED_EDGE('',*,*,#5773,.F.);
#7824=ORIENTED_EDGE('',*,*,#5774,.F.);
#7825=ORIENTED_EDGE('',*,*,#5775,.F.);
#7826=ORIENTED_EDGE('',*,*,#5776,.F.);
#7827=ORIENTED_EDGE('',*,*,#5777,.F.);
#7828=ORIENTED_EDGE('',*,*,#5778,.F.);
#7829=ORIENTED_EDGE('',*,*,#5779,.F.);
#7830=ORIENTED_EDGE('',*,*,#5780,.F.);
#7831=ORIENTED_EDGE('',*,*,#5781,.F.);
#7832=ORIENTED_EDGE('',*,*,#5782,.F.);
#7833=ORIENTED_EDGE('',*,*,#5783,.F.);
#7834=ORIENTED_EDGE('',*,*,#5784,.F.);
#7835=ORIENTED_EDGE('',*,*,#5785,.F.);
#7836=ORIENTED_EDGE('',*,*,#5786,.F.);
#7837=ORIENTED_EDGE('',*,*,#5787,.F.);
#7838=ORIENTED_EDGE('',*,*,#5788,.F.);
#7839=ORIENTED_EDGE('',*,*,#5789,.F.);
#7840=ORIENTED_EDGE('',*,*,#5790,.F.);
#7841=ORIENTED_EDGE('',*,*,#5791,.F.);
#7842=ORIENTED_EDGE('',*,*,#5792,.F.);
#7843=ORIENTED_EDGE('',*,*,#5793,.F.);
#7844=ORIENTED_EDGE('',*,*,#5782,.T.);
#7845=ORIENTED_EDGE('',*,*,#5794,.F.);
#7846=ORIENTED_EDGE('',*,*,#5795,.T.);
#7847=ORIENTED_EDGE('',*,*,#5796,.T.);
#7848=ORIENTED_EDGE('',*,*,#5781,.T.);
#7849=ORIENTED_EDGE('',*,*,#5797,.F.);
#7850=ORIENTED_EDGE('',*,*,#5798,.T.);
#7851=ORIENTED_EDGE('',*,*,#5799,.T.);
#7852=ORIENTED_EDGE('',*,*,#5780,.T.);
#7853=ORIENTED_EDGE('',*,*,#5800,.F.);
#7854=ORIENTED_EDGE('',*,*,#5801,.T.);
#7855=ORIENTED_EDGE('',*,*,#5797,.T.);
#7856=ORIENTED_EDGE('',*,*,#5779,.T.);
#7857=ORIENTED_EDGE('',*,*,#5802,.F.);
#7858=ORIENTED_EDGE('',*,*,#5803,.T.);
#7859=ORIENTED_EDGE('',*,*,#5800,.T.);
#7860=ORIENTED_EDGE('',*,*,#5778,.T.);
#7861=ORIENTED_EDGE('',*,*,#5804,.F.);
#7862=ORIENTED_EDGE('',*,*,#5805,.T.);
#7863=ORIENTED_EDGE('',*,*,#5802,.T.);
#7864=ORIENTED_EDGE('',*,*,#5777,.T.);
#7865=ORIENTED_EDGE('',*,*,#5806,.F.);
#7866=ORIENTED_EDGE('',*,*,#5807,.T.);
#7867=ORIENTED_EDGE('',*,*,#5804,.T.);
#7868=ORIENTED_EDGE('',*,*,#5776,.T.);
#7869=ORIENTED_EDGE('',*,*,#5808,.F.);
#7870=ORIENTED_EDGE('',*,*,#5809,.T.);
#7871=ORIENTED_EDGE('',*,*,#5806,.T.);
#7872=ORIENTED_EDGE('',*,*,#5775,.T.);
#7873=ORIENTED_EDGE('',*,*,#5810,.F.);
#7874=ORIENTED_EDGE('',*,*,#5811,.T.);
#7875=ORIENTED_EDGE('',*,*,#5808,.T.);
#7876=ORIENTED_EDGE('',*,*,#5774,.T.);
#7877=ORIENTED_EDGE('',*,*,#5812,.F.);
#7878=ORIENTED_EDGE('',*,*,#5813,.T.);
#7879=ORIENTED_EDGE('',*,*,#5810,.T.);
#7880=ORIENTED_EDGE('',*,*,#5773,.T.);
#7881=ORIENTED_EDGE('',*,*,#5814,.F.);
#7882=ORIENTED_EDGE('',*,*,#5815,.T.);
#7883=ORIENTED_EDGE('',*,*,#5812,.T.);
#7884=ORIENTED_EDGE('',*,*,#5772,.T.);
#7885=ORIENTED_EDGE('',*,*,#5816,.F.);
#7886=ORIENTED_EDGE('',*,*,#5817,.T.);
#7887=ORIENTED_EDGE('',*,*,#5814,.T.);
#7888=ORIENTED_EDGE('',*,*,#5771,.T.);
#7889=ORIENTED_EDGE('',*,*,#5818,.F.);
#7890=ORIENTED_EDGE('',*,*,#5819,.T.);
#7891=ORIENTED_EDGE('',*,*,#5816,.T.);
#7892=ORIENTED_EDGE('',*,*,#5770,.T.);
#7893=ORIENTED_EDGE('',*,*,#5820,.F.);
#7894=ORIENTED_EDGE('',*,*,#5821,.T.);
#7895=ORIENTED_EDGE('',*,*,#5818,.T.);
#7896=ORIENTED_EDGE('',*,*,#5822,.F.);
#7897=ORIENTED_EDGE('',*,*,#5823,.F.);
#7898=ORIENTED_EDGE('',*,*,#5824,.F.);
#7899=ORIENTED_EDGE('',*,*,#5825,.F.);
#7900=ORIENTED_EDGE('',*,*,#5826,.F.);
#7901=ORIENTED_EDGE('',*,*,#5827,.F.);
#7902=ORIENTED_EDGE('',*,*,#5828,.F.);
#7903=ORIENTED_EDGE('',*,*,#5829,.F.);
#7904=ORIENTED_EDGE('',*,*,#5830,.F.);
#7905=ORIENTED_EDGE('',*,*,#5831,.F.);
#7906=ORIENTED_EDGE('',*,*,#5832,.F.);
#7907=ORIENTED_EDGE('',*,*,#5833,.F.);
#7908=ORIENTED_EDGE('',*,*,#5795,.F.);
#7909=ORIENTED_EDGE('',*,*,#5798,.F.);
#7910=ORIENTED_EDGE('',*,*,#5801,.F.);
#7911=ORIENTED_EDGE('',*,*,#5803,.F.);
#7912=ORIENTED_EDGE('',*,*,#5805,.F.);
#7913=ORIENTED_EDGE('',*,*,#5807,.F.);
#7914=ORIENTED_EDGE('',*,*,#5809,.F.);
#7915=ORIENTED_EDGE('',*,*,#5811,.F.);
#7916=ORIENTED_EDGE('',*,*,#5813,.F.);
#7917=ORIENTED_EDGE('',*,*,#5815,.F.);
#7918=ORIENTED_EDGE('',*,*,#5817,.F.);
#7919=ORIENTED_EDGE('',*,*,#5819,.F.);
#7920=ORIENTED_EDGE('',*,*,#5821,.F.);
#7921=ORIENTED_EDGE('',*,*,#5783,.T.);
#7922=ORIENTED_EDGE('',*,*,#5796,.F.);
#7923=ORIENTED_EDGE('',*,*,#5833,.T.);
#7924=ORIENTED_EDGE('',*,*,#5834,.T.);
#7925=ORIENTED_EDGE('',*,*,#5784,.T.);
#7926=ORIENTED_EDGE('',*,*,#5834,.F.);
#7927=ORIENTED_EDGE('',*,*,#5832,.T.);
#7928=ORIENTED_EDGE('',*,*,#5835,.T.);
#7929=ORIENTED_EDGE('',*,*,#5785,.T.);
#7930=ORIENTED_EDGE('',*,*,#5835,.F.);
#7931=ORIENTED_EDGE('',*,*,#5831,.T.);
#7932=ORIENTED_EDGE('',*,*,#5836,.T.);
#7933=ORIENTED_EDGE('',*,*,#5786,.T.);
#7934=ORIENTED_EDGE('',*,*,#5836,.F.);
#7935=ORIENTED_EDGE('',*,*,#5830,.T.);
#7936=ORIENTED_EDGE('',*,*,#5837,.T.);
#7937=ORIENTED_EDGE('',*,*,#5787,.T.);
#7938=ORIENTED_EDGE('',*,*,#5837,.F.);
#7939=ORIENTED_EDGE('',*,*,#5829,.T.);
#7940=ORIENTED_EDGE('',*,*,#5838,.T.);
#7941=ORIENTED_EDGE('',*,*,#5788,.T.);
#7942=ORIENTED_EDGE('',*,*,#5838,.F.);
#7943=ORIENTED_EDGE('',*,*,#5828,.T.);
#7944=ORIENTED_EDGE('',*,*,#5839,.T.);
#7945=ORIENTED_EDGE('',*,*,#5789,.T.);
#7946=ORIENTED_EDGE('',*,*,#5839,.F.);
#7947=ORIENTED_EDGE('',*,*,#5827,.T.);
#7948=ORIENTED_EDGE('',*,*,#5840,.T.);
#7949=ORIENTED_EDGE('',*,*,#5790,.T.);
#7950=ORIENTED_EDGE('',*,*,#5840,.F.);
#7951=ORIENTED_EDGE('',*,*,#5826,.T.);
#7952=ORIENTED_EDGE('',*,*,#5841,.T.);
#7953=ORIENTED_EDGE('',*,*,#5791,.T.);
#7954=ORIENTED_EDGE('',*,*,#5841,.F.);
#7955=ORIENTED_EDGE('',*,*,#5825,.T.);
#7956=ORIENTED_EDGE('',*,*,#5842,.T.);
#7957=ORIENTED_EDGE('',*,*,#5792,.T.);
#7958=ORIENTED_EDGE('',*,*,#5842,.F.);
#7959=ORIENTED_EDGE('',*,*,#5824,.T.);
#7960=ORIENTED_EDGE('',*,*,#5843,.T.);
#7961=ORIENTED_EDGE('',*,*,#5793,.T.);
#7962=ORIENTED_EDGE('',*,*,#5843,.F.);
#7963=ORIENTED_EDGE('',*,*,#5823,.T.);
#7964=ORIENTED_EDGE('',*,*,#5844,.T.);
#7965=ORIENTED_EDGE('',*,*,#5845,.T.);
#7966=ORIENTED_EDGE('',*,*,#5846,.F.);
#7967=ORIENTED_EDGE('',*,*,#5847,.T.);
#7968=ORIENTED_EDGE('',*,*,#5848,.T.);
#7969=ORIENTED_EDGE('',*,*,#5849,.T.);
#7970=ORIENTED_EDGE('',*,*,#5848,.F.);
#7971=ORIENTED_EDGE('',*,*,#5850,.T.);
#7972=ORIENTED_EDGE('',*,*,#5851,.T.);
#7973=ORIENTED_EDGE('',*,*,#5794,.T.);
#7974=ORIENTED_EDGE('',*,*,#5852,.T.);
#7975=ORIENTED_EDGE('',*,*,#5853,.T.);
#7976=ORIENTED_EDGE('',*,*,#5852,.F.);
#7977=ORIENTED_EDGE('',*,*,#5799,.F.);
#7978=ORIENTED_EDGE('',*,*,#5851,.F.);
#7979=ORIENTED_EDGE('',*,*,#5854,.T.);
#7980=ORIENTED_EDGE('',*,*,#5846,.T.);
#7981=ORIENTED_EDGE('',*,*,#5769,.T.);
#7982=ORIENTED_EDGE('',*,*,#5844,.F.);
#7983=ORIENTED_EDGE('',*,*,#5822,.T.);
#7984=ORIENTED_EDGE('',*,*,#5820,.T.);
#7985=ORIENTED_EDGE('',*,*,#5850,.F.);
#7986=ORIENTED_EDGE('',*,*,#5847,.F.);
#7987=ORIENTED_EDGE('',*,*,#5854,.F.);
#7988=ORIENTED_EDGE('',*,*,#5853,.F.);
#7989=ORIENTED_EDGE('',*,*,#5845,.F.);
#7990=ORIENTED_EDGE('',*,*,#5849,.F.);
#7991=ORIENTED_EDGE('',*,*,#5855,.F.);
#7992=ORIENTED_EDGE('',*,*,#5856,.F.);
#7993=ORIENTED_EDGE('',*,*,#5857,.F.);
#7994=ORIENTED_EDGE('',*,*,#5858,.F.);
#7995=ORIENTED_EDGE('',*,*,#5859,.F.);
#7996=ORIENTED_EDGE('',*,*,#5860,.F.);
#7997=ORIENTED_EDGE('',*,*,#5861,.F.);
#7998=ORIENTED_EDGE('',*,*,#5862,.F.);
#7999=ORIENTED_EDGE('',*,*,#5863,.F.);
#8000=ORIENTED_EDGE('',*,*,#5864,.F.);
#8001=ORIENTED_EDGE('',*,*,#5865,.F.);
#8002=ORIENTED_EDGE('',*,*,#5866,.F.);
#8003=ORIENTED_EDGE('',*,*,#5867,.F.);
#8004=ORIENTED_EDGE('',*,*,#5868,.F.);
#8005=ORIENTED_EDGE('',*,*,#5869,.F.);
#8006=ORIENTED_EDGE('',*,*,#5870,.F.);
#8007=ORIENTED_EDGE('',*,*,#5871,.F.);
#8008=ORIENTED_EDGE('',*,*,#5872,.F.);
#8009=ORIENTED_EDGE('',*,*,#5873,.F.);
#8010=ORIENTED_EDGE('',*,*,#5874,.F.);
#8011=ORIENTED_EDGE('',*,*,#5875,.F.);
#8012=ORIENTED_EDGE('',*,*,#5876,.F.);
#8013=ORIENTED_EDGE('',*,*,#5877,.F.);
#8014=ORIENTED_EDGE('',*,*,#5878,.F.);
#8015=ORIENTED_EDGE('',*,*,#5879,.F.);
#8016=ORIENTED_EDGE('',*,*,#5880,.F.);
#8017=ORIENTED_EDGE('',*,*,#5881,.F.);
#8018=ORIENTED_EDGE('',*,*,#5882,.F.);
#8019=ORIENTED_EDGE('',*,*,#5883,.F.);
#8020=ORIENTED_EDGE('',*,*,#5884,.F.);
#8021=ORIENTED_EDGE('',*,*,#5885,.F.);
#8022=ORIENTED_EDGE('',*,*,#5886,.F.);
#8023=ORIENTED_EDGE('',*,*,#5871,.T.);
#8024=ORIENTED_EDGE('',*,*,#5887,.F.);
#8025=ORIENTED_EDGE('',*,*,#5888,.T.);
#8026=ORIENTED_EDGE('',*,*,#5889,.T.);
#8027=ORIENTED_EDGE('',*,*,#5870,.T.);
#8028=ORIENTED_EDGE('',*,*,#5890,.F.);
#8029=ORIENTED_EDGE('',*,*,#5891,.T.);
#8030=ORIENTED_EDGE('',*,*,#5887,.T.);
#8031=ORIENTED_EDGE('',*,*,#5869,.T.);
#8032=ORIENTED_EDGE('',*,*,#5892,.F.);
#8033=ORIENTED_EDGE('',*,*,#5893,.T.);
#8034=ORIENTED_EDGE('',*,*,#5890,.T.);
#8035=ORIENTED_EDGE('',*,*,#5868,.T.);
#8036=ORIENTED_EDGE('',*,*,#5894,.F.);
#8037=ORIENTED_EDGE('',*,*,#5895,.T.);
#8038=ORIENTED_EDGE('',*,*,#5892,.T.);
#8039=ORIENTED_EDGE('',*,*,#5867,.T.);
#8040=ORIENTED_EDGE('',*,*,#5896,.F.);
#8041=ORIENTED_EDGE('',*,*,#5897,.T.);
#8042=ORIENTED_EDGE('',*,*,#5894,.T.);
#8043=ORIENTED_EDGE('',*,*,#5866,.T.);
#8044=ORIENTED_EDGE('',*,*,#5898,.F.);
#8045=ORIENTED_EDGE('',*,*,#5899,.T.);
#8046=ORIENTED_EDGE('',*,*,#5896,.T.);
#8047=ORIENTED_EDGE('',*,*,#5865,.T.);
#8048=ORIENTED_EDGE('',*,*,#5900,.F.);
#8049=ORIENTED_EDGE('',*,*,#5901,.T.);
#8050=ORIENTED_EDGE('',*,*,#5898,.T.);
#8051=ORIENTED_EDGE('',*,*,#5864,.T.);
#8052=ORIENTED_EDGE('',*,*,#5902,.F.);
#8053=ORIENTED_EDGE('',*,*,#5903,.T.);
#8054=ORIENTED_EDGE('',*,*,#5900,.T.);
#8055=ORIENTED_EDGE('',*,*,#5863,.T.);
#8056=ORIENTED_EDGE('',*,*,#5904,.F.);
#8057=ORIENTED_EDGE('',*,*,#5905,.T.);
#8058=ORIENTED_EDGE('',*,*,#5902,.T.);
#8059=ORIENTED_EDGE('',*,*,#5862,.T.);
#8060=ORIENTED_EDGE('',*,*,#5906,.F.);
#8061=ORIENTED_EDGE('',*,*,#5907,.T.);
#8062=ORIENTED_EDGE('',*,*,#5904,.T.);
#8063=ORIENTED_EDGE('',*,*,#5861,.T.);
#8064=ORIENTED_EDGE('',*,*,#5908,.F.);
#8065=ORIENTED_EDGE('',*,*,#5909,.T.);
#8066=ORIENTED_EDGE('',*,*,#5906,.T.);
#8067=ORIENTED_EDGE('',*,*,#5860,.T.);
#8068=ORIENTED_EDGE('',*,*,#5910,.F.);
#8069=ORIENTED_EDGE('',*,*,#5911,.T.);
#8070=ORIENTED_EDGE('',*,*,#5908,.T.);
#8071=ORIENTED_EDGE('',*,*,#5859,.T.);
#8072=ORIENTED_EDGE('',*,*,#5912,.F.);
#8073=ORIENTED_EDGE('',*,*,#5913,.T.);
#8074=ORIENTED_EDGE('',*,*,#5910,.T.);
#8075=ORIENTED_EDGE('',*,*,#5858,.T.);
#8076=ORIENTED_EDGE('',*,*,#5914,.F.);
#8077=ORIENTED_EDGE('',*,*,#5915,.T.);
#8078=ORIENTED_EDGE('',*,*,#5912,.T.);
#8079=ORIENTED_EDGE('',*,*,#5857,.T.);
#8080=ORIENTED_EDGE('',*,*,#5916,.F.);
#8081=ORIENTED_EDGE('',*,*,#5917,.T.);
#8082=ORIENTED_EDGE('',*,*,#5914,.T.);
#8083=ORIENTED_EDGE('',*,*,#5856,.T.);
#8084=ORIENTED_EDGE('',*,*,#5918,.F.);
#8085=ORIENTED_EDGE('',*,*,#5919,.T.);
#8086=ORIENTED_EDGE('',*,*,#5916,.T.);
#8087=ORIENTED_EDGE('',*,*,#5920,.F.);
#8088=ORIENTED_EDGE('',*,*,#5921,.F.);
#8089=ORIENTED_EDGE('',*,*,#5922,.F.);
#8090=ORIENTED_EDGE('',*,*,#5923,.F.);
#8091=ORIENTED_EDGE('',*,*,#5924,.F.);
#8092=ORIENTED_EDGE('',*,*,#5925,.F.);
#8093=ORIENTED_EDGE('',*,*,#5926,.F.);
#8094=ORIENTED_EDGE('',*,*,#5927,.F.);
#8095=ORIENTED_EDGE('',*,*,#5928,.F.);
#8096=ORIENTED_EDGE('',*,*,#5929,.F.);
#8097=ORIENTED_EDGE('',*,*,#5930,.F.);
#8098=ORIENTED_EDGE('',*,*,#5931,.F.);
#8099=ORIENTED_EDGE('',*,*,#5932,.F.);
#8100=ORIENTED_EDGE('',*,*,#5933,.F.);
#8101=ORIENTED_EDGE('',*,*,#5934,.F.);
#8102=ORIENTED_EDGE('',*,*,#5935,.F.);
#8103=ORIENTED_EDGE('',*,*,#5888,.F.);
#8104=ORIENTED_EDGE('',*,*,#5891,.F.);
#8105=ORIENTED_EDGE('',*,*,#5893,.F.);
#8106=ORIENTED_EDGE('',*,*,#5895,.F.);
#8107=ORIENTED_EDGE('',*,*,#5897,.F.);
#8108=ORIENTED_EDGE('',*,*,#5899,.F.);
#8109=ORIENTED_EDGE('',*,*,#5901,.F.);
#8110=ORIENTED_EDGE('',*,*,#5903,.F.);
#8111=ORIENTED_EDGE('',*,*,#5905,.F.);
#8112=ORIENTED_EDGE('',*,*,#5907,.F.);
#8113=ORIENTED_EDGE('',*,*,#5909,.F.);
#8114=ORIENTED_EDGE('',*,*,#5911,.F.);
#8115=ORIENTED_EDGE('',*,*,#5913,.F.);
#8116=ORIENTED_EDGE('',*,*,#5915,.F.);
#8117=ORIENTED_EDGE('',*,*,#5917,.F.);
#8118=ORIENTED_EDGE('',*,*,#5919,.F.);
#8119=ORIENTED_EDGE('',*,*,#5872,.T.);
#8120=ORIENTED_EDGE('',*,*,#5889,.F.);
#8121=ORIENTED_EDGE('',*,*,#5935,.T.);
#8122=ORIENTED_EDGE('',*,*,#5936,.T.);
#8123=ORIENTED_EDGE('',*,*,#5873,.T.);
#8124=ORIENTED_EDGE('',*,*,#5936,.F.);
#8125=ORIENTED_EDGE('',*,*,#5934,.T.);
#8126=ORIENTED_EDGE('',*,*,#5937,.T.);
#8127=ORIENTED_EDGE('',*,*,#5874,.T.);
#8128=ORIENTED_EDGE('',*,*,#5937,.F.);
#8129=ORIENTED_EDGE('',*,*,#5933,.T.);
#8130=ORIENTED_EDGE('',*,*,#5938,.T.);
#8131=ORIENTED_EDGE('',*,*,#5875,.T.);
#8132=ORIENTED_EDGE('',*,*,#5938,.F.);
#8133=ORIENTED_EDGE('',*,*,#5932,.T.);
#8134=ORIENTED_EDGE('',*,*,#5939,.T.);
#8135=ORIENTED_EDGE('',*,*,#5876,.T.);
#8136=ORIENTED_EDGE('',*,*,#5939,.F.);
#8137=ORIENTED_EDGE('',*,*,#5931,.T.);
#8138=ORIENTED_EDGE('',*,*,#5940,.T.);
#8139=ORIENTED_EDGE('',*,*,#5877,.T.);
#8140=ORIENTED_EDGE('',*,*,#5940,.F.);
#8141=ORIENTED_EDGE('',*,*,#5930,.T.);
#8142=ORIENTED_EDGE('',*,*,#5941,.T.);
#8143=ORIENTED_EDGE('',*,*,#5878,.T.);
#8144=ORIENTED_EDGE('',*,*,#5941,.F.);
#8145=ORIENTED_EDGE('',*,*,#5929,.T.);
#8146=ORIENTED_EDGE('',*,*,#5942,.T.);
#8147=ORIENTED_EDGE('',*,*,#5879,.T.);
#8148=ORIENTED_EDGE('',*,*,#5942,.F.);
#8149=ORIENTED_EDGE('',*,*,#5928,.T.);
#8150=ORIENTED_EDGE('',*,*,#5943,.T.);
#8151=ORIENTED_EDGE('',*,*,#5880,.T.);
#8152=ORIENTED_EDGE('',*,*,#5943,.F.);
#8153=ORIENTED_EDGE('',*,*,#5927,.T.);
#8154=ORIENTED_EDGE('',*,*,#5944,.T.);
#8155=ORIENTED_EDGE('',*,*,#5881,.T.);
#8156=ORIENTED_EDGE('',*,*,#5944,.F.);
#8157=ORIENTED_EDGE('',*,*,#5926,.T.);
#8158=ORIENTED_EDGE('',*,*,#5945,.T.);
#8159=ORIENTED_EDGE('',*,*,#5882,.T.);
#8160=ORIENTED_EDGE('',*,*,#5945,.F.);
#8161=ORIENTED_EDGE('',*,*,#5925,.T.);
#8162=ORIENTED_EDGE('',*,*,#5946,.T.);
#8163=ORIENTED_EDGE('',*,*,#5883,.T.);
#8164=ORIENTED_EDGE('',*,*,#5946,.F.);
#8165=ORIENTED_EDGE('',*,*,#5924,.T.);
#8166=ORIENTED_EDGE('',*,*,#5947,.T.);
#8167=ORIENTED_EDGE('',*,*,#5884,.T.);
#8168=ORIENTED_EDGE('',*,*,#5947,.F.);
#8169=ORIENTED_EDGE('',*,*,#5923,.T.);
#8170=ORIENTED_EDGE('',*,*,#5948,.T.);
#8171=ORIENTED_EDGE('',*,*,#5885,.T.);
#8172=ORIENTED_EDGE('',*,*,#5948,.F.);
#8173=ORIENTED_EDGE('',*,*,#5922,.T.);
#8174=ORIENTED_EDGE('',*,*,#5949,.T.);
#8175=ORIENTED_EDGE('',*,*,#5886,.T.);
#8176=ORIENTED_EDGE('',*,*,#5949,.F.);
#8177=ORIENTED_EDGE('',*,*,#5921,.T.);
#8178=ORIENTED_EDGE('',*,*,#5950,.T.);
#8179=ORIENTED_EDGE('',*,*,#5855,.T.);
#8180=ORIENTED_EDGE('',*,*,#5950,.F.);
#8181=ORIENTED_EDGE('',*,*,#5920,.T.);
#8182=ORIENTED_EDGE('',*,*,#5918,.T.);
#8183=ORIENTED_EDGE('',*,*,#5951,.F.);
#8184=ORIENTED_EDGE('',*,*,#5952,.F.);
#8185=ORIENTED_EDGE('',*,*,#5953,.F.);
#8186=ORIENTED_EDGE('',*,*,#5954,.F.);
#8187=ORIENTED_EDGE('',*,*,#5955,.F.);
#8188=ORIENTED_EDGE('',*,*,#5956,.F.);
#8189=ORIENTED_EDGE('',*,*,#5957,.F.);
#8190=ORIENTED_EDGE('',*,*,#5958,.F.);
#8191=ORIENTED_EDGE('',*,*,#5959,.F.);
#8192=ORIENTED_EDGE('',*,*,#5960,.F.);
#8193=ORIENTED_EDGE('',*,*,#5961,.F.);
#8194=ORIENTED_EDGE('',*,*,#5962,.F.);
#8195=ORIENTED_EDGE('',*,*,#5963,.F.);
#8196=ORIENTED_EDGE('',*,*,#5964,.F.);
#8197=ORIENTED_EDGE('',*,*,#5965,.F.);
#8198=ORIENTED_EDGE('',*,*,#5966,.F.);
#8199=ORIENTED_EDGE('',*,*,#5967,.F.);
#8200=ORIENTED_EDGE('',*,*,#5968,.F.);
#8201=ORIENTED_EDGE('',*,*,#5969,.F.);
#8202=ORIENTED_EDGE('',*,*,#5970,.F.);
#8203=ORIENTED_EDGE('',*,*,#5971,.F.);
#8204=ORIENTED_EDGE('',*,*,#5972,.F.);
#8205=ORIENTED_EDGE('',*,*,#5973,.F.);
#8206=ORIENTED_EDGE('',*,*,#5974,.F.);
#8207=ORIENTED_EDGE('',*,*,#5975,.F.);
#8208=ORIENTED_EDGE('',*,*,#5976,.F.);
#8209=ORIENTED_EDGE('',*,*,#5977,.F.);
#8210=ORIENTED_EDGE('',*,*,#5978,.F.);
#8211=ORIENTED_EDGE('',*,*,#5979,.F.);
#8212=ORIENTED_EDGE('',*,*,#5980,.F.);
#8213=ORIENTED_EDGE('',*,*,#5981,.F.);
#8214=ORIENTED_EDGE('',*,*,#5982,.F.);
#8215=ORIENTED_EDGE('',*,*,#5983,.F.);
#8216=ORIENTED_EDGE('',*,*,#5984,.F.);
#8217=ORIENTED_EDGE('',*,*,#5985,.F.);
#8218=ORIENTED_EDGE('',*,*,#5986,.F.);
#8219=ORIENTED_EDGE('',*,*,#5987,.F.);
#8220=ORIENTED_EDGE('',*,*,#5988,.F.);
#8221=ORIENTED_EDGE('',*,*,#5989,.F.);
#8222=ORIENTED_EDGE('',*,*,#5990,.F.);
#8223=ORIENTED_EDGE('',*,*,#5991,.F.);
#8224=ORIENTED_EDGE('',*,*,#5992,.F.);
#8225=ORIENTED_EDGE('',*,*,#5993,.F.);
#8226=ORIENTED_EDGE('',*,*,#5994,.F.);
#8227=ORIENTED_EDGE('',*,*,#5995,.F.);
#8228=ORIENTED_EDGE('',*,*,#5973,.T.);
#8229=ORIENTED_EDGE('',*,*,#5996,.F.);
#8230=ORIENTED_EDGE('',*,*,#5997,.T.);
#8231=ORIENTED_EDGE('',*,*,#5998,.T.);
#8232=ORIENTED_EDGE('',*,*,#5972,.T.);
#8233=ORIENTED_EDGE('',*,*,#5999,.F.);
#8234=ORIENTED_EDGE('',*,*,#6000,.T.);
#8235=ORIENTED_EDGE('',*,*,#5996,.T.);
#8236=ORIENTED_EDGE('',*,*,#5971,.T.);
#8237=ORIENTED_EDGE('',*,*,#6001,.F.);
#8238=ORIENTED_EDGE('',*,*,#6002,.T.);
#8239=ORIENTED_EDGE('',*,*,#5999,.T.);
#8240=ORIENTED_EDGE('',*,*,#5970,.T.);
#8241=ORIENTED_EDGE('',*,*,#6003,.F.);
#8242=ORIENTED_EDGE('',*,*,#6004,.T.);
#8243=ORIENTED_EDGE('',*,*,#6001,.T.);
#8244=ORIENTED_EDGE('',*,*,#5969,.T.);
#8245=ORIENTED_EDGE('',*,*,#6005,.F.);
#8246=ORIENTED_EDGE('',*,*,#6006,.T.);
#8247=ORIENTED_EDGE('',*,*,#6003,.T.);
#8248=ORIENTED_EDGE('',*,*,#5968,.T.);
#8249=ORIENTED_EDGE('',*,*,#6007,.F.);
#8250=ORIENTED_EDGE('',*,*,#6008,.T.);
#8251=ORIENTED_EDGE('',*,*,#6005,.T.);
#8252=ORIENTED_EDGE('',*,*,#5967,.T.);
#8253=ORIENTED_EDGE('',*,*,#6009,.F.);
#8254=ORIENTED_EDGE('',*,*,#6010,.T.);
#8255=ORIENTED_EDGE('',*,*,#6007,.T.);
#8256=ORIENTED_EDGE('',*,*,#5966,.T.);
#8257=ORIENTED_EDGE('',*,*,#6011,.F.);
#8258=ORIENTED_EDGE('',*,*,#6012,.T.);
#8259=ORIENTED_EDGE('',*,*,#6009,.T.);
#8260=ORIENTED_EDGE('',*,*,#5965,.T.);
#8261=ORIENTED_EDGE('',*,*,#6013,.F.);
#8262=ORIENTED_EDGE('',*,*,#6014,.T.);
#8263=ORIENTED_EDGE('',*,*,#6011,.T.);
#8264=ORIENTED_EDGE('',*,*,#5964,.T.);
#8265=ORIENTED_EDGE('',*,*,#6015,.F.);
#8266=ORIENTED_EDGE('',*,*,#6016,.T.);
#8267=ORIENTED_EDGE('',*,*,#6013,.T.);
#8268=ORIENTED_EDGE('',*,*,#5963,.T.);
#8269=ORIENTED_EDGE('',*,*,#6017,.F.);
#8270=ORIENTED_EDGE('',*,*,#6018,.T.);
#8271=ORIENTED_EDGE('',*,*,#6015,.T.);
#8272=ORIENTED_EDGE('',*,*,#5962,.T.);
#8273=ORIENTED_EDGE('',*,*,#6019,.F.);
#8274=ORIENTED_EDGE('',*,*,#6020,.T.);
#8275=ORIENTED_EDGE('',*,*,#6017,.T.);
#8276=ORIENTED_EDGE('',*,*,#5961,.T.);
#8277=ORIENTED_EDGE('',*,*,#6021,.F.);
#8278=ORIENTED_EDGE('',*,*,#6022,.T.);
#8279=ORIENTED_EDGE('',*,*,#6019,.T.);
#8280=ORIENTED_EDGE('',*,*,#5960,.T.);
#8281=ORIENTED_EDGE('',*,*,#6023,.F.);
#8282=ORIENTED_EDGE('',*,*,#6024,.T.);
#8283=ORIENTED_EDGE('',*,*,#6021,.T.);
#8284=ORIENTED_EDGE('',*,*,#5959,.T.);
#8285=ORIENTED_EDGE('',*,*,#6025,.F.);
#8286=ORIENTED_EDGE('',*,*,#6026,.T.);
#8287=ORIENTED_EDGE('',*,*,#6023,.T.);
#8288=ORIENTED_EDGE('',*,*,#5958,.T.);
#8289=ORIENTED_EDGE('',*,*,#6027,.F.);
#8290=ORIENTED_EDGE('',*,*,#6028,.T.);
#8291=ORIENTED_EDGE('',*,*,#6025,.T.);
#8292=ORIENTED_EDGE('',*,*,#5957,.T.);
#8293=ORIENTED_EDGE('',*,*,#6029,.F.);
#8294=ORIENTED_EDGE('',*,*,#6030,.T.);
#8295=ORIENTED_EDGE('',*,*,#6027,.T.);
#8296=ORIENTED_EDGE('',*,*,#5956,.T.);
#8297=ORIENTED_EDGE('',*,*,#6031,.F.);
#8298=ORIENTED_EDGE('',*,*,#6032,.T.);
#8299=ORIENTED_EDGE('',*,*,#6029,.T.);
#8300=ORIENTED_EDGE('',*,*,#5955,.T.);
#8301=ORIENTED_EDGE('',*,*,#6033,.F.);
#8302=ORIENTED_EDGE('',*,*,#6034,.T.);
#8303=ORIENTED_EDGE('',*,*,#6031,.T.);
#8304=ORIENTED_EDGE('',*,*,#5954,.T.);
#8305=ORIENTED_EDGE('',*,*,#6035,.F.);
#8306=ORIENTED_EDGE('',*,*,#6036,.T.);
#8307=ORIENTED_EDGE('',*,*,#6033,.T.);
#8308=ORIENTED_EDGE('',*,*,#5953,.T.);
#8309=ORIENTED_EDGE('',*,*,#6037,.F.);
#8310=ORIENTED_EDGE('',*,*,#6038,.T.);
#8311=ORIENTED_EDGE('',*,*,#6035,.T.);
#8312=ORIENTED_EDGE('',*,*,#5952,.T.);
#8313=ORIENTED_EDGE('',*,*,#6039,.F.);
#8314=ORIENTED_EDGE('',*,*,#6040,.T.);
#8315=ORIENTED_EDGE('',*,*,#6037,.T.);
#8316=ORIENTED_EDGE('',*,*,#6041,.F.);
#8317=ORIENTED_EDGE('',*,*,#6042,.F.);
#8318=ORIENTED_EDGE('',*,*,#6043,.F.);
#8319=ORIENTED_EDGE('',*,*,#6044,.F.);
#8320=ORIENTED_EDGE('',*,*,#6045,.F.);
#8321=ORIENTED_EDGE('',*,*,#6046,.F.);
#8322=ORIENTED_EDGE('',*,*,#6047,.F.);
#8323=ORIENTED_EDGE('',*,*,#6048,.F.);
#8324=ORIENTED_EDGE('',*,*,#6049,.F.);
#8325=ORIENTED_EDGE('',*,*,#6050,.F.);
#8326=ORIENTED_EDGE('',*,*,#6051,.F.);
#8327=ORIENTED_EDGE('',*,*,#6052,.F.);
#8328=ORIENTED_EDGE('',*,*,#6053,.F.);
#8329=ORIENTED_EDGE('',*,*,#6054,.F.);
#8330=ORIENTED_EDGE('',*,*,#6055,.F.);
#8331=ORIENTED_EDGE('',*,*,#6056,.F.);
#8332=ORIENTED_EDGE('',*,*,#6057,.F.);
#8333=ORIENTED_EDGE('',*,*,#6058,.F.);
#8334=ORIENTED_EDGE('',*,*,#6059,.F.);
#8335=ORIENTED_EDGE('',*,*,#6060,.F.);
#8336=ORIENTED_EDGE('',*,*,#6061,.F.);
#8337=ORIENTED_EDGE('',*,*,#6062,.F.);
#8338=ORIENTED_EDGE('',*,*,#6063,.F.);
#8339=ORIENTED_EDGE('',*,*,#5997,.F.);
#8340=ORIENTED_EDGE('',*,*,#6000,.F.);
#8341=ORIENTED_EDGE('',*,*,#6002,.F.);
#8342=ORIENTED_EDGE('',*,*,#6004,.F.);
#8343=ORIENTED_EDGE('',*,*,#6006,.F.);
#8344=ORIENTED_EDGE('',*,*,#6008,.F.);
#8345=ORIENTED_EDGE('',*,*,#6010,.F.);
#8346=ORIENTED_EDGE('',*,*,#6012,.F.);
#8347=ORIENTED_EDGE('',*,*,#6014,.F.);
#8348=ORIENTED_EDGE('',*,*,#6016,.F.);
#8349=ORIENTED_EDGE('',*,*,#6018,.F.);
#8350=ORIENTED_EDGE('',*,*,#6020,.F.);
#8351=ORIENTED_EDGE('',*,*,#6022,.F.);
#8352=ORIENTED_EDGE('',*,*,#6024,.F.);
#8353=ORIENTED_EDGE('',*,*,#6026,.F.);
#8354=ORIENTED_EDGE('',*,*,#6028,.F.);
#8355=ORIENTED_EDGE('',*,*,#6030,.F.);
#8356=ORIENTED_EDGE('',*,*,#6032,.F.);
#8357=ORIENTED_EDGE('',*,*,#6034,.F.);
#8358=ORIENTED_EDGE('',*,*,#6036,.F.);
#8359=ORIENTED_EDGE('',*,*,#6038,.F.);
#8360=ORIENTED_EDGE('',*,*,#6040,.F.);
#8361=ORIENTED_EDGE('',*,*,#5975,.T.);
#8362=ORIENTED_EDGE('',*,*,#6064,.F.);
#8363=ORIENTED_EDGE('',*,*,#6062,.T.);
#8364=ORIENTED_EDGE('',*,*,#6065,.T.);
#8365=ORIENTED_EDGE('',*,*,#5976,.T.);
#8366=ORIENTED_EDGE('',*,*,#6065,.F.);
#8367=ORIENTED_EDGE('',*,*,#6061,.T.);
#8368=ORIENTED_EDGE('',*,*,#6066,.T.);
#8369=ORIENTED_EDGE('',*,*,#5977,.T.);
#8370=ORIENTED_EDGE('',*,*,#6066,.F.);
#8371=ORIENTED_EDGE('',*,*,#6060,.T.);
#8372=ORIENTED_EDGE('',*,*,#6067,.T.);
#8373=ORIENTED_EDGE('',*,*,#5978,.T.);
#8374=ORIENTED_EDGE('',*,*,#6067,.F.);
#8375=ORIENTED_EDGE('',*,*,#6059,.T.);
#8376=ORIENTED_EDGE('',*,*,#6068,.T.);
#8377=ORIENTED_EDGE('',*,*,#5979,.T.);
#8378=ORIENTED_EDGE('',*,*,#6068,.F.);
#8379=ORIENTED_EDGE('',*,*,#6058,.T.);
#8380=ORIENTED_EDGE('',*,*,#6069,.T.);
#8381=ORIENTED_EDGE('',*,*,#5980,.T.);
#8382=ORIENTED_EDGE('',*,*,#6069,.F.);
#8383=ORIENTED_EDGE('',*,*,#6057,.T.);
#8384=ORIENTED_EDGE('',*,*,#6070,.T.);
#8385=ORIENTED_EDGE('',*,*,#5981,.T.);
#8386=ORIENTED_EDGE('',*,*,#6070,.F.);
#8387=ORIENTED_EDGE('',*,*,#6056,.T.);
#8388=ORIENTED_EDGE('',*,*,#6071,.T.);
#8389=ORIENTED_EDGE('',*,*,#5982,.T.);
#8390=ORIENTED_EDGE('',*,*,#6071,.F.);
#8391=ORIENTED_EDGE('',*,*,#6055,.T.);
#8392=ORIENTED_EDGE('',*,*,#6072,.T.);
#8393=ORIENTED_EDGE('',*,*,#5983,.T.);
#8394=ORIENTED_EDGE('',*,*,#6072,.F.);
#8395=ORIENTED_EDGE('',*,*,#6054,.T.);
#8396=ORIENTED_EDGE('',*,*,#6073,.T.);
#8397=ORIENTED_EDGE('',*,*,#5984,.T.);
#8398=ORIENTED_EDGE('',*,*,#6073,.F.);
#8399=ORIENTED_EDGE('',*,*,#6053,.T.);
#8400=ORIENTED_EDGE('',*,*,#6074,.T.);
#8401=ORIENTED_EDGE('',*,*,#5985,.T.);
#8402=ORIENTED_EDGE('',*,*,#6074,.F.);
#8403=ORIENTED_EDGE('',*,*,#6052,.T.);
#8404=ORIENTED_EDGE('',*,*,#6075,.T.);
#8405=ORIENTED_EDGE('',*,*,#5986,.T.);
#8406=ORIENTED_EDGE('',*,*,#6075,.F.);
#8407=ORIENTED_EDGE('',*,*,#6051,.T.);
#8408=ORIENTED_EDGE('',*,*,#6076,.T.);
#8409=ORIENTED_EDGE('',*,*,#5987,.T.);
#8410=ORIENTED_EDGE('',*,*,#6076,.F.);
#8411=ORIENTED_EDGE('',*,*,#6050,.T.);
#8412=ORIENTED_EDGE('',*,*,#6077,.T.);
#8413=ORIENTED_EDGE('',*,*,#5988,.T.);
#8414=ORIENTED_EDGE('',*,*,#6077,.F.);
#8415=ORIENTED_EDGE('',*,*,#6049,.T.);
#8416=ORIENTED_EDGE('',*,*,#6078,.T.);
#8417=ORIENTED_EDGE('',*,*,#5989,.T.);
#8418=ORIENTED_EDGE('',*,*,#6078,.F.);
#8419=ORIENTED_EDGE('',*,*,#6048,.T.);
#8420=ORIENTED_EDGE('',*,*,#6079,.T.);
#8421=ORIENTED_EDGE('',*,*,#5990,.T.);
#8422=ORIENTED_EDGE('',*,*,#6079,.F.);
#8423=ORIENTED_EDGE('',*,*,#6047,.T.);
#8424=ORIENTED_EDGE('',*,*,#6080,.T.);
#8425=ORIENTED_EDGE('',*,*,#5991,.T.);
#8426=ORIENTED_EDGE('',*,*,#6080,.F.);
#8427=ORIENTED_EDGE('',*,*,#6046,.T.);
#8428=ORIENTED_EDGE('',*,*,#6081,.T.);
#8429=ORIENTED_EDGE('',*,*,#5992,.T.);
#8430=ORIENTED_EDGE('',*,*,#6081,.F.);
#8431=ORIENTED_EDGE('',*,*,#6045,.T.);
#8432=ORIENTED_EDGE('',*,*,#6082,.T.);
#8433=ORIENTED_EDGE('',*,*,#5993,.T.);
#8434=ORIENTED_EDGE('',*,*,#6082,.F.);
#8435=ORIENTED_EDGE('',*,*,#6044,.T.);
#8436=ORIENTED_EDGE('',*,*,#6083,.T.);
#8437=ORIENTED_EDGE('',*,*,#5994,.T.);
#8438=ORIENTED_EDGE('',*,*,#6083,.F.);
#8439=ORIENTED_EDGE('',*,*,#6043,.T.);
#8440=ORIENTED_EDGE('',*,*,#6084,.T.);
#8441=ORIENTED_EDGE('',*,*,#5995,.T.);
#8442=ORIENTED_EDGE('',*,*,#6084,.F.);
#8443=ORIENTED_EDGE('',*,*,#6042,.T.);
#8444=ORIENTED_EDGE('',*,*,#6085,.T.);
#8445=ORIENTED_EDGE('',*,*,#5951,.T.);
#8446=ORIENTED_EDGE('',*,*,#6085,.F.);
#8447=ORIENTED_EDGE('',*,*,#6041,.T.);
#8448=ORIENTED_EDGE('',*,*,#6039,.T.);
#8449=ORIENTED_EDGE('',*,*,#5974,.T.);
#8450=ORIENTED_EDGE('',*,*,#5998,.F.);
#8451=ORIENTED_EDGE('',*,*,#6063,.T.);
#8452=ORIENTED_EDGE('',*,*,#6064,.T.);
#8453=ORIENTED_EDGE('',*,*,#6086,.F.);
#8454=ORIENTED_EDGE('',*,*,#6087,.F.);
#8455=ORIENTED_EDGE('',*,*,#6088,.T.);
#8456=ORIENTED_EDGE('',*,*,#6089,.F.);
#8457=ORIENTED_EDGE('',*,*,#6088,.F.);
#8458=ORIENTED_EDGE('',*,*,#6090,.F.);
#8459=ORIENTED_EDGE('',*,*,#6091,.T.);
#8460=ORIENTED_EDGE('',*,*,#6092,.F.);
#8461=ORIENTED_EDGE('',*,*,#6091,.F.);
#8462=ORIENTED_EDGE('',*,*,#6093,.F.);
#8463=ORIENTED_EDGE('',*,*,#6094,.T.);
#8464=ORIENTED_EDGE('',*,*,#6095,.F.);
#8465=ORIENTED_EDGE('',*,*,#6094,.F.);
#8466=ORIENTED_EDGE('',*,*,#6096,.F.);
#8467=ORIENTED_EDGE('',*,*,#6097,.T.);
#8468=ORIENTED_EDGE('',*,*,#6098,.F.);
#8469=ORIENTED_EDGE('',*,*,#6097,.F.);
#8470=ORIENTED_EDGE('',*,*,#6099,.F.);
#8471=ORIENTED_EDGE('',*,*,#6100,.T.);
#8472=ORIENTED_EDGE('',*,*,#6101,.F.);
#8473=ORIENTED_EDGE('',*,*,#6100,.F.);
#8474=ORIENTED_EDGE('',*,*,#6102,.F.);
#8475=ORIENTED_EDGE('',*,*,#6103,.T.);
#8476=ORIENTED_EDGE('',*,*,#6104,.F.);
#8477=ORIENTED_EDGE('',*,*,#6103,.F.);
#8478=ORIENTED_EDGE('',*,*,#6105,.F.);
#8479=ORIENTED_EDGE('',*,*,#6106,.T.);
#8480=ORIENTED_EDGE('',*,*,#6107,.F.);
#8481=ORIENTED_EDGE('',*,*,#6106,.F.);
#8482=ORIENTED_EDGE('',*,*,#6108,.F.);
#8483=ORIENTED_EDGE('',*,*,#6109,.T.);
#8484=ORIENTED_EDGE('',*,*,#6110,.F.);
#8485=ORIENTED_EDGE('',*,*,#6109,.F.);
#8486=ORIENTED_EDGE('',*,*,#6111,.F.);
#8487=ORIENTED_EDGE('',*,*,#6112,.T.);
#8488=ORIENTED_EDGE('',*,*,#6113,.F.);
#8489=ORIENTED_EDGE('',*,*,#6112,.F.);
#8490=ORIENTED_EDGE('',*,*,#6114,.F.);
#8491=ORIENTED_EDGE('',*,*,#6115,.T.);
#8492=ORIENTED_EDGE('',*,*,#6116,.F.);
#8493=ORIENTED_EDGE('',*,*,#6115,.F.);
#8494=ORIENTED_EDGE('',*,*,#6117,.F.);
#8495=ORIENTED_EDGE('',*,*,#6118,.T.);
#8496=ORIENTED_EDGE('',*,*,#6119,.F.);
#8497=ORIENTED_EDGE('',*,*,#6118,.F.);
#8498=ORIENTED_EDGE('',*,*,#6120,.F.);
#8499=ORIENTED_EDGE('',*,*,#6121,.T.);
#8500=ORIENTED_EDGE('',*,*,#6122,.F.);
#8501=ORIENTED_EDGE('',*,*,#6121,.F.);
#8502=ORIENTED_EDGE('',*,*,#6123,.F.);
#8503=ORIENTED_EDGE('',*,*,#6124,.T.);
#8504=ORIENTED_EDGE('',*,*,#6125,.F.);
#8505=ORIENTED_EDGE('',*,*,#6124,.F.);
#8506=ORIENTED_EDGE('',*,*,#6126,.F.);
#8507=ORIENTED_EDGE('',*,*,#6127,.T.);
#8508=ORIENTED_EDGE('',*,*,#6128,.F.);
#8509=ORIENTED_EDGE('',*,*,#6127,.F.);
#8510=ORIENTED_EDGE('',*,*,#6129,.F.);
#8511=ORIENTED_EDGE('',*,*,#6130,.T.);
#8512=ORIENTED_EDGE('',*,*,#6131,.F.);
#8513=ORIENTED_EDGE('',*,*,#6130,.F.);
#8514=ORIENTED_EDGE('',*,*,#6132,.F.);
#8515=ORIENTED_EDGE('',*,*,#6133,.T.);
#8516=ORIENTED_EDGE('',*,*,#6134,.F.);
#8517=ORIENTED_EDGE('',*,*,#6133,.F.);
#8518=ORIENTED_EDGE('',*,*,#6135,.F.);
#8519=ORIENTED_EDGE('',*,*,#6136,.T.);
#8520=ORIENTED_EDGE('',*,*,#6137,.F.);
#8521=ORIENTED_EDGE('',*,*,#6136,.F.);
#8522=ORIENTED_EDGE('',*,*,#6138,.F.);
#8523=ORIENTED_EDGE('',*,*,#6139,.T.);
#8524=ORIENTED_EDGE('',*,*,#6140,.F.);
#8525=ORIENTED_EDGE('',*,*,#6139,.F.);
#8526=ORIENTED_EDGE('',*,*,#6141,.F.);
#8527=ORIENTED_EDGE('',*,*,#6142,.T.);
#8528=ORIENTED_EDGE('',*,*,#6143,.F.);
#8529=ORIENTED_EDGE('',*,*,#6142,.F.);
#8530=ORIENTED_EDGE('',*,*,#6144,.F.);
#8531=ORIENTED_EDGE('',*,*,#6145,.T.);
#8532=ORIENTED_EDGE('',*,*,#6146,.F.);
#8533=ORIENTED_EDGE('',*,*,#6145,.F.);
#8534=ORIENTED_EDGE('',*,*,#6147,.F.);
#8535=ORIENTED_EDGE('',*,*,#6148,.T.);
#8536=ORIENTED_EDGE('',*,*,#6149,.F.);
#8537=ORIENTED_EDGE('',*,*,#6148,.F.);
#8538=ORIENTED_EDGE('',*,*,#6150,.F.);
#8539=ORIENTED_EDGE('',*,*,#6151,.T.);
#8540=ORIENTED_EDGE('',*,*,#6152,.F.);
#8541=ORIENTED_EDGE('',*,*,#6151,.F.);
#8542=ORIENTED_EDGE('',*,*,#6153,.F.);
#8543=ORIENTED_EDGE('',*,*,#6154,.T.);
#8544=ORIENTED_EDGE('',*,*,#6155,.F.);
#8545=ORIENTED_EDGE('',*,*,#6154,.F.);
#8546=ORIENTED_EDGE('',*,*,#6156,.F.);
#8547=ORIENTED_EDGE('',*,*,#6157,.T.);
#8548=ORIENTED_EDGE('',*,*,#6158,.F.);
#8549=ORIENTED_EDGE('',*,*,#6157,.F.);
#8550=ORIENTED_EDGE('',*,*,#6159,.F.);
#8551=ORIENTED_EDGE('',*,*,#6160,.T.);
#8552=ORIENTED_EDGE('',*,*,#6161,.F.);
#8553=ORIENTED_EDGE('',*,*,#6160,.F.);
#8554=ORIENTED_EDGE('',*,*,#6162,.F.);
#8555=ORIENTED_EDGE('',*,*,#6163,.T.);
#8556=ORIENTED_EDGE('',*,*,#6164,.F.);
#8557=ORIENTED_EDGE('',*,*,#6163,.F.);
#8558=ORIENTED_EDGE('',*,*,#6165,.F.);
#8559=ORIENTED_EDGE('',*,*,#6166,.T.);
#8560=ORIENTED_EDGE('',*,*,#6167,.F.);
#8561=ORIENTED_EDGE('',*,*,#6166,.F.);
#8562=ORIENTED_EDGE('',*,*,#6168,.F.);
#8563=ORIENTED_EDGE('',*,*,#6169,.T.);
#8564=ORIENTED_EDGE('',*,*,#6170,.F.);
#8565=ORIENTED_EDGE('',*,*,#6169,.F.);
#8566=ORIENTED_EDGE('',*,*,#6171,.F.);
#8567=ORIENTED_EDGE('',*,*,#6172,.T.);
#8568=ORIENTED_EDGE('',*,*,#6173,.F.);
#8569=ORIENTED_EDGE('',*,*,#6172,.F.);
#8570=ORIENTED_EDGE('',*,*,#6174,.F.);
#8571=ORIENTED_EDGE('',*,*,#6175,.T.);
#8572=ORIENTED_EDGE('',*,*,#6176,.F.);
#8573=ORIENTED_EDGE('',*,*,#6175,.F.);
#8574=ORIENTED_EDGE('',*,*,#6177,.F.);
#8575=ORIENTED_EDGE('',*,*,#6178,.T.);
#8576=ORIENTED_EDGE('',*,*,#6179,.F.);
#8577=ORIENTED_EDGE('',*,*,#6178,.F.);
#8578=ORIENTED_EDGE('',*,*,#6180,.F.);
#8579=ORIENTED_EDGE('',*,*,#6181,.T.);
#8580=ORIENTED_EDGE('',*,*,#6182,.F.);
#8581=ORIENTED_EDGE('',*,*,#6181,.F.);
#8582=ORIENTED_EDGE('',*,*,#6183,.F.);
#8583=ORIENTED_EDGE('',*,*,#6184,.T.);
#8584=ORIENTED_EDGE('',*,*,#6185,.F.);
#8585=ORIENTED_EDGE('',*,*,#6184,.F.);
#8586=ORIENTED_EDGE('',*,*,#6186,.F.);
#8587=ORIENTED_EDGE('',*,*,#6187,.T.);
#8588=ORIENTED_EDGE('',*,*,#6188,.F.);
#8589=ORIENTED_EDGE('',*,*,#6187,.F.);
#8590=ORIENTED_EDGE('',*,*,#6189,.F.);
#8591=ORIENTED_EDGE('',*,*,#6190,.T.);
#8592=ORIENTED_EDGE('',*,*,#6191,.F.);
#8593=ORIENTED_EDGE('',*,*,#6190,.F.);
#8594=ORIENTED_EDGE('',*,*,#6192,.F.);
#8595=ORIENTED_EDGE('',*,*,#6193,.T.);
#8596=ORIENTED_EDGE('',*,*,#6194,.F.);
#8597=ORIENTED_EDGE('',*,*,#6193,.F.);
#8598=ORIENTED_EDGE('',*,*,#6195,.F.);
#8599=ORIENTED_EDGE('',*,*,#6196,.T.);
#8600=ORIENTED_EDGE('',*,*,#6197,.F.);
#8601=ORIENTED_EDGE('',*,*,#6196,.F.);
#8602=ORIENTED_EDGE('',*,*,#6198,.F.);
#8603=ORIENTED_EDGE('',*,*,#6199,.T.);
#8604=ORIENTED_EDGE('',*,*,#6200,.F.);
#8605=ORIENTED_EDGE('',*,*,#6199,.F.);
#8606=ORIENTED_EDGE('',*,*,#6201,.F.);
#8607=ORIENTED_EDGE('',*,*,#6202,.T.);
#8608=ORIENTED_EDGE('',*,*,#6203,.F.);
#8609=ORIENTED_EDGE('',*,*,#6202,.F.);
#8610=ORIENTED_EDGE('',*,*,#6204,.F.);
#8611=ORIENTED_EDGE('',*,*,#6205,.T.);
#8612=ORIENTED_EDGE('',*,*,#6206,.F.);
#8613=ORIENTED_EDGE('',*,*,#6205,.F.);
#8614=ORIENTED_EDGE('',*,*,#6207,.F.);
#8615=ORIENTED_EDGE('',*,*,#6208,.T.);
#8616=ORIENTED_EDGE('',*,*,#6209,.F.);
#8617=ORIENTED_EDGE('',*,*,#6208,.F.);
#8618=ORIENTED_EDGE('',*,*,#6210,.F.);
#8619=ORIENTED_EDGE('',*,*,#6211,.T.);
#8620=ORIENTED_EDGE('',*,*,#6212,.F.);
#8621=ORIENTED_EDGE('',*,*,#6211,.F.);
#8622=ORIENTED_EDGE('',*,*,#6213,.F.);
#8623=ORIENTED_EDGE('',*,*,#6214,.T.);
#8624=ORIENTED_EDGE('',*,*,#6215,.F.);
#8625=ORIENTED_EDGE('',*,*,#6214,.F.);
#8626=ORIENTED_EDGE('',*,*,#6216,.F.);
#8627=ORIENTED_EDGE('',*,*,#6217,.T.);
#8628=ORIENTED_EDGE('',*,*,#6218,.F.);
#8629=ORIENTED_EDGE('',*,*,#6217,.F.);
#8630=ORIENTED_EDGE('',*,*,#6219,.F.);
#8631=ORIENTED_EDGE('',*,*,#6220,.T.);
#8632=ORIENTED_EDGE('',*,*,#6221,.F.);
#8633=ORIENTED_EDGE('',*,*,#6220,.F.);
#8634=ORIENTED_EDGE('',*,*,#6222,.F.);
#8635=ORIENTED_EDGE('',*,*,#6223,.T.);
#8636=ORIENTED_EDGE('',*,*,#6224,.F.);
#8637=ORIENTED_EDGE('',*,*,#6223,.F.);
#8638=ORIENTED_EDGE('',*,*,#6225,.F.);
#8639=ORIENTED_EDGE('',*,*,#6226,.T.);
#8640=ORIENTED_EDGE('',*,*,#6227,.F.);
#8641=ORIENTED_EDGE('',*,*,#6226,.F.);
#8642=ORIENTED_EDGE('',*,*,#6228,.F.);
#8643=ORIENTED_EDGE('',*,*,#6229,.T.);
#8644=ORIENTED_EDGE('',*,*,#6230,.F.);
#8645=ORIENTED_EDGE('',*,*,#6229,.F.);
#8646=ORIENTED_EDGE('',*,*,#6231,.F.);
#8647=ORIENTED_EDGE('',*,*,#6232,.T.);
#8648=ORIENTED_EDGE('',*,*,#6233,.F.);
#8649=ORIENTED_EDGE('',*,*,#6232,.F.);
#8650=ORIENTED_EDGE('',*,*,#6234,.F.);
#8651=ORIENTED_EDGE('',*,*,#6235,.T.);
#8652=ORIENTED_EDGE('',*,*,#6236,.F.);
#8653=ORIENTED_EDGE('',*,*,#6235,.F.);
#8654=ORIENTED_EDGE('',*,*,#6237,.F.);
#8655=ORIENTED_EDGE('',*,*,#6238,.T.);
#8656=ORIENTED_EDGE('',*,*,#6239,.F.);
#8657=ORIENTED_EDGE('',*,*,#6238,.F.);
#8658=ORIENTED_EDGE('',*,*,#6240,.F.);
#8659=ORIENTED_EDGE('',*,*,#6241,.T.);
#8660=ORIENTED_EDGE('',*,*,#6242,.F.);
#8661=ORIENTED_EDGE('',*,*,#6241,.F.);
#8662=ORIENTED_EDGE('',*,*,#6243,.F.);
#8663=ORIENTED_EDGE('',*,*,#6244,.T.);
#8664=ORIENTED_EDGE('',*,*,#6245,.F.);
#8665=ORIENTED_EDGE('',*,*,#6244,.F.);
#8666=ORIENTED_EDGE('',*,*,#6246,.F.);
#8667=ORIENTED_EDGE('',*,*,#6247,.T.);
#8668=ORIENTED_EDGE('',*,*,#6248,.F.);
#8669=ORIENTED_EDGE('',*,*,#6247,.F.);
#8670=ORIENTED_EDGE('',*,*,#6249,.F.);
#8671=ORIENTED_EDGE('',*,*,#6250,.T.);
#8672=ORIENTED_EDGE('',*,*,#6251,.F.);
#8673=ORIENTED_EDGE('',*,*,#6250,.F.);
#8674=ORIENTED_EDGE('',*,*,#6252,.F.);
#8675=ORIENTED_EDGE('',*,*,#6253,.F.);
#8676=ORIENTED_EDGE('',*,*,#6254,.T.);
#8677=ORIENTED_EDGE('',*,*,#6255,.T.);
#8678=ORIENTED_EDGE('',*,*,#6256,.F.);
#8679=ORIENTED_EDGE('',*,*,#6254,.F.);
#8680=ORIENTED_EDGE('',*,*,#6253,.T.);
#8681=ORIENTED_EDGE('',*,*,#6257,.F.);
#8682=ORIENTED_EDGE('',*,*,#6258,.F.);
#8683=ORIENTED_EDGE('',*,*,#6259,.F.);
#8684=ORIENTED_EDGE('',*,*,#6255,.F.);
#8685=ORIENTED_EDGE('',*,*,#6258,.T.);
#8686=ORIENTED_EDGE('',*,*,#6260,.F.);
#8687=ORIENTED_EDGE('',*,*,#6261,.T.);
#8688=ORIENTED_EDGE('',*,*,#6262,.F.);
#8689=ORIENTED_EDGE('',*,*,#6261,.F.);
#8690=ORIENTED_EDGE('',*,*,#6263,.F.);
#8691=ORIENTED_EDGE('',*,*,#6264,.T.);
#8692=ORIENTED_EDGE('',*,*,#6265,.F.);
#8693=ORIENTED_EDGE('',*,*,#6264,.F.);
#8694=ORIENTED_EDGE('',*,*,#6266,.F.);
#8695=ORIENTED_EDGE('',*,*,#6267,.T.);
#8696=ORIENTED_EDGE('',*,*,#6268,.F.);
#8697=ORIENTED_EDGE('',*,*,#6267,.F.);
#8698=ORIENTED_EDGE('',*,*,#6269,.F.);
#8699=ORIENTED_EDGE('',*,*,#6270,.T.);
#8700=ORIENTED_EDGE('',*,*,#6271,.F.);
#8701=ORIENTED_EDGE('',*,*,#6270,.F.);
#8702=ORIENTED_EDGE('',*,*,#6272,.F.);
#8703=ORIENTED_EDGE('',*,*,#6273,.T.);
#8704=ORIENTED_EDGE('',*,*,#6274,.F.);
#8705=ORIENTED_EDGE('',*,*,#6273,.F.);
#8706=ORIENTED_EDGE('',*,*,#6275,.F.);
#8707=ORIENTED_EDGE('',*,*,#6276,.T.);
#8708=ORIENTED_EDGE('',*,*,#6277,.F.);
#8709=ORIENTED_EDGE('',*,*,#6276,.F.);
#8710=ORIENTED_EDGE('',*,*,#6278,.F.);
#8711=ORIENTED_EDGE('',*,*,#6279,.T.);
#8712=ORIENTED_EDGE('',*,*,#6280,.F.);
#8713=ORIENTED_EDGE('',*,*,#6279,.F.);
#8714=ORIENTED_EDGE('',*,*,#6281,.F.);
#8715=ORIENTED_EDGE('',*,*,#6282,.T.);
#8716=ORIENTED_EDGE('',*,*,#6283,.F.);
#8717=ORIENTED_EDGE('',*,*,#6282,.F.);
#8718=ORIENTED_EDGE('',*,*,#6284,.F.);
#8719=ORIENTED_EDGE('',*,*,#6285,.T.);
#8720=ORIENTED_EDGE('',*,*,#6286,.F.);
#8721=ORIENTED_EDGE('',*,*,#6285,.F.);
#8722=ORIENTED_EDGE('',*,*,#6287,.F.);
#8723=ORIENTED_EDGE('',*,*,#6288,.T.);
#8724=ORIENTED_EDGE('',*,*,#6289,.F.);
#8725=ORIENTED_EDGE('',*,*,#6288,.F.);
#8726=ORIENTED_EDGE('',*,*,#6290,.F.);
#8727=ORIENTED_EDGE('',*,*,#6291,.T.);
#8728=ORIENTED_EDGE('',*,*,#6292,.F.);
#8729=ORIENTED_EDGE('',*,*,#6291,.F.);
#8730=ORIENTED_EDGE('',*,*,#6293,.F.);
#8731=ORIENTED_EDGE('',*,*,#6294,.T.);
#8732=ORIENTED_EDGE('',*,*,#6295,.F.);
#8733=ORIENTED_EDGE('',*,*,#6294,.F.);
#8734=ORIENTED_EDGE('',*,*,#6296,.F.);
#8735=ORIENTED_EDGE('',*,*,#6297,.T.);
#8736=ORIENTED_EDGE('',*,*,#6298,.F.);
#8737=ORIENTED_EDGE('',*,*,#6297,.F.);
#8738=ORIENTED_EDGE('',*,*,#6299,.F.);
#8739=ORIENTED_EDGE('',*,*,#6300,.T.);
#8740=ORIENTED_EDGE('',*,*,#6301,.F.);
#8741=ORIENTED_EDGE('',*,*,#6300,.F.);
#8742=ORIENTED_EDGE('',*,*,#6302,.F.);
#8743=ORIENTED_EDGE('',*,*,#6303,.T.);
#8744=ORIENTED_EDGE('',*,*,#6304,.F.);
#8745=ORIENTED_EDGE('',*,*,#6303,.F.);
#8746=ORIENTED_EDGE('',*,*,#6305,.F.);
#8747=ORIENTED_EDGE('',*,*,#6306,.T.);
#8748=ORIENTED_EDGE('',*,*,#6307,.F.);
#8749=ORIENTED_EDGE('',*,*,#6306,.F.);
#8750=ORIENTED_EDGE('',*,*,#6308,.F.);
#8751=ORIENTED_EDGE('',*,*,#6309,.T.);
#8752=ORIENTED_EDGE('',*,*,#6310,.F.);
#8753=ORIENTED_EDGE('',*,*,#6309,.F.);
#8754=ORIENTED_EDGE('',*,*,#6311,.F.);
#8755=ORIENTED_EDGE('',*,*,#6312,.T.);
#8756=ORIENTED_EDGE('',*,*,#6313,.F.);
#8757=ORIENTED_EDGE('',*,*,#6312,.F.);
#8758=ORIENTED_EDGE('',*,*,#6314,.F.);
#8759=ORIENTED_EDGE('',*,*,#6315,.T.);
#8760=ORIENTED_EDGE('',*,*,#6316,.F.);
#8761=ORIENTED_EDGE('',*,*,#6315,.F.);
#8762=ORIENTED_EDGE('',*,*,#6317,.F.);
#8763=ORIENTED_EDGE('',*,*,#6318,.T.);
#8764=ORIENTED_EDGE('',*,*,#6319,.F.);
#8765=ORIENTED_EDGE('',*,*,#6318,.F.);
#8766=ORIENTED_EDGE('',*,*,#6320,.F.);
#8767=ORIENTED_EDGE('',*,*,#6321,.T.);
#8768=ORIENTED_EDGE('',*,*,#6322,.F.);
#8769=ORIENTED_EDGE('',*,*,#6321,.F.);
#8770=ORIENTED_EDGE('',*,*,#6323,.F.);
#8771=ORIENTED_EDGE('',*,*,#6324,.T.);
#8772=ORIENTED_EDGE('',*,*,#6325,.F.);
#8773=ORIENTED_EDGE('',*,*,#6324,.F.);
#8774=ORIENTED_EDGE('',*,*,#6326,.F.);
#8775=ORIENTED_EDGE('',*,*,#6327,.T.);
#8776=ORIENTED_EDGE('',*,*,#6328,.F.);
#8777=ORIENTED_EDGE('',*,*,#6327,.F.);
#8778=ORIENTED_EDGE('',*,*,#6329,.F.);
#8779=ORIENTED_EDGE('',*,*,#6330,.T.);
#8780=ORIENTED_EDGE('',*,*,#6331,.F.);
#8781=ORIENTED_EDGE('',*,*,#6330,.F.);
#8782=ORIENTED_EDGE('',*,*,#6332,.F.);
#8783=ORIENTED_EDGE('',*,*,#6333,.T.);
#8784=ORIENTED_EDGE('',*,*,#6334,.F.);
#8785=ORIENTED_EDGE('',*,*,#6333,.F.);
#8786=ORIENTED_EDGE('',*,*,#6335,.F.);
#8787=ORIENTED_EDGE('',*,*,#6336,.T.);
#8788=ORIENTED_EDGE('',*,*,#6337,.F.);
#8789=ORIENTED_EDGE('',*,*,#6336,.F.);
#8790=ORIENTED_EDGE('',*,*,#6338,.F.);
#8791=ORIENTED_EDGE('',*,*,#6339,.T.);
#8792=ORIENTED_EDGE('',*,*,#6340,.F.);
#8793=ORIENTED_EDGE('',*,*,#6339,.F.);
#8794=ORIENTED_EDGE('',*,*,#6341,.F.);
#8795=ORIENTED_EDGE('',*,*,#6342,.T.);
#8796=ORIENTED_EDGE('',*,*,#6343,.F.);
#8797=ORIENTED_EDGE('',*,*,#6342,.F.);
#8798=ORIENTED_EDGE('',*,*,#6344,.F.);
#8799=ORIENTED_EDGE('',*,*,#6345,.T.);
#8800=ORIENTED_EDGE('',*,*,#6346,.F.);
#8801=ORIENTED_EDGE('',*,*,#6345,.F.);
#8802=ORIENTED_EDGE('',*,*,#6347,.F.);
#8803=ORIENTED_EDGE('',*,*,#6348,.T.);
#8804=ORIENTED_EDGE('',*,*,#6349,.F.);
#8805=ORIENTED_EDGE('',*,*,#6348,.F.);
#8806=ORIENTED_EDGE('',*,*,#6350,.F.);
#8807=ORIENTED_EDGE('',*,*,#6351,.T.);
#8808=ORIENTED_EDGE('',*,*,#6352,.F.);
#8809=ORIENTED_EDGE('',*,*,#6351,.F.);
#8810=ORIENTED_EDGE('',*,*,#6353,.F.);
#8811=ORIENTED_EDGE('',*,*,#6354,.T.);
#8812=ORIENTED_EDGE('',*,*,#6355,.F.);
#8813=ORIENTED_EDGE('',*,*,#6354,.F.);
#8814=ORIENTED_EDGE('',*,*,#6356,.F.);
#8815=ORIENTED_EDGE('',*,*,#6357,.T.);
#8816=ORIENTED_EDGE('',*,*,#6358,.F.);
#8817=ORIENTED_EDGE('',*,*,#6357,.F.);
#8818=ORIENTED_EDGE('',*,*,#6359,.F.);
#8819=ORIENTED_EDGE('',*,*,#6360,.T.);
#8820=ORIENTED_EDGE('',*,*,#6361,.F.);
#8821=ORIENTED_EDGE('',*,*,#6360,.F.);
#8822=ORIENTED_EDGE('',*,*,#6362,.F.);
#8823=ORIENTED_EDGE('',*,*,#6363,.T.);
#8824=ORIENTED_EDGE('',*,*,#6364,.F.);
#8825=ORIENTED_EDGE('',*,*,#6363,.F.);
#8826=ORIENTED_EDGE('',*,*,#6365,.F.);
#8827=ORIENTED_EDGE('',*,*,#6366,.T.);
#8828=ORIENTED_EDGE('',*,*,#6367,.F.);
#8829=ORIENTED_EDGE('',*,*,#6366,.F.);
#8830=ORIENTED_EDGE('',*,*,#6368,.F.);
#8831=ORIENTED_EDGE('',*,*,#6369,.T.);
#8832=ORIENTED_EDGE('',*,*,#6370,.F.);
#8833=ORIENTED_EDGE('',*,*,#6369,.F.);
#8834=ORIENTED_EDGE('',*,*,#6371,.F.);
#8835=ORIENTED_EDGE('',*,*,#6372,.T.);
#8836=ORIENTED_EDGE('',*,*,#6373,.F.);
#8837=ORIENTED_EDGE('',*,*,#6372,.F.);
#8838=ORIENTED_EDGE('',*,*,#6374,.F.);
#8839=ORIENTED_EDGE('',*,*,#6375,.T.);
#8840=ORIENTED_EDGE('',*,*,#6376,.F.);
#8841=ORIENTED_EDGE('',*,*,#6375,.F.);
#8842=ORIENTED_EDGE('',*,*,#6377,.F.);
#8843=ORIENTED_EDGE('',*,*,#6378,.T.);
#8844=ORIENTED_EDGE('',*,*,#6379,.F.);
#8845=ORIENTED_EDGE('',*,*,#6378,.F.);
#8846=ORIENTED_EDGE('',*,*,#6380,.F.);
#8847=ORIENTED_EDGE('',*,*,#6381,.T.);
#8848=ORIENTED_EDGE('',*,*,#6382,.F.);
#8849=ORIENTED_EDGE('',*,*,#6381,.F.);
#8850=ORIENTED_EDGE('',*,*,#6383,.F.);
#8851=ORIENTED_EDGE('',*,*,#6384,.T.);
#8852=ORIENTED_EDGE('',*,*,#6385,.F.);
#8853=ORIENTED_EDGE('',*,*,#6384,.F.);
#8854=ORIENTED_EDGE('',*,*,#6386,.F.);
#8855=ORIENTED_EDGE('',*,*,#6387,.T.);
#8856=ORIENTED_EDGE('',*,*,#6388,.F.);
#8857=ORIENTED_EDGE('',*,*,#6387,.F.);
#8858=ORIENTED_EDGE('',*,*,#6389,.F.);
#8859=ORIENTED_EDGE('',*,*,#6390,.T.);
#8860=ORIENTED_EDGE('',*,*,#6391,.F.);
#8861=ORIENTED_EDGE('',*,*,#6390,.F.);
#8862=ORIENTED_EDGE('',*,*,#6392,.F.);
#8863=ORIENTED_EDGE('',*,*,#6393,.T.);
#8864=ORIENTED_EDGE('',*,*,#6394,.F.);
#8865=ORIENTED_EDGE('',*,*,#6393,.F.);
#8866=ORIENTED_EDGE('',*,*,#6395,.F.);
#8867=ORIENTED_EDGE('',*,*,#6396,.T.);
#8868=ORIENTED_EDGE('',*,*,#6397,.F.);
#8869=ORIENTED_EDGE('',*,*,#6396,.F.);
#8870=ORIENTED_EDGE('',*,*,#6398,.F.);
#8871=ORIENTED_EDGE('',*,*,#6399,.T.);
#8872=ORIENTED_EDGE('',*,*,#6400,.F.);
#8873=ORIENTED_EDGE('',*,*,#6399,.F.);
#8874=ORIENTED_EDGE('',*,*,#6401,.F.);
#8875=ORIENTED_EDGE('',*,*,#6402,.T.);
#8876=ORIENTED_EDGE('',*,*,#6403,.F.);
#8877=ORIENTED_EDGE('',*,*,#6402,.F.);
#8878=ORIENTED_EDGE('',*,*,#6404,.F.);
#8879=ORIENTED_EDGE('',*,*,#6405,.T.);
#8880=ORIENTED_EDGE('',*,*,#6406,.F.);
#8881=ORIENTED_EDGE('',*,*,#6405,.F.);
#8882=ORIENTED_EDGE('',*,*,#6407,.F.);
#8883=ORIENTED_EDGE('',*,*,#6408,.T.);
#8884=ORIENTED_EDGE('',*,*,#6409,.F.);
#8885=ORIENTED_EDGE('',*,*,#6408,.F.);
#8886=ORIENTED_EDGE('',*,*,#6410,.F.);
#8887=ORIENTED_EDGE('',*,*,#6411,.T.);
#8888=ORIENTED_EDGE('',*,*,#6412,.F.);
#8889=ORIENTED_EDGE('',*,*,#6411,.F.);
#8890=ORIENTED_EDGE('',*,*,#6413,.F.);
#8891=ORIENTED_EDGE('',*,*,#6414,.T.);
#8892=ORIENTED_EDGE('',*,*,#6415,.F.);
#8893=ORIENTED_EDGE('',*,*,#6414,.F.);
#8894=ORIENTED_EDGE('',*,*,#6416,.F.);
#8895=ORIENTED_EDGE('',*,*,#6417,.T.);
#8896=ORIENTED_EDGE('',*,*,#6418,.F.);
#8897=ORIENTED_EDGE('',*,*,#6417,.F.);
#8898=ORIENTED_EDGE('',*,*,#6419,.F.);
#8899=ORIENTED_EDGE('',*,*,#6420,.T.);
#8900=ORIENTED_EDGE('',*,*,#6421,.F.);
#8901=ORIENTED_EDGE('',*,*,#6420,.F.);
#8902=ORIENTED_EDGE('',*,*,#6422,.F.);
#8903=ORIENTED_EDGE('',*,*,#6423,.T.);
#8904=ORIENTED_EDGE('',*,*,#6424,.F.);
#8905=ORIENTED_EDGE('',*,*,#6423,.F.);
#8906=ORIENTED_EDGE('',*,*,#6425,.F.);
#8907=ORIENTED_EDGE('',*,*,#6086,.T.);
#8908=ORIENTED_EDGE('',*,*,#6426,.F.);
#8909=ORIENTED_EDGE('',*,*,#6252,.T.);
#8910=ORIENTED_EDGE('',*,*,#6249,.T.);
#8911=ORIENTED_EDGE('',*,*,#6246,.T.);
#8912=ORIENTED_EDGE('',*,*,#6243,.T.);
#8913=ORIENTED_EDGE('',*,*,#6240,.T.);
#8914=ORIENTED_EDGE('',*,*,#6237,.T.);
#8915=ORIENTED_EDGE('',*,*,#6234,.T.);
#8916=ORIENTED_EDGE('',*,*,#6231,.T.);
#8917=ORIENTED_EDGE('',*,*,#6228,.T.);
#8918=ORIENTED_EDGE('',*,*,#6225,.T.);
#8919=ORIENTED_EDGE('',*,*,#6222,.T.);
#8920=ORIENTED_EDGE('',*,*,#6219,.T.);
#8921=ORIENTED_EDGE('',*,*,#6216,.T.);
#8922=ORIENTED_EDGE('',*,*,#6213,.T.);
#8923=ORIENTED_EDGE('',*,*,#6210,.T.);
#8924=ORIENTED_EDGE('',*,*,#6207,.T.);
#8925=ORIENTED_EDGE('',*,*,#6204,.T.);
#8926=ORIENTED_EDGE('',*,*,#6201,.T.);
#8927=ORIENTED_EDGE('',*,*,#6198,.T.);
#8928=ORIENTED_EDGE('',*,*,#6195,.T.);
#8929=ORIENTED_EDGE('',*,*,#6192,.T.);
#8930=ORIENTED_EDGE('',*,*,#6189,.T.);
#8931=ORIENTED_EDGE('',*,*,#6186,.T.);
#8932=ORIENTED_EDGE('',*,*,#6183,.T.);
#8933=ORIENTED_EDGE('',*,*,#6180,.T.);
#8934=ORIENTED_EDGE('',*,*,#6177,.T.);
#8935=ORIENTED_EDGE('',*,*,#6174,.T.);
#8936=ORIENTED_EDGE('',*,*,#6171,.T.);
#8937=ORIENTED_EDGE('',*,*,#6168,.T.);
#8938=ORIENTED_EDGE('',*,*,#6165,.T.);
#8939=ORIENTED_EDGE('',*,*,#6162,.T.);
#8940=ORIENTED_EDGE('',*,*,#6159,.T.);
#8941=ORIENTED_EDGE('',*,*,#6156,.T.);
#8942=ORIENTED_EDGE('',*,*,#6153,.T.);
#8943=ORIENTED_EDGE('',*,*,#6150,.T.);
#8944=ORIENTED_EDGE('',*,*,#6147,.T.);
#8945=ORIENTED_EDGE('',*,*,#6144,.T.);
#8946=ORIENTED_EDGE('',*,*,#6141,.T.);
#8947=ORIENTED_EDGE('',*,*,#6138,.T.);
#8948=ORIENTED_EDGE('',*,*,#6135,.T.);
#8949=ORIENTED_EDGE('',*,*,#6132,.T.);
#8950=ORIENTED_EDGE('',*,*,#6129,.T.);
#8951=ORIENTED_EDGE('',*,*,#6126,.T.);
#8952=ORIENTED_EDGE('',*,*,#6123,.T.);
#8953=ORIENTED_EDGE('',*,*,#6120,.T.);
#8954=ORIENTED_EDGE('',*,*,#6117,.T.);
#8955=ORIENTED_EDGE('',*,*,#6114,.T.);
#8956=ORIENTED_EDGE('',*,*,#6111,.T.);
#8957=ORIENTED_EDGE('',*,*,#6108,.T.);
#8958=ORIENTED_EDGE('',*,*,#6105,.T.);
#8959=ORIENTED_EDGE('',*,*,#6102,.T.);
#8960=ORIENTED_EDGE('',*,*,#6099,.T.);
#8961=ORIENTED_EDGE('',*,*,#6096,.T.);
#8962=ORIENTED_EDGE('',*,*,#6093,.T.);
#8963=ORIENTED_EDGE('',*,*,#6090,.T.);
#8964=ORIENTED_EDGE('',*,*,#6087,.T.);
#8965=ORIENTED_EDGE('',*,*,#6425,.T.);
#8966=ORIENTED_EDGE('',*,*,#6422,.T.);
#8967=ORIENTED_EDGE('',*,*,#6419,.T.);
#8968=ORIENTED_EDGE('',*,*,#6416,.T.);
#8969=ORIENTED_EDGE('',*,*,#6413,.T.);
#8970=ORIENTED_EDGE('',*,*,#6410,.T.);
#8971=ORIENTED_EDGE('',*,*,#6407,.T.);
#8972=ORIENTED_EDGE('',*,*,#6404,.T.);
#8973=ORIENTED_EDGE('',*,*,#6401,.T.);
#8974=ORIENTED_EDGE('',*,*,#6398,.T.);
#8975=ORIENTED_EDGE('',*,*,#6395,.T.);
#8976=ORIENTED_EDGE('',*,*,#6392,.T.);
#8977=ORIENTED_EDGE('',*,*,#6389,.T.);
#8978=ORIENTED_EDGE('',*,*,#6386,.T.);
#8979=ORIENTED_EDGE('',*,*,#6383,.T.);
#8980=ORIENTED_EDGE('',*,*,#6380,.T.);
#8981=ORIENTED_EDGE('',*,*,#6377,.T.);
#8982=ORIENTED_EDGE('',*,*,#6374,.T.);
#8983=ORIENTED_EDGE('',*,*,#6371,.T.);
#8984=ORIENTED_EDGE('',*,*,#6368,.T.);
#8985=ORIENTED_EDGE('',*,*,#6365,.T.);
#8986=ORIENTED_EDGE('',*,*,#6362,.T.);
#8987=ORIENTED_EDGE('',*,*,#6359,.T.);
#8988=ORIENTED_EDGE('',*,*,#6356,.T.);
#8989=ORIENTED_EDGE('',*,*,#6353,.T.);
#8990=ORIENTED_EDGE('',*,*,#6350,.T.);
#8991=ORIENTED_EDGE('',*,*,#6347,.T.);
#8992=ORIENTED_EDGE('',*,*,#6344,.T.);
#8993=ORIENTED_EDGE('',*,*,#6341,.T.);
#8994=ORIENTED_EDGE('',*,*,#6338,.T.);
#8995=ORIENTED_EDGE('',*,*,#6335,.T.);
#8996=ORIENTED_EDGE('',*,*,#6332,.T.);
#8997=ORIENTED_EDGE('',*,*,#6329,.T.);
#8998=ORIENTED_EDGE('',*,*,#6326,.T.);
#8999=ORIENTED_EDGE('',*,*,#6323,.T.);
#9000=ORIENTED_EDGE('',*,*,#6320,.T.);
#9001=ORIENTED_EDGE('',*,*,#6317,.T.);
#9002=ORIENTED_EDGE('',*,*,#6314,.T.);
#9003=ORIENTED_EDGE('',*,*,#6311,.T.);
#9004=ORIENTED_EDGE('',*,*,#6308,.T.);
#9005=ORIENTED_EDGE('',*,*,#6305,.T.);
#9006=ORIENTED_EDGE('',*,*,#6302,.T.);
#9007=ORIENTED_EDGE('',*,*,#6299,.T.);
#9008=ORIENTED_EDGE('',*,*,#6296,.T.);
#9009=ORIENTED_EDGE('',*,*,#6293,.T.);
#9010=ORIENTED_EDGE('',*,*,#6290,.T.);
#9011=ORIENTED_EDGE('',*,*,#6287,.T.);
#9012=ORIENTED_EDGE('',*,*,#6284,.T.);
#9013=ORIENTED_EDGE('',*,*,#6281,.T.);
#9014=ORIENTED_EDGE('',*,*,#6278,.T.);
#9015=ORIENTED_EDGE('',*,*,#6275,.T.);
#9016=ORIENTED_EDGE('',*,*,#6272,.T.);
#9017=ORIENTED_EDGE('',*,*,#6269,.T.);
#9018=ORIENTED_EDGE('',*,*,#6266,.T.);
#9019=ORIENTED_EDGE('',*,*,#6263,.T.);
#9020=ORIENTED_EDGE('',*,*,#6260,.T.);
#9021=ORIENTED_EDGE('',*,*,#6257,.T.);
#9022=ORIENTED_EDGE('',*,*,#6259,.T.);
#9023=ORIENTED_EDGE('',*,*,#6262,.T.);
#9024=ORIENTED_EDGE('',*,*,#6265,.T.);
#9025=ORIENTED_EDGE('',*,*,#6268,.T.);
#9026=ORIENTED_EDGE('',*,*,#6271,.T.);
#9027=ORIENTED_EDGE('',*,*,#6274,.T.);
#9028=ORIENTED_EDGE('',*,*,#6277,.T.);
#9029=ORIENTED_EDGE('',*,*,#6280,.T.);
#9030=ORIENTED_EDGE('',*,*,#6283,.T.);
#9031=ORIENTED_EDGE('',*,*,#6286,.T.);
#9032=ORIENTED_EDGE('',*,*,#6289,.T.);
#9033=ORIENTED_EDGE('',*,*,#6292,.T.);
#9034=ORIENTED_EDGE('',*,*,#6295,.T.);
#9035=ORIENTED_EDGE('',*,*,#6298,.T.);
#9036=ORIENTED_EDGE('',*,*,#6301,.T.);
#9037=ORIENTED_EDGE('',*,*,#6304,.T.);
#9038=ORIENTED_EDGE('',*,*,#6307,.T.);
#9039=ORIENTED_EDGE('',*,*,#6310,.T.);
#9040=ORIENTED_EDGE('',*,*,#6313,.T.);
#9041=ORIENTED_EDGE('',*,*,#6316,.T.);
#9042=ORIENTED_EDGE('',*,*,#6319,.T.);
#9043=ORIENTED_EDGE('',*,*,#6322,.T.);
#9044=ORIENTED_EDGE('',*,*,#6325,.T.);
#9045=ORIENTED_EDGE('',*,*,#6328,.T.);
#9046=ORIENTED_EDGE('',*,*,#6331,.T.);
#9047=ORIENTED_EDGE('',*,*,#6334,.T.);
#9048=ORIENTED_EDGE('',*,*,#6337,.T.);
#9049=ORIENTED_EDGE('',*,*,#6340,.T.);
#9050=ORIENTED_EDGE('',*,*,#6343,.T.);
#9051=ORIENTED_EDGE('',*,*,#6346,.T.);
#9052=ORIENTED_EDGE('',*,*,#6349,.T.);
#9053=ORIENTED_EDGE('',*,*,#6352,.T.);
#9054=ORIENTED_EDGE('',*,*,#6355,.T.);
#9055=ORIENTED_EDGE('',*,*,#6358,.T.);
#9056=ORIENTED_EDGE('',*,*,#6361,.T.);
#9057=ORIENTED_EDGE('',*,*,#6364,.T.);
#9058=ORIENTED_EDGE('',*,*,#6367,.T.);
#9059=ORIENTED_EDGE('',*,*,#6370,.T.);
#9060=ORIENTED_EDGE('',*,*,#6373,.T.);
#9061=ORIENTED_EDGE('',*,*,#6376,.T.);
#9062=ORIENTED_EDGE('',*,*,#6379,.T.);
#9063=ORIENTED_EDGE('',*,*,#6382,.T.);
#9064=ORIENTED_EDGE('',*,*,#6385,.T.);
#9065=ORIENTED_EDGE('',*,*,#6388,.T.);
#9066=ORIENTED_EDGE('',*,*,#6391,.T.);
#9067=ORIENTED_EDGE('',*,*,#6394,.T.);
#9068=ORIENTED_EDGE('',*,*,#6397,.T.);
#9069=ORIENTED_EDGE('',*,*,#6400,.T.);
#9070=ORIENTED_EDGE('',*,*,#6403,.T.);
#9071=ORIENTED_EDGE('',*,*,#6406,.T.);
#9072=ORIENTED_EDGE('',*,*,#6409,.T.);
#9073=ORIENTED_EDGE('',*,*,#6412,.T.);
#9074=ORIENTED_EDGE('',*,*,#6415,.T.);
#9075=ORIENTED_EDGE('',*,*,#6418,.T.);
#9076=ORIENTED_EDGE('',*,*,#6421,.T.);
#9077=ORIENTED_EDGE('',*,*,#6424,.T.);
#9078=ORIENTED_EDGE('',*,*,#6426,.T.);
#9079=ORIENTED_EDGE('',*,*,#6089,.T.);
#9080=ORIENTED_EDGE('',*,*,#6092,.T.);
#9081=ORIENTED_EDGE('',*,*,#6095,.T.);
#9082=ORIENTED_EDGE('',*,*,#6098,.T.);
#9083=ORIENTED_EDGE('',*,*,#6101,.T.);
#9084=ORIENTED_EDGE('',*,*,#6104,.T.);
#9085=ORIENTED_EDGE('',*,*,#6107,.T.);
#9086=ORIENTED_EDGE('',*,*,#6110,.T.);
#9087=ORIENTED_EDGE('',*,*,#6113,.T.);
#9088=ORIENTED_EDGE('',*,*,#6116,.T.);
#9089=ORIENTED_EDGE('',*,*,#6119,.T.);
#9090=ORIENTED_EDGE('',*,*,#6122,.T.);
#9091=ORIENTED_EDGE('',*,*,#6125,.T.);
#9092=ORIENTED_EDGE('',*,*,#6128,.T.);
#9093=ORIENTED_EDGE('',*,*,#6131,.T.);
#9094=ORIENTED_EDGE('',*,*,#6134,.T.);
#9095=ORIENTED_EDGE('',*,*,#6137,.T.);
#9096=ORIENTED_EDGE('',*,*,#6140,.T.);
#9097=ORIENTED_EDGE('',*,*,#6143,.T.);
#9098=ORIENTED_EDGE('',*,*,#6146,.T.);
#9099=ORIENTED_EDGE('',*,*,#6149,.T.);
#9100=ORIENTED_EDGE('',*,*,#6152,.T.);
#9101=ORIENTED_EDGE('',*,*,#6155,.T.);
#9102=ORIENTED_EDGE('',*,*,#6158,.T.);
#9103=ORIENTED_EDGE('',*,*,#6161,.T.);
#9104=ORIENTED_EDGE('',*,*,#6164,.T.);
#9105=ORIENTED_EDGE('',*,*,#6167,.T.);
#9106=ORIENTED_EDGE('',*,*,#6170,.T.);
#9107=ORIENTED_EDGE('',*,*,#6173,.T.);
#9108=ORIENTED_EDGE('',*,*,#6176,.T.);
#9109=ORIENTED_EDGE('',*,*,#6179,.T.);
#9110=ORIENTED_EDGE('',*,*,#6182,.T.);
#9111=ORIENTED_EDGE('',*,*,#6185,.T.);
#9112=ORIENTED_EDGE('',*,*,#6188,.T.);
#9113=ORIENTED_EDGE('',*,*,#6191,.T.);
#9114=ORIENTED_EDGE('',*,*,#6194,.T.);
#9115=ORIENTED_EDGE('',*,*,#6197,.T.);
#9116=ORIENTED_EDGE('',*,*,#6200,.T.);
#9117=ORIENTED_EDGE('',*,*,#6203,.T.);
#9118=ORIENTED_EDGE('',*,*,#6206,.T.);
#9119=ORIENTED_EDGE('',*,*,#6209,.T.);
#9120=ORIENTED_EDGE('',*,*,#6212,.T.);
#9121=ORIENTED_EDGE('',*,*,#6215,.T.);
#9122=ORIENTED_EDGE('',*,*,#6218,.T.);
#9123=ORIENTED_EDGE('',*,*,#6221,.T.);
#9124=ORIENTED_EDGE('',*,*,#6224,.T.);
#9125=ORIENTED_EDGE('',*,*,#6227,.T.);
#9126=ORIENTED_EDGE('',*,*,#6230,.T.);
#9127=ORIENTED_EDGE('',*,*,#6233,.T.);
#9128=ORIENTED_EDGE('',*,*,#6236,.T.);
#9129=ORIENTED_EDGE('',*,*,#6239,.T.);
#9130=ORIENTED_EDGE('',*,*,#6242,.T.);
#9131=ORIENTED_EDGE('',*,*,#6245,.T.);
#9132=ORIENTED_EDGE('',*,*,#6248,.T.);
#9133=ORIENTED_EDGE('',*,*,#6251,.T.);
#9134=ORIENTED_EDGE('',*,*,#6256,.T.);
#9135=ORIENTED_EDGE('',*,*,#6427,.F.);
#9136=ORIENTED_EDGE('',*,*,#6428,.F.);
#9137=ORIENTED_EDGE('',*,*,#6429,.F.);
#9138=ORIENTED_EDGE('',*,*,#6430,.F.);
#9139=ORIENTED_EDGE('',*,*,#6431,.F.);
#9140=ORIENTED_EDGE('',*,*,#6432,.F.);
#9141=ORIENTED_EDGE('',*,*,#6433,.F.);
#9142=ORIENTED_EDGE('',*,*,#6434,.F.);
#9143=ORIENTED_EDGE('',*,*,#6435,.F.);
#9144=ORIENTED_EDGE('',*,*,#6436,.F.);
#9145=ORIENTED_EDGE('',*,*,#6437,.F.);
#9146=ORIENTED_EDGE('',*,*,#6438,.F.);
#9147=ORIENTED_EDGE('',*,*,#6439,.F.);
#9148=ORIENTED_EDGE('',*,*,#6440,.F.);
#9149=ORIENTED_EDGE('',*,*,#6441,.F.);
#9150=ORIENTED_EDGE('',*,*,#6442,.F.);
#9151=ORIENTED_EDGE('',*,*,#6443,.F.);
#9152=ORIENTED_EDGE('',*,*,#6444,.F.);
#9153=ORIENTED_EDGE('',*,*,#6445,.F.);
#9154=ORIENTED_EDGE('',*,*,#6446,.F.);
#9155=ORIENTED_EDGE('',*,*,#6447,.F.);
#9156=ORIENTED_EDGE('',*,*,#6448,.F.);
#9157=ORIENTED_EDGE('',*,*,#6449,.F.);
#9158=ORIENTED_EDGE('',*,*,#6450,.F.);
#9159=ORIENTED_EDGE('',*,*,#6451,.F.);
#9160=ORIENTED_EDGE('',*,*,#6452,.F.);
#9161=ORIENTED_EDGE('',*,*,#6453,.F.);
#9162=ORIENTED_EDGE('',*,*,#6454,.F.);
#9163=ORIENTED_EDGE('',*,*,#6455,.F.);
#9164=ORIENTED_EDGE('',*,*,#6456,.F.);
#9165=ORIENTED_EDGE('',*,*,#6457,.F.);
#9166=ORIENTED_EDGE('',*,*,#6458,.F.);
#9167=ORIENTED_EDGE('',*,*,#6459,.F.);
#9168=ORIENTED_EDGE('',*,*,#6460,.F.);
#9169=ORIENTED_EDGE('',*,*,#6461,.F.);
#9170=ORIENTED_EDGE('',*,*,#6462,.F.);
#9171=ORIENTED_EDGE('',*,*,#6463,.F.);
#9172=ORIENTED_EDGE('',*,*,#6464,.F.);
#9173=ORIENTED_EDGE('',*,*,#6465,.F.);
#9174=ORIENTED_EDGE('',*,*,#6466,.F.);
#9175=ORIENTED_EDGE('',*,*,#6427,.T.);
#9176=ORIENTED_EDGE('',*,*,#6467,.F.);
#9177=ORIENTED_EDGE('',*,*,#6468,.T.);
#9178=ORIENTED_EDGE('',*,*,#6469,.T.);
#9179=ORIENTED_EDGE('',*,*,#6466,.T.);
#9180=ORIENTED_EDGE('',*,*,#6470,.F.);
#9181=ORIENTED_EDGE('',*,*,#6471,.T.);
#9182=ORIENTED_EDGE('',*,*,#6472,.T.);
#9183=ORIENTED_EDGE('',*,*,#6465,.T.);
#9184=ORIENTED_EDGE('',*,*,#6473,.F.);
#9185=ORIENTED_EDGE('',*,*,#6474,.T.);
#9186=ORIENTED_EDGE('',*,*,#6470,.T.);
#9187=ORIENTED_EDGE('',*,*,#6464,.T.);
#9188=ORIENTED_EDGE('',*,*,#6475,.F.);
#9189=ORIENTED_EDGE('',*,*,#6476,.T.);
#9190=ORIENTED_EDGE('',*,*,#6473,.T.);
#9191=ORIENTED_EDGE('',*,*,#6463,.T.);
#9192=ORIENTED_EDGE('',*,*,#6477,.F.);
#9193=ORIENTED_EDGE('',*,*,#6478,.T.);
#9194=ORIENTED_EDGE('',*,*,#6475,.T.);
#9195=ORIENTED_EDGE('',*,*,#6462,.T.);
#9196=ORIENTED_EDGE('',*,*,#6479,.F.);
#9197=ORIENTED_EDGE('',*,*,#6480,.T.);
#9198=ORIENTED_EDGE('',*,*,#6477,.T.);
#9199=ORIENTED_EDGE('',*,*,#6461,.T.);
#9200=ORIENTED_EDGE('',*,*,#6481,.F.);
#9201=ORIENTED_EDGE('',*,*,#6482,.T.);
#9202=ORIENTED_EDGE('',*,*,#6479,.T.);
#9203=ORIENTED_EDGE('',*,*,#6460,.T.);
#9204=ORIENTED_EDGE('',*,*,#6483,.F.);
#9205=ORIENTED_EDGE('',*,*,#6484,.T.);
#9206=ORIENTED_EDGE('',*,*,#6481,.T.);
#9207=ORIENTED_EDGE('',*,*,#6459,.T.);
#9208=ORIENTED_EDGE('',*,*,#6485,.F.);
#9209=ORIENTED_EDGE('',*,*,#6486,.T.);
#9210=ORIENTED_EDGE('',*,*,#6483,.T.);
#9211=ORIENTED_EDGE('',*,*,#6458,.T.);
#9212=ORIENTED_EDGE('',*,*,#6487,.F.);
#9213=ORIENTED_EDGE('',*,*,#6488,.T.);
#9214=ORIENTED_EDGE('',*,*,#6485,.T.);
#9215=ORIENTED_EDGE('',*,*,#6457,.T.);
#9216=ORIENTED_EDGE('',*,*,#6489,.F.);
#9217=ORIENTED_EDGE('',*,*,#6490,.T.);
#9218=ORIENTED_EDGE('',*,*,#6487,.T.);
#9219=ORIENTED_EDGE('',*,*,#6456,.T.);
#9220=ORIENTED_EDGE('',*,*,#6491,.F.);
#9221=ORIENTED_EDGE('',*,*,#6492,.T.);
#9222=ORIENTED_EDGE('',*,*,#6489,.T.);
#9223=ORIENTED_EDGE('',*,*,#6455,.T.);
#9224=ORIENTED_EDGE('',*,*,#6493,.F.);
#9225=ORIENTED_EDGE('',*,*,#6494,.T.);
#9226=ORIENTED_EDGE('',*,*,#6491,.T.);
#9227=ORIENTED_EDGE('',*,*,#6454,.T.);
#9228=ORIENTED_EDGE('',*,*,#6495,.F.);
#9229=ORIENTED_EDGE('',*,*,#6496,.T.);
#9230=ORIENTED_EDGE('',*,*,#6493,.T.);
#9231=ORIENTED_EDGE('',*,*,#6453,.T.);
#9232=ORIENTED_EDGE('',*,*,#6497,.F.);
#9233=ORIENTED_EDGE('',*,*,#6498,.T.);
#9234=ORIENTED_EDGE('',*,*,#6495,.T.);
#9235=ORIENTED_EDGE('',*,*,#6452,.T.);
#9236=ORIENTED_EDGE('',*,*,#6499,.F.);
#9237=ORIENTED_EDGE('',*,*,#6500,.T.);
#9238=ORIENTED_EDGE('',*,*,#6497,.T.);
#9239=ORIENTED_EDGE('',*,*,#6451,.T.);
#9240=ORIENTED_EDGE('',*,*,#6501,.F.);
#9241=ORIENTED_EDGE('',*,*,#6502,.T.);
#9242=ORIENTED_EDGE('',*,*,#6499,.T.);
#9243=ORIENTED_EDGE('',*,*,#6450,.T.);
#9244=ORIENTED_EDGE('',*,*,#6503,.F.);
#9245=ORIENTED_EDGE('',*,*,#6504,.T.);
#9246=ORIENTED_EDGE('',*,*,#6501,.T.);
#9247=ORIENTED_EDGE('',*,*,#6449,.T.);
#9248=ORIENTED_EDGE('',*,*,#6505,.F.);
#9249=ORIENTED_EDGE('',*,*,#6506,.T.);
#9250=ORIENTED_EDGE('',*,*,#6503,.T.);
#9251=ORIENTED_EDGE('',*,*,#6448,.T.);
#9252=ORIENTED_EDGE('',*,*,#6507,.F.);
#9253=ORIENTED_EDGE('',*,*,#6508,.T.);
#9254=ORIENTED_EDGE('',*,*,#6505,.T.);
#9255=ORIENTED_EDGE('',*,*,#6471,.F.);
#9256=ORIENTED_EDGE('',*,*,#6474,.F.);
#9257=ORIENTED_EDGE('',*,*,#6476,.F.);
#9258=ORIENTED_EDGE('',*,*,#6478,.F.);
#9259=ORIENTED_EDGE('',*,*,#6480,.F.);
#9260=ORIENTED_EDGE('',*,*,#6482,.F.);
#9261=ORIENTED_EDGE('',*,*,#6484,.F.);
#9262=ORIENTED_EDGE('',*,*,#6486,.F.);
#9263=ORIENTED_EDGE('',*,*,#6488,.F.);
#9264=ORIENTED_EDGE('',*,*,#6490,.F.);
#9265=ORIENTED_EDGE('',*,*,#6492,.F.);
#9266=ORIENTED_EDGE('',*,*,#6494,.F.);
#9267=ORIENTED_EDGE('',*,*,#6496,.F.);
#9268=ORIENTED_EDGE('',*,*,#6498,.F.);
#9269=ORIENTED_EDGE('',*,*,#6500,.F.);
#9270=ORIENTED_EDGE('',*,*,#6502,.F.);
#9271=ORIENTED_EDGE('',*,*,#6504,.F.);
#9272=ORIENTED_EDGE('',*,*,#6506,.F.);
#9273=ORIENTED_EDGE('',*,*,#6508,.F.);
#9274=ORIENTED_EDGE('',*,*,#6509,.F.);
#9275=ORIENTED_EDGE('',*,*,#6510,.F.);
#9276=ORIENTED_EDGE('',*,*,#6511,.F.);
#9277=ORIENTED_EDGE('',*,*,#6512,.F.);
#9278=ORIENTED_EDGE('',*,*,#6513,.F.);
#9279=ORIENTED_EDGE('',*,*,#6514,.F.);
#9280=ORIENTED_EDGE('',*,*,#6515,.F.);
#9281=ORIENTED_EDGE('',*,*,#6516,.F.);
#9282=ORIENTED_EDGE('',*,*,#6517,.F.);
#9283=ORIENTED_EDGE('',*,*,#6518,.F.);
#9284=ORIENTED_EDGE('',*,*,#6519,.F.);
#9285=ORIENTED_EDGE('',*,*,#6520,.F.);
#9286=ORIENTED_EDGE('',*,*,#6521,.F.);
#9287=ORIENTED_EDGE('',*,*,#6522,.F.);
#9288=ORIENTED_EDGE('',*,*,#6523,.F.);
#9289=ORIENTED_EDGE('',*,*,#6524,.F.);
#9290=ORIENTED_EDGE('',*,*,#6525,.F.);
#9291=ORIENTED_EDGE('',*,*,#6526,.F.);
#9292=ORIENTED_EDGE('',*,*,#6527,.F.);
#9293=ORIENTED_EDGE('',*,*,#6528,.F.);
#9294=ORIENTED_EDGE('',*,*,#6468,.F.);
#9295=ORIENTED_EDGE('',*,*,#6447,.T.);
#9296=ORIENTED_EDGE('',*,*,#6529,.F.);
#9297=ORIENTED_EDGE('',*,*,#6509,.T.);
#9298=ORIENTED_EDGE('',*,*,#6507,.T.);
#9299=ORIENTED_EDGE('',*,*,#6530,.F.);
#9300=ORIENTED_EDGE('',*,*,#6531,.F.);
#9301=ORIENTED_EDGE('',*,*,#6532,.F.);
#9302=ORIENTED_EDGE('',*,*,#6533,.T.);
#9303=ORIENTED_EDGE('',*,*,#6534,.F.);
#9304=ORIENTED_EDGE('',*,*,#6535,.T.);
#9305=ORIENTED_EDGE('',*,*,#6446,.T.);
#9306=ORIENTED_EDGE('',*,*,#6536,.F.);
#9307=ORIENTED_EDGE('',*,*,#6510,.T.);
#9308=ORIENTED_EDGE('',*,*,#6529,.T.);
#9309=ORIENTED_EDGE('',*,*,#6445,.T.);
#9310=ORIENTED_EDGE('',*,*,#6537,.F.);
#9311=ORIENTED_EDGE('',*,*,#6511,.T.);
#9312=ORIENTED_EDGE('',*,*,#6536,.T.);
#9313=ORIENTED_EDGE('',*,*,#6444,.T.);
#9314=ORIENTED_EDGE('',*,*,#6538,.F.);
#9315=ORIENTED_EDGE('',*,*,#6512,.T.);
#9316=ORIENTED_EDGE('',*,*,#6537,.T.);
#9317=ORIENTED_EDGE('',*,*,#6443,.T.);
#9318=ORIENTED_EDGE('',*,*,#6539,.F.);
#9319=ORIENTED_EDGE('',*,*,#6513,.T.);
#9320=ORIENTED_EDGE('',*,*,#6538,.T.);
#9321=ORIENTED_EDGE('',*,*,#6442,.T.);
#9322=ORIENTED_EDGE('',*,*,#6540,.F.);
#9323=ORIENTED_EDGE('',*,*,#6514,.T.);
#9324=ORIENTED_EDGE('',*,*,#6539,.T.);
#9325=ORIENTED_EDGE('',*,*,#6441,.T.);
#9326=ORIENTED_EDGE('',*,*,#6541,.F.);
#9327=ORIENTED_EDGE('',*,*,#6515,.T.);
#9328=ORIENTED_EDGE('',*,*,#6540,.T.);
#9329=ORIENTED_EDGE('',*,*,#6440,.T.);
#9330=ORIENTED_EDGE('',*,*,#6542,.F.);
#9331=ORIENTED_EDGE('',*,*,#6516,.T.);
#9332=ORIENTED_EDGE('',*,*,#6541,.T.);
#9333=ORIENTED_EDGE('',*,*,#6439,.T.);
#9334=ORIENTED_EDGE('',*,*,#6543,.F.);
#9335=ORIENTED_EDGE('',*,*,#6517,.T.);
#9336=ORIENTED_EDGE('',*,*,#6542,.T.);
#9337=ORIENTED_EDGE('',*,*,#6530,.T.);
#9338=ORIENTED_EDGE('',*,*,#6544,.F.);
#9339=ORIENTED_EDGE('',*,*,#6472,.F.);
#9340=ORIENTED_EDGE('',*,*,#6545,.F.);
#9341=ORIENTED_EDGE('',*,*,#6533,.F.);
#9342=ORIENTED_EDGE('',*,*,#6546,.T.);
#9343=ORIENTED_EDGE('',*,*,#6438,.T.);
#9344=ORIENTED_EDGE('',*,*,#6547,.F.);
#9345=ORIENTED_EDGE('',*,*,#6518,.T.);
#9346=ORIENTED_EDGE('',*,*,#6543,.T.);
#9347=ORIENTED_EDGE('',*,*,#6437,.T.);
#9348=ORIENTED_EDGE('',*,*,#6548,.F.);
#9349=ORIENTED_EDGE('',*,*,#6519,.T.);
#9350=ORIENTED_EDGE('',*,*,#6547,.T.);
#9351=ORIENTED_EDGE('',*,*,#6436,.T.);
#9352=ORIENTED_EDGE('',*,*,#6549,.F.);
#9353=ORIENTED_EDGE('',*,*,#6520,.T.);
#9354=ORIENTED_EDGE('',*,*,#6548,.T.);
#9355=ORIENTED_EDGE('',*,*,#6435,.T.);
#9356=ORIENTED_EDGE('',*,*,#6550,.F.);
#9357=ORIENTED_EDGE('',*,*,#6521,.T.);
#9358=ORIENTED_EDGE('',*,*,#6549,.T.);
#9359=ORIENTED_EDGE('',*,*,#6434,.T.);
#9360=ORIENTED_EDGE('',*,*,#6551,.F.);
#9361=ORIENTED_EDGE('',*,*,#6522,.T.);
#9362=ORIENTED_EDGE('',*,*,#6550,.T.);
#9363=ORIENTED_EDGE('',*,*,#6433,.T.);
#9364=ORIENTED_EDGE('',*,*,#6552,.F.);
#9365=ORIENTED_EDGE('',*,*,#6523,.T.);
#9366=ORIENTED_EDGE('',*,*,#6551,.T.);
#9367=ORIENTED_EDGE('',*,*,#6432,.T.);
#9368=ORIENTED_EDGE('',*,*,#6553,.F.);
#9369=ORIENTED_EDGE('',*,*,#6524,.T.);
#9370=ORIENTED_EDGE('',*,*,#6552,.T.);
#9371=ORIENTED_EDGE('',*,*,#6431,.T.);
#9372=ORIENTED_EDGE('',*,*,#6554,.F.);
#9373=ORIENTED_EDGE('',*,*,#6525,.T.);
#9374=ORIENTED_EDGE('',*,*,#6553,.T.);
#9375=ORIENTED_EDGE('',*,*,#6430,.T.);
#9376=ORIENTED_EDGE('',*,*,#6555,.F.);
#9377=ORIENTED_EDGE('',*,*,#6526,.T.);
#9378=ORIENTED_EDGE('',*,*,#6554,.T.);
#9379=ORIENTED_EDGE('',*,*,#6429,.T.);
#9380=ORIENTED_EDGE('',*,*,#6556,.F.);
#9381=ORIENTED_EDGE('',*,*,#6527,.T.);
#9382=ORIENTED_EDGE('',*,*,#6555,.T.);
#9383=ORIENTED_EDGE('',*,*,#6428,.T.);
#9384=ORIENTED_EDGE('',*,*,#6469,.F.);
#9385=ORIENTED_EDGE('',*,*,#6528,.T.);
#9386=ORIENTED_EDGE('',*,*,#6556,.T.);
#9387=ORIENTED_EDGE('',*,*,#6532,.T.);
#9388=ORIENTED_EDGE('',*,*,#6557,.F.);
#9389=ORIENTED_EDGE('',*,*,#6534,.T.);
#9390=ORIENTED_EDGE('',*,*,#6545,.T.);
#9391=ORIENTED_EDGE('',*,*,#6467,.T.);
#9392=ORIENTED_EDGE('',*,*,#6544,.T.);
#9393=ORIENTED_EDGE('',*,*,#6531,.T.);
#9394=ORIENTED_EDGE('',*,*,#6546,.F.);
#9395=ORIENTED_EDGE('',*,*,#6535,.F.);
#9396=ORIENTED_EDGE('',*,*,#6557,.T.);
#9397=ORIENTED_EDGE('',*,*,#6558,.F.);
#9398=ORIENTED_EDGE('',*,*,#6559,.F.);
#9399=ORIENTED_EDGE('',*,*,#6560,.F.);
#9400=ORIENTED_EDGE('',*,*,#6561,.F.);
#9401=ORIENTED_EDGE('',*,*,#6562,.F.);
#9402=ORIENTED_EDGE('',*,*,#6563,.F.);
#9403=ORIENTED_EDGE('',*,*,#6564,.F.);
#9404=ORIENTED_EDGE('',*,*,#6565,.F.);
#9405=ORIENTED_EDGE('',*,*,#6566,.F.);
#9406=ORIENTED_EDGE('',*,*,#6567,.F.);
#9407=ORIENTED_EDGE('',*,*,#6568,.F.);
#9408=ORIENTED_EDGE('',*,*,#6569,.F.);
#9409=ORIENTED_EDGE('',*,*,#6570,.F.);
#9410=ORIENTED_EDGE('',*,*,#6571,.F.);
#9411=ORIENTED_EDGE('',*,*,#6572,.F.);
#9412=ORIENTED_EDGE('',*,*,#6573,.F.);
#9413=ORIENTED_EDGE('',*,*,#6574,.F.);
#9414=ORIENTED_EDGE('',*,*,#6575,.F.);
#9415=ORIENTED_EDGE('',*,*,#6576,.F.);
#9416=ORIENTED_EDGE('',*,*,#6577,.F.);
#9417=ORIENTED_EDGE('',*,*,#6578,.F.);
#9418=ORIENTED_EDGE('',*,*,#6579,.F.);
#9419=ORIENTED_EDGE('',*,*,#6580,.F.);
#9420=ORIENTED_EDGE('',*,*,#6581,.F.);
#9421=ORIENTED_EDGE('',*,*,#6582,.F.);
#9422=ORIENTED_EDGE('',*,*,#6571,.T.);
#9423=ORIENTED_EDGE('',*,*,#6583,.F.);
#9424=ORIENTED_EDGE('',*,*,#6584,.T.);
#9425=ORIENTED_EDGE('',*,*,#6585,.T.);
#9426=ORIENTED_EDGE('',*,*,#6570,.T.);
#9427=ORIENTED_EDGE('',*,*,#6586,.F.);
#9428=ORIENTED_EDGE('',*,*,#6587,.T.);
#9429=ORIENTED_EDGE('',*,*,#6588,.T.);
#9430=ORIENTED_EDGE('',*,*,#6569,.T.);
#9431=ORIENTED_EDGE('',*,*,#6589,.F.);
#9432=ORIENTED_EDGE('',*,*,#6590,.T.);
#9433=ORIENTED_EDGE('',*,*,#6586,.T.);
#9434=ORIENTED_EDGE('',*,*,#6568,.T.);
#9435=ORIENTED_EDGE('',*,*,#6591,.F.);
#9436=ORIENTED_EDGE('',*,*,#6592,.T.);
#9437=ORIENTED_EDGE('',*,*,#6589,.T.);
#9438=ORIENTED_EDGE('',*,*,#6567,.T.);
#9439=ORIENTED_EDGE('',*,*,#6593,.F.);
#9440=ORIENTED_EDGE('',*,*,#6594,.T.);
#9441=ORIENTED_EDGE('',*,*,#6591,.T.);
#9442=ORIENTED_EDGE('',*,*,#6566,.T.);
#9443=ORIENTED_EDGE('',*,*,#6595,.F.);
#9444=ORIENTED_EDGE('',*,*,#6596,.T.);
#9445=ORIENTED_EDGE('',*,*,#6593,.T.);
#9446=ORIENTED_EDGE('',*,*,#6565,.T.);
#9447=ORIENTED_EDGE('',*,*,#6597,.F.);
#9448=ORIENTED_EDGE('',*,*,#6598,.T.);
#9449=ORIENTED_EDGE('',*,*,#6595,.T.);
#9450=ORIENTED_EDGE('',*,*,#6564,.T.);
#9451=ORIENTED_EDGE('',*,*,#6599,.F.);
#9452=ORIENTED_EDGE('',*,*,#6600,.T.);
#9453=ORIENTED_EDGE('',*,*,#6597,.T.);
#9454=ORIENTED_EDGE('',*,*,#6563,.T.);
#9455=ORIENTED_EDGE('',*,*,#6601,.F.);
#9456=ORIENTED_EDGE('',*,*,#6602,.T.);
#9457=ORIENTED_EDGE('',*,*,#6599,.T.);
#9458=ORIENTED_EDGE('',*,*,#6562,.T.);
#9459=ORIENTED_EDGE('',*,*,#6603,.F.);
#9460=ORIENTED_EDGE('',*,*,#6604,.T.);
#9461=ORIENTED_EDGE('',*,*,#6601,.T.);
#9462=ORIENTED_EDGE('',*,*,#6561,.T.);
#9463=ORIENTED_EDGE('',*,*,#6605,.F.);
#9464=ORIENTED_EDGE('',*,*,#6606,.T.);
#9465=ORIENTED_EDGE('',*,*,#6603,.T.);
#9466=ORIENTED_EDGE('',*,*,#6560,.T.);
#9467=ORIENTED_EDGE('',*,*,#6607,.F.);
#9468=ORIENTED_EDGE('',*,*,#6608,.T.);
#9469=ORIENTED_EDGE('',*,*,#6605,.T.);
#9470=ORIENTED_EDGE('',*,*,#6559,.T.);
#9471=ORIENTED_EDGE('',*,*,#6609,.F.);
#9472=ORIENTED_EDGE('',*,*,#6610,.T.);
#9473=ORIENTED_EDGE('',*,*,#6607,.T.);
#9474=ORIENTED_EDGE('',*,*,#6611,.F.);
#9475=ORIENTED_EDGE('',*,*,#6612,.F.);
#9476=ORIENTED_EDGE('',*,*,#6613,.F.);
#9477=ORIENTED_EDGE('',*,*,#6614,.F.);
#9478=ORIENTED_EDGE('',*,*,#6615,.F.);
#9479=ORIENTED_EDGE('',*,*,#6616,.F.);
#9480=ORIENTED_EDGE('',*,*,#6617,.F.);
#9481=ORIENTED_EDGE('',*,*,#6618,.F.);
#9482=ORIENTED_EDGE('',*,*,#6619,.F.);
#9483=ORIENTED_EDGE('',*,*,#6620,.F.);
#9484=ORIENTED_EDGE('',*,*,#6621,.F.);
#9485=ORIENTED_EDGE('',*,*,#6622,.F.);
#9486=ORIENTED_EDGE('',*,*,#6584,.F.);
#9487=ORIENTED_EDGE('',*,*,#6587,.F.);
#9488=ORIENTED_EDGE('',*,*,#6590,.F.);
#9489=ORIENTED_EDGE('',*,*,#6592,.F.);
#9490=ORIENTED_EDGE('',*,*,#6594,.F.);
#9491=ORIENTED_EDGE('',*,*,#6596,.F.);
#9492=ORIENTED_EDGE('',*,*,#6598,.F.);
#9493=ORIENTED_EDGE('',*,*,#6600,.F.);
#9494=ORIENTED_EDGE('',*,*,#6602,.F.);
#9495=ORIENTED_EDGE('',*,*,#6604,.F.);
#9496=ORIENTED_EDGE('',*,*,#6606,.F.);
#9497=ORIENTED_EDGE('',*,*,#6608,.F.);
#9498=ORIENTED_EDGE('',*,*,#6610,.F.);
#9499=ORIENTED_EDGE('',*,*,#6572,.T.);
#9500=ORIENTED_EDGE('',*,*,#6585,.F.);
#9501=ORIENTED_EDGE('',*,*,#6622,.T.);
#9502=ORIENTED_EDGE('',*,*,#6623,.T.);
#9503=ORIENTED_EDGE('',*,*,#6573,.T.);
#9504=ORIENTED_EDGE('',*,*,#6623,.F.);
#9505=ORIENTED_EDGE('',*,*,#6621,.T.);
#9506=ORIENTED_EDGE('',*,*,#6624,.T.);
#9507=ORIENTED_EDGE('',*,*,#6574,.T.);
#9508=ORIENTED_EDGE('',*,*,#6624,.F.);
#9509=ORIENTED_EDGE('',*,*,#6620,.T.);
#9510=ORIENTED_EDGE('',*,*,#6625,.T.);
#9511=ORIENTED_EDGE('',*,*,#6575,.T.);
#9512=ORIENTED_EDGE('',*,*,#6625,.F.);
#9513=ORIENTED_EDGE('',*,*,#6619,.T.);
#9514=ORIENTED_EDGE('',*,*,#6626,.T.);
#9515=ORIENTED_EDGE('',*,*,#6576,.T.);
#9516=ORIENTED_EDGE('',*,*,#6626,.F.);
#9517=ORIENTED_EDGE('',*,*,#6618,.T.);
#9518=ORIENTED_EDGE('',*,*,#6627,.T.);
#9519=ORIENTED_EDGE('',*,*,#6577,.T.);
#9520=ORIENTED_EDGE('',*,*,#6627,.F.);
#9521=ORIENTED_EDGE('',*,*,#6617,.T.);
#9522=ORIENTED_EDGE('',*,*,#6628,.T.);
#9523=ORIENTED_EDGE('',*,*,#6578,.T.);
#9524=ORIENTED_EDGE('',*,*,#6628,.F.);
#9525=ORIENTED_EDGE('',*,*,#6616,.T.);
#9526=ORIENTED_EDGE('',*,*,#6629,.T.);
#9527=ORIENTED_EDGE('',*,*,#6579,.T.);
#9528=ORIENTED_EDGE('',*,*,#6629,.F.);
#9529=ORIENTED_EDGE('',*,*,#6615,.T.);
#9530=ORIENTED_EDGE('',*,*,#6630,.T.);
#9531=ORIENTED_EDGE('',*,*,#6580,.T.);
#9532=ORIENTED_EDGE('',*,*,#6630,.F.);
#9533=ORIENTED_EDGE('',*,*,#6614,.T.);
#9534=ORIENTED_EDGE('',*,*,#6631,.T.);
#9535=ORIENTED_EDGE('',*,*,#6581,.T.);
#9536=ORIENTED_EDGE('',*,*,#6631,.F.);
#9537=ORIENTED_EDGE('',*,*,#6613,.T.);
#9538=ORIENTED_EDGE('',*,*,#6632,.T.);
#9539=ORIENTED_EDGE('',*,*,#6582,.T.);
#9540=ORIENTED_EDGE('',*,*,#6632,.F.);
#9541=ORIENTED_EDGE('',*,*,#6612,.T.);
#9542=ORIENTED_EDGE('',*,*,#6633,.T.);
#9543=ORIENTED_EDGE('',*,*,#6634,.T.);
#9544=ORIENTED_EDGE('',*,*,#6635,.F.);
#9545=ORIENTED_EDGE('',*,*,#6636,.T.);
#9546=ORIENTED_EDGE('',*,*,#6637,.T.);
#9547=ORIENTED_EDGE('',*,*,#6638,.T.);
#9548=ORIENTED_EDGE('',*,*,#6637,.F.);
#9549=ORIENTED_EDGE('',*,*,#6639,.T.);
#9550=ORIENTED_EDGE('',*,*,#6640,.T.);
#9551=ORIENTED_EDGE('',*,*,#6583,.T.);
#9552=ORIENTED_EDGE('',*,*,#6641,.T.);
#9553=ORIENTED_EDGE('',*,*,#6642,.T.);
#9554=ORIENTED_EDGE('',*,*,#6641,.F.);
#9555=ORIENTED_EDGE('',*,*,#6588,.F.);
#9556=ORIENTED_EDGE('',*,*,#6640,.F.);
#9557=ORIENTED_EDGE('',*,*,#6643,.T.);
#9558=ORIENTED_EDGE('',*,*,#6635,.T.);
#9559=ORIENTED_EDGE('',*,*,#6558,.T.);
#9560=ORIENTED_EDGE('',*,*,#6633,.F.);
#9561=ORIENTED_EDGE('',*,*,#6611,.T.);
#9562=ORIENTED_EDGE('',*,*,#6609,.T.);
#9563=ORIENTED_EDGE('',*,*,#6639,.F.);
#9564=ORIENTED_EDGE('',*,*,#6636,.F.);
#9565=ORIENTED_EDGE('',*,*,#6643,.F.);
#9566=ORIENTED_EDGE('',*,*,#6642,.F.);
#9567=ORIENTED_EDGE('',*,*,#6634,.F.);
#9568=ORIENTED_EDGE('',*,*,#6638,.F.);
#9569=ORIENTED_EDGE('',*,*,#6644,.F.);
#9570=ORIENTED_EDGE('',*,*,#6645,.F.);
#9571=ORIENTED_EDGE('',*,*,#6646,.F.);
#9572=ORIENTED_EDGE('',*,*,#6647,.F.);
#9573=ORIENTED_EDGE('',*,*,#6648,.F.);
#9574=ORIENTED_EDGE('',*,*,#6649,.F.);
#9575=ORIENTED_EDGE('',*,*,#6650,.F.);
#9576=ORIENTED_EDGE('',*,*,#6651,.F.);
#9577=ORIENTED_EDGE('',*,*,#6652,.F.);
#9578=ORIENTED_EDGE('',*,*,#6653,.F.);
#9579=ORIENTED_EDGE('',*,*,#6654,.F.);
#9580=ORIENTED_EDGE('',*,*,#6655,.F.);
#9581=ORIENTED_EDGE('',*,*,#6656,.F.);
#9582=ORIENTED_EDGE('',*,*,#6657,.F.);
#9583=ORIENTED_EDGE('',*,*,#6658,.F.);
#9584=ORIENTED_EDGE('',*,*,#6659,.F.);
#9585=ORIENTED_EDGE('',*,*,#6660,.F.);
#9586=ORIENTED_EDGE('',*,*,#6661,.F.);
#9587=ORIENTED_EDGE('',*,*,#6662,.F.);
#9588=ORIENTED_EDGE('',*,*,#6663,.F.);
#9589=ORIENTED_EDGE('',*,*,#6664,.F.);
#9590=ORIENTED_EDGE('',*,*,#6665,.F.);
#9591=ORIENTED_EDGE('',*,*,#6666,.F.);
#9592=ORIENTED_EDGE('',*,*,#6667,.F.);
#9593=ORIENTED_EDGE('',*,*,#6668,.F.);
#9594=ORIENTED_EDGE('',*,*,#6669,.F.);
#9595=ORIENTED_EDGE('',*,*,#6670,.F.);
#9596=ORIENTED_EDGE('',*,*,#6671,.F.);
#9597=ORIENTED_EDGE('',*,*,#6672,.F.);
#9598=ORIENTED_EDGE('',*,*,#6673,.F.);
#9599=ORIENTED_EDGE('',*,*,#6674,.F.);
#9600=ORIENTED_EDGE('',*,*,#6675,.F.);
#9601=ORIENTED_EDGE('',*,*,#6660,.T.);
#9602=ORIENTED_EDGE('',*,*,#6676,.F.);
#9603=ORIENTED_EDGE('',*,*,#6677,.T.);
#9604=ORIENTED_EDGE('',*,*,#6678,.T.);
#9605=ORIENTED_EDGE('',*,*,#6659,.T.);
#9606=ORIENTED_EDGE('',*,*,#6679,.F.);
#9607=ORIENTED_EDGE('',*,*,#6680,.T.);
#9608=ORIENTED_EDGE('',*,*,#6676,.T.);
#9609=ORIENTED_EDGE('',*,*,#6658,.T.);
#9610=ORIENTED_EDGE('',*,*,#6681,.F.);
#9611=ORIENTED_EDGE('',*,*,#6682,.T.);
#9612=ORIENTED_EDGE('',*,*,#6679,.T.);
#9613=ORIENTED_EDGE('',*,*,#6657,.T.);
#9614=ORIENTED_EDGE('',*,*,#6683,.F.);
#9615=ORIENTED_EDGE('',*,*,#6684,.T.);
#9616=ORIENTED_EDGE('',*,*,#6681,.T.);
#9617=ORIENTED_EDGE('',*,*,#6656,.T.);
#9618=ORIENTED_EDGE('',*,*,#6685,.F.);
#9619=ORIENTED_EDGE('',*,*,#6686,.T.);
#9620=ORIENTED_EDGE('',*,*,#6683,.T.);
#9621=ORIENTED_EDGE('',*,*,#6655,.T.);
#9622=ORIENTED_EDGE('',*,*,#6687,.F.);
#9623=ORIENTED_EDGE('',*,*,#6688,.T.);
#9624=ORIENTED_EDGE('',*,*,#6685,.T.);
#9625=ORIENTED_EDGE('',*,*,#6654,.T.);
#9626=ORIENTED_EDGE('',*,*,#6689,.F.);
#9627=ORIENTED_EDGE('',*,*,#6690,.T.);
#9628=ORIENTED_EDGE('',*,*,#6687,.T.);
#9629=ORIENTED_EDGE('',*,*,#6653,.T.);
#9630=ORIENTED_EDGE('',*,*,#6691,.F.);
#9631=ORIENTED_EDGE('',*,*,#6692,.T.);
#9632=ORIENTED_EDGE('',*,*,#6689,.T.);
#9633=ORIENTED_EDGE('',*,*,#6652,.T.);
#9634=ORIENTED_EDGE('',*,*,#6693,.F.);
#9635=ORIENTED_EDGE('',*,*,#6694,.T.);
#9636=ORIENTED_EDGE('',*,*,#6691,.T.);
#9637=ORIENTED_EDGE('',*,*,#6651,.T.);
#9638=ORIENTED_EDGE('',*,*,#6695,.F.);
#9639=ORIENTED_EDGE('',*,*,#6696,.T.);
#9640=ORIENTED_EDGE('',*,*,#6693,.T.);
#9641=ORIENTED_EDGE('',*,*,#6650,.T.);
#9642=ORIENTED_EDGE('',*,*,#6697,.F.);
#9643=ORIENTED_EDGE('',*,*,#6698,.T.);
#9644=ORIENTED_EDGE('',*,*,#6695,.T.);
#9645=ORIENTED_EDGE('',*,*,#6649,.T.);
#9646=ORIENTED_EDGE('',*,*,#6699,.F.);
#9647=ORIENTED_EDGE('',*,*,#6700,.T.);
#9648=ORIENTED_EDGE('',*,*,#6697,.T.);
#9649=ORIENTED_EDGE('',*,*,#6648,.T.);
#9650=ORIENTED_EDGE('',*,*,#6701,.F.);
#9651=ORIENTED_EDGE('',*,*,#6702,.T.);
#9652=ORIENTED_EDGE('',*,*,#6699,.T.);
#9653=ORIENTED_EDGE('',*,*,#6647,.T.);
#9654=ORIENTED_EDGE('',*,*,#6703,.F.);
#9655=ORIENTED_EDGE('',*,*,#6704,.T.);
#9656=ORIENTED_EDGE('',*,*,#6701,.T.);
#9657=ORIENTED_EDGE('',*,*,#6646,.T.);
#9658=ORIENTED_EDGE('',*,*,#6705,.F.);
#9659=ORIENTED_EDGE('',*,*,#6706,.T.);
#9660=ORIENTED_EDGE('',*,*,#6703,.T.);
#9661=ORIENTED_EDGE('',*,*,#6645,.T.);
#9662=ORIENTED_EDGE('',*,*,#6707,.F.);
#9663=ORIENTED_EDGE('',*,*,#6708,.T.);
#9664=ORIENTED_EDGE('',*,*,#6705,.T.);
#9665=ORIENTED_EDGE('',*,*,#6709,.F.);
#9666=ORIENTED_EDGE('',*,*,#6710,.F.);
#9667=ORIENTED_EDGE('',*,*,#6711,.F.);
#9668=ORIENTED_EDGE('',*,*,#6712,.F.);
#9669=ORIENTED_EDGE('',*,*,#6713,.F.);
#9670=ORIENTED_EDGE('',*,*,#6714,.F.);
#9671=ORIENTED_EDGE('',*,*,#6715,.F.);
#9672=ORIENTED_EDGE('',*,*,#6716,.F.);
#9673=ORIENTED_EDGE('',*,*,#6717,.F.);
#9674=ORIENTED_EDGE('',*,*,#6718,.F.);
#9675=ORIENTED_EDGE('',*,*,#6719,.F.);
#9676=ORIENTED_EDGE('',*,*,#6720,.F.);
#9677=ORIENTED_EDGE('',*,*,#6721,.F.);
#9678=ORIENTED_EDGE('',*,*,#6722,.F.);
#9679=ORIENTED_EDGE('',*,*,#6723,.F.);
#9680=ORIENTED_EDGE('',*,*,#6724,.F.);
#9681=ORIENTED_EDGE('',*,*,#6677,.F.);
#9682=ORIENTED_EDGE('',*,*,#6680,.F.);
#9683=ORIENTED_EDGE('',*,*,#6682,.F.);
#9684=ORIENTED_EDGE('',*,*,#6684,.F.);
#9685=ORIENTED_EDGE('',*,*,#6686,.F.);
#9686=ORIENTED_EDGE('',*,*,#6688,.F.);
#9687=ORIENTED_EDGE('',*,*,#6690,.F.);
#9688=ORIENTED_EDGE('',*,*,#6692,.F.);
#9689=ORIENTED_EDGE('',*,*,#6694,.F.);
#9690=ORIENTED_EDGE('',*,*,#6696,.F.);
#9691=ORIENTED_EDGE('',*,*,#6698,.F.);
#9692=ORIENTED_EDGE('',*,*,#6700,.F.);
#9693=ORIENTED_EDGE('',*,*,#6702,.F.);
#9694=ORIENTED_EDGE('',*,*,#6704,.F.);
#9695=ORIENTED_EDGE('',*,*,#6706,.F.);
#9696=ORIENTED_EDGE('',*,*,#6708,.F.);
#9697=ORIENTED_EDGE('',*,*,#6661,.T.);
#9698=ORIENTED_EDGE('',*,*,#6678,.F.);
#9699=ORIENTED_EDGE('',*,*,#6724,.T.);
#9700=ORIENTED_EDGE('',*,*,#6725,.T.);
#9701=ORIENTED_EDGE('',*,*,#6662,.T.);
#9702=ORIENTED_EDGE('',*,*,#6725,.F.);
#9703=ORIENTED_EDGE('',*,*,#6723,.T.);
#9704=ORIENTED_EDGE('',*,*,#6726,.T.);
#9705=ORIENTED_EDGE('',*,*,#6663,.T.);
#9706=ORIENTED_EDGE('',*,*,#6726,.F.);
#9707=ORIENTED_EDGE('',*,*,#6722,.T.);
#9708=ORIENTED_EDGE('',*,*,#6727,.T.);
#9709=ORIENTED_EDGE('',*,*,#6664,.T.);
#9710=ORIENTED_EDGE('',*,*,#6727,.F.);
#9711=ORIENTED_EDGE('',*,*,#6721,.T.);
#9712=ORIENTED_EDGE('',*,*,#6728,.T.);
#9713=ORIENTED_EDGE('',*,*,#6665,.T.);
#9714=ORIENTED_EDGE('',*,*,#6728,.F.);
#9715=ORIENTED_EDGE('',*,*,#6720,.T.);
#9716=ORIENTED_EDGE('',*,*,#6729,.T.);
#9717=ORIENTED_EDGE('',*,*,#6666,.T.);
#9718=ORIENTED_EDGE('',*,*,#6729,.F.);
#9719=ORIENTED_EDGE('',*,*,#6719,.T.);
#9720=ORIENTED_EDGE('',*,*,#6730,.T.);
#9721=ORIENTED_EDGE('',*,*,#6667,.T.);
#9722=ORIENTED_EDGE('',*,*,#6730,.F.);
#9723=ORIENTED_EDGE('',*,*,#6718,.T.);
#9724=ORIENTED_EDGE('',*,*,#6731,.T.);
#9725=ORIENTED_EDGE('',*,*,#6668,.T.);
#9726=ORIENTED_EDGE('',*,*,#6731,.F.);
#9727=ORIENTED_EDGE('',*,*,#6717,.T.);
#9728=ORIENTED_EDGE('',*,*,#6732,.T.);
#9729=ORIENTED_EDGE('',*,*,#6669,.T.);
#9730=ORIENTED_EDGE('',*,*,#6732,.F.);
#9731=ORIENTED_EDGE('',*,*,#6716,.T.);
#9732=ORIENTED_EDGE('',*,*,#6733,.T.);
#9733=ORIENTED_EDGE('',*,*,#6670,.T.);
#9734=ORIENTED_EDGE('',*,*,#6733,.F.);
#9735=ORIENTED_EDGE('',*,*,#6715,.T.);
#9736=ORIENTED_EDGE('',*,*,#6734,.T.);
#9737=ORIENTED_EDGE('',*,*,#6671,.T.);
#9738=ORIENTED_EDGE('',*,*,#6734,.F.);
#9739=ORIENTED_EDGE('',*,*,#6714,.T.);
#9740=ORIENTED_EDGE('',*,*,#6735,.T.);
#9741=ORIENTED_EDGE('',*,*,#6672,.T.);
#9742=ORIENTED_EDGE('',*,*,#6735,.F.);
#9743=ORIENTED_EDGE('',*,*,#6713,.T.);
#9744=ORIENTED_EDGE('',*,*,#6736,.T.);
#9745=ORIENTED_EDGE('',*,*,#6673,.T.);
#9746=ORIENTED_EDGE('',*,*,#6736,.F.);
#9747=ORIENTED_EDGE('',*,*,#6712,.T.);
#9748=ORIENTED_EDGE('',*,*,#6737,.T.);
#9749=ORIENTED_EDGE('',*,*,#6674,.T.);
#9750=ORIENTED_EDGE('',*,*,#6737,.F.);
#9751=ORIENTED_EDGE('',*,*,#6711,.T.);
#9752=ORIENTED_EDGE('',*,*,#6738,.T.);
#9753=ORIENTED_EDGE('',*,*,#6675,.T.);
#9754=ORIENTED_EDGE('',*,*,#6738,.F.);
#9755=ORIENTED_EDGE('',*,*,#6710,.T.);
#9756=ORIENTED_EDGE('',*,*,#6739,.T.);
#9757=ORIENTED_EDGE('',*,*,#6644,.T.);
#9758=ORIENTED_EDGE('',*,*,#6739,.F.);
#9759=ORIENTED_EDGE('',*,*,#6709,.T.);
#9760=ORIENTED_EDGE('',*,*,#6707,.T.);
#9761=ORIENTED_EDGE('',*,*,#6740,.F.);
#9762=ORIENTED_EDGE('',*,*,#6741,.F.);
#9763=ORIENTED_EDGE('',*,*,#6742,.F.);
#9764=ORIENTED_EDGE('',*,*,#6743,.F.);
#9765=ORIENTED_EDGE('',*,*,#6744,.F.);
#9766=ORIENTED_EDGE('',*,*,#6745,.F.);
#9767=ORIENTED_EDGE('',*,*,#6746,.F.);
#9768=ORIENTED_EDGE('',*,*,#6747,.F.);
#9769=ORIENTED_EDGE('',*,*,#6748,.F.);
#9770=ORIENTED_EDGE('',*,*,#6749,.F.);
#9771=ORIENTED_EDGE('',*,*,#6750,.F.);
#9772=ORIENTED_EDGE('',*,*,#6751,.F.);
#9773=ORIENTED_EDGE('',*,*,#6752,.F.);
#9774=ORIENTED_EDGE('',*,*,#6753,.F.);
#9775=ORIENTED_EDGE('',*,*,#6754,.F.);
#9776=ORIENTED_EDGE('',*,*,#6755,.F.);
#9777=ORIENTED_EDGE('',*,*,#6756,.F.);
#9778=ORIENTED_EDGE('',*,*,#6757,.F.);
#9779=ORIENTED_EDGE('',*,*,#6758,.F.);
#9780=ORIENTED_EDGE('',*,*,#6759,.F.);
#9781=ORIENTED_EDGE('',*,*,#6760,.F.);
#9782=ORIENTED_EDGE('',*,*,#6761,.F.);
#9783=ORIENTED_EDGE('',*,*,#6762,.F.);
#9784=ORIENTED_EDGE('',*,*,#6763,.F.);
#9785=ORIENTED_EDGE('',*,*,#6764,.F.);
#9786=ORIENTED_EDGE('',*,*,#6765,.F.);
#9787=ORIENTED_EDGE('',*,*,#6766,.F.);
#9788=ORIENTED_EDGE('',*,*,#6767,.F.);
#9789=ORIENTED_EDGE('',*,*,#6768,.F.);
#9790=ORIENTED_EDGE('',*,*,#6769,.F.);
#9791=ORIENTED_EDGE('',*,*,#6770,.F.);
#9792=ORIENTED_EDGE('',*,*,#6771,.F.);
#9793=ORIENTED_EDGE('',*,*,#6772,.F.);
#9794=ORIENTED_EDGE('',*,*,#6773,.F.);
#9795=ORIENTED_EDGE('',*,*,#6774,.F.);
#9796=ORIENTED_EDGE('',*,*,#6775,.F.);
#9797=ORIENTED_EDGE('',*,*,#6776,.F.);
#9798=ORIENTED_EDGE('',*,*,#6777,.F.);
#9799=ORIENTED_EDGE('',*,*,#6778,.F.);
#9800=ORIENTED_EDGE('',*,*,#6779,.F.);
#9801=ORIENTED_EDGE('',*,*,#6780,.F.);
#9802=ORIENTED_EDGE('',*,*,#6781,.F.);
#9803=ORIENTED_EDGE('',*,*,#6782,.F.);
#9804=ORIENTED_EDGE('',*,*,#6783,.F.);
#9805=ORIENTED_EDGE('',*,*,#6784,.F.);
#9806=ORIENTED_EDGE('',*,*,#6762,.T.);
#9807=ORIENTED_EDGE('',*,*,#6785,.F.);
#9808=ORIENTED_EDGE('',*,*,#6786,.T.);
#9809=ORIENTED_EDGE('',*,*,#6787,.T.);
#9810=ORIENTED_EDGE('',*,*,#6761,.T.);
#9811=ORIENTED_EDGE('',*,*,#6788,.F.);
#9812=ORIENTED_EDGE('',*,*,#6789,.T.);
#9813=ORIENTED_EDGE('',*,*,#6785,.T.);
#9814=ORIENTED_EDGE('',*,*,#6760,.T.);
#9815=ORIENTED_EDGE('',*,*,#6790,.F.);
#9816=ORIENTED_EDGE('',*,*,#6791,.T.);
#9817=ORIENTED_EDGE('',*,*,#6788,.T.);
#9818=ORIENTED_EDGE('',*,*,#6759,.T.);
#9819=ORIENTED_EDGE('',*,*,#6792,.F.);
#9820=ORIENTED_EDGE('',*,*,#6793,.T.);
#9821=ORIENTED_EDGE('',*,*,#6790,.T.);
#9822=ORIENTED_EDGE('',*,*,#6758,.T.);
#9823=ORIENTED_EDGE('',*,*,#6794,.F.);
#9824=ORIENTED_EDGE('',*,*,#6795,.T.);
#9825=ORIENTED_EDGE('',*,*,#6792,.T.);
#9826=ORIENTED_EDGE('',*,*,#6757,.T.);
#9827=ORIENTED_EDGE('',*,*,#6796,.F.);
#9828=ORIENTED_EDGE('',*,*,#6797,.T.);
#9829=ORIENTED_EDGE('',*,*,#6794,.T.);
#9830=ORIENTED_EDGE('',*,*,#6756,.T.);
#9831=ORIENTED_EDGE('',*,*,#6798,.F.);
#9832=ORIENTED_EDGE('',*,*,#6799,.T.);
#9833=ORIENTED_EDGE('',*,*,#6796,.T.);
#9834=ORIENTED_EDGE('',*,*,#6755,.T.);
#9835=ORIENTED_EDGE('',*,*,#6800,.F.);
#9836=ORIENTED_EDGE('',*,*,#6801,.T.);
#9837=ORIENTED_EDGE('',*,*,#6798,.T.);
#9838=ORIENTED_EDGE('',*,*,#6754,.T.);
#9839=ORIENTED_EDGE('',*,*,#6802,.F.);
#9840=ORIENTED_EDGE('',*,*,#6803,.T.);
#9841=ORIENTED_EDGE('',*,*,#6800,.T.);
#9842=ORIENTED_EDGE('',*,*,#6753,.T.);
#9843=ORIENTED_EDGE('',*,*,#6804,.F.);
#9844=ORIENTED_EDGE('',*,*,#6805,.T.);
#9845=ORIENTED_EDGE('',*,*,#6802,.T.);
#9846=ORIENTED_EDGE('',*,*,#6752,.T.);
#9847=ORIENTED_EDGE('',*,*,#6806,.F.);
#9848=ORIENTED_EDGE('',*,*,#6807,.T.);
#9849=ORIENTED_EDGE('',*,*,#6804,.T.);
#9850=ORIENTED_EDGE('',*,*,#6751,.T.);
#9851=ORIENTED_EDGE('',*,*,#6808,.F.);
#9852=ORIENTED_EDGE('',*,*,#6809,.T.);
#9853=ORIENTED_EDGE('',*,*,#6806,.T.);
#9854=ORIENTED_EDGE('',*,*,#6750,.T.);
#9855=ORIENTED_EDGE('',*,*,#6810,.F.);
#9856=ORIENTED_EDGE('',*,*,#6811,.T.);
#9857=ORIENTED_EDGE('',*,*,#6808,.T.);
#9858=ORIENTED_EDGE('',*,*,#6749,.T.);
#9859=ORIENTED_EDGE('',*,*,#6812,.F.);
#9860=ORIENTED_EDGE('',*,*,#6813,.T.);
#9861=ORIENTED_EDGE('',*,*,#6810,.T.);
#9862=ORIENTED_EDGE('',*,*,#6748,.T.);
#9863=ORIENTED_EDGE('',*,*,#6814,.F.);
#9864=ORIENTED_EDGE('',*,*,#6815,.T.);
#9865=ORIENTED_EDGE('',*,*,#6812,.T.);
#9866=ORIENTED_EDGE('',*,*,#6747,.T.);
#9867=ORIENTED_EDGE('',*,*,#6816,.F.);
#9868=ORIENTED_EDGE('',*,*,#6817,.T.);
#9869=ORIENTED_EDGE('',*,*,#6814,.T.);
#9870=ORIENTED_EDGE('',*,*,#6746,.T.);
#9871=ORIENTED_EDGE('',*,*,#6818,.F.);
#9872=ORIENTED_EDGE('',*,*,#6819,.T.);
#9873=ORIENTED_EDGE('',*,*,#6816,.T.);
#9874=ORIENTED_EDGE('',*,*,#6745,.T.);
#9875=ORIENTED_EDGE('',*,*,#6820,.F.);
#9876=ORIENTED_EDGE('',*,*,#6821,.T.);
#9877=ORIENTED_EDGE('',*,*,#6818,.T.);
#9878=ORIENTED_EDGE('',*,*,#6744,.T.);
#9879=ORIENTED_EDGE('',*,*,#6822,.F.);
#9880=ORIENTED_EDGE('',*,*,#6823,.T.);
#9881=ORIENTED_EDGE('',*,*,#6820,.T.);
#9882=ORIENTED_EDGE('',*,*,#6743,.T.);
#9883=ORIENTED_EDGE('',*,*,#6824,.F.);
#9884=ORIENTED_EDGE('',*,*,#6825,.T.);
#9885=ORIENTED_EDGE('',*,*,#6822,.T.);
#9886=ORIENTED_EDGE('',*,*,#6742,.T.);
#9887=ORIENTED_EDGE('',*,*,#6826,.F.);
#9888=ORIENTED_EDGE('',*,*,#6827,.T.);
#9889=ORIENTED_EDGE('',*,*,#6824,.T.);
#9890=ORIENTED_EDGE('',*,*,#6741,.T.);
#9891=ORIENTED_EDGE('',*,*,#6828,.F.);
#9892=ORIENTED_EDGE('',*,*,#6829,.T.);
#9893=ORIENTED_EDGE('',*,*,#6826,.T.);
#9894=ORIENTED_EDGE('',*,*,#6830,.F.);
#9895=ORIENTED_EDGE('',*,*,#6831,.F.);
#9896=ORIENTED_EDGE('',*,*,#6832,.F.);
#9897=ORIENTED_EDGE('',*,*,#6833,.F.);
#9898=ORIENTED_EDGE('',*,*,#6834,.F.);
#9899=ORIENTED_EDGE('',*,*,#6835,.F.);
#9900=ORIENTED_EDGE('',*,*,#6836,.F.);
#9901=ORIENTED_EDGE('',*,*,#6837,.F.);
#9902=ORIENTED_EDGE('',*,*,#6838,.F.);
#9903=ORIENTED_EDGE('',*,*,#6839,.F.);
#9904=ORIENTED_EDGE('',*,*,#6840,.F.);
#9905=ORIENTED_EDGE('',*,*,#6841,.F.);
#9906=ORIENTED_EDGE('',*,*,#6842,.F.);
#9907=ORIENTED_EDGE('',*,*,#6843,.F.);
#9908=ORIENTED_EDGE('',*,*,#6844,.F.);
#9909=ORIENTED_EDGE('',*,*,#6845,.F.);
#9910=ORIENTED_EDGE('',*,*,#6846,.F.);
#9911=ORIENTED_EDGE('',*,*,#6847,.F.);
#9912=ORIENTED_EDGE('',*,*,#6848,.F.);
#9913=ORIENTED_EDGE('',*,*,#6849,.F.);
#9914=ORIENTED_EDGE('',*,*,#6850,.F.);
#9915=ORIENTED_EDGE('',*,*,#6851,.F.);
#9916=ORIENTED_EDGE('',*,*,#6852,.F.);
#9917=ORIENTED_EDGE('',*,*,#6786,.F.);
#9918=ORIENTED_EDGE('',*,*,#6789,.F.);
#9919=ORIENTED_EDGE('',*,*,#6791,.F.);
#9920=ORIENTED_EDGE('',*,*,#6793,.F.);
#9921=ORIENTED_EDGE('',*,*,#6795,.F.);
#9922=ORIENTED_EDGE('',*,*,#6797,.F.);
#9923=ORIENTED_EDGE('',*,*,#6799,.F.);
#9924=ORIENTED_EDGE('',*,*,#6801,.F.);
#9925=ORIENTED_EDGE('',*,*,#6803,.F.);
#9926=ORIENTED_EDGE('',*,*,#6805,.F.);
#9927=ORIENTED_EDGE('',*,*,#6807,.F.);
#9928=ORIENTED_EDGE('',*,*,#6809,.F.);
#9929=ORIENTED_EDGE('',*,*,#6811,.F.);
#9930=ORIENTED_EDGE('',*,*,#6813,.F.);
#9931=ORIENTED_EDGE('',*,*,#6815,.F.);
#9932=ORIENTED_EDGE('',*,*,#6817,.F.);
#9933=ORIENTED_EDGE('',*,*,#6819,.F.);
#9934=ORIENTED_EDGE('',*,*,#6821,.F.);
#9935=ORIENTED_EDGE('',*,*,#6823,.F.);
#9936=ORIENTED_EDGE('',*,*,#6825,.F.);
#9937=ORIENTED_EDGE('',*,*,#6827,.F.);
#9938=ORIENTED_EDGE('',*,*,#6829,.F.);
#9939=ORIENTED_EDGE('',*,*,#6764,.T.);
#9940=ORIENTED_EDGE('',*,*,#6853,.F.);
#9941=ORIENTED_EDGE('',*,*,#6851,.T.);
#9942=ORIENTED_EDGE('',*,*,#6854,.T.);
#9943=ORIENTED_EDGE('',*,*,#6765,.T.);
#9944=ORIENTED_EDGE('',*,*,#6854,.F.);
#9945=ORIENTED_EDGE('',*,*,#6850,.T.);
#9946=ORIENTED_EDGE('',*,*,#6855,.T.);
#9947=ORIENTED_EDGE('',*,*,#6766,.T.);
#9948=ORIENTED_EDGE('',*,*,#6855,.F.);
#9949=ORIENTED_EDGE('',*,*,#6849,.T.);
#9950=ORIENTED_EDGE('',*,*,#6856,.T.);
#9951=ORIENTED_EDGE('',*,*,#6767,.T.);
#9952=ORIENTED_EDGE('',*,*,#6856,.F.);
#9953=ORIENTED_EDGE('',*,*,#6848,.T.);
#9954=ORIENTED_EDGE('',*,*,#6857,.T.);
#9955=ORIENTED_EDGE('',*,*,#6768,.T.);
#9956=ORIENTED_EDGE('',*,*,#6857,.F.);
#9957=ORIENTED_EDGE('',*,*,#6847,.T.);
#9958=ORIENTED_EDGE('',*,*,#6858,.T.);
#9959=ORIENTED_EDGE('',*,*,#6769,.T.);
#9960=ORIENTED_EDGE('',*,*,#6858,.F.);
#9961=ORIENTED_EDGE('',*,*,#6846,.T.);
#9962=ORIENTED_EDGE('',*,*,#6859,.T.);
#9963=ORIENTED_EDGE('',*,*,#6770,.T.);
#9964=ORIENTED_EDGE('',*,*,#6859,.F.);
#9965=ORIENTED_EDGE('',*,*,#6845,.T.);
#9966=ORIENTED_EDGE('',*,*,#6860,.T.);
#9967=ORIENTED_EDGE('',*,*,#6771,.T.);
#9968=ORIENTED_EDGE('',*,*,#6860,.F.);
#9969=ORIENTED_EDGE('',*,*,#6844,.T.);
#9970=ORIENTED_EDGE('',*,*,#6861,.T.);
#9971=ORIENTED_EDGE('',*,*,#6772,.T.);
#9972=ORIENTED_EDGE('',*,*,#6861,.F.);
#9973=ORIENTED_EDGE('',*,*,#6843,.T.);
#9974=ORIENTED_EDGE('',*,*,#6862,.T.);
#9975=ORIENTED_EDGE('',*,*,#6773,.T.);
#9976=ORIENTED_EDGE('',*,*,#6862,.F.);
#9977=ORIENTED_EDGE('',*,*,#6842,.T.);
#9978=ORIENTED_EDGE('',*,*,#6863,.T.);
#9979=ORIENTED_EDGE('',*,*,#6774,.T.);
#9980=ORIENTED_EDGE('',*,*,#6863,.F.);
#9981=ORIENTED_EDGE('',*,*,#6841,.T.);
#9982=ORIENTED_EDGE('',*,*,#6864,.T.);
#9983=ORIENTED_EDGE('',*,*,#6775,.T.);
#9984=ORIENTED_EDGE('',*,*,#6864,.F.);
#9985=ORIENTED_EDGE('',*,*,#6840,.T.);
#9986=ORIENTED_EDGE('',*,*,#6865,.T.);
#9987=ORIENTED_EDGE('',*,*,#6776,.T.);
#9988=ORIENTED_EDGE('',*,*,#6865,.F.);
#9989=ORIENTED_EDGE('',*,*,#6839,.T.);
#9990=ORIENTED_EDGE('',*,*,#6866,.T.);
#9991=ORIENTED_EDGE('',*,*,#6777,.T.);
#9992=ORIENTED_EDGE('',*,*,#6866,.F.);
#9993=ORIENTED_EDGE('',*,*,#6838,.T.);
#9994=ORIENTED_EDGE('',*,*,#6867,.T.);
#9995=ORIENTED_EDGE('',*,*,#6778,.T.);
#9996=ORIENTED_EDGE('',*,*,#6867,.F.);
#9997=ORIENTED_EDGE('',*,*,#6837,.T.);
#9998=ORIENTED_EDGE('',*,*,#6868,.T.);
#9999=ORIENTED_EDGE('',*,*,#6779,.T.);
#10000=ORIENTED_EDGE('',*,*,#6868,.F.);
#10001=ORIENTED_EDGE('',*,*,#6836,.T.);
#10002=ORIENTED_EDGE('',*,*,#6869,.T.);
#10003=ORIENTED_EDGE('',*,*,#6780,.T.);
#10004=ORIENTED_EDGE('',*,*,#6869,.F.);
#10005=ORIENTED_EDGE('',*,*,#6835,.T.);
#10006=ORIENTED_EDGE('',*,*,#6870,.T.);
#10007=ORIENTED_EDGE('',*,*,#6781,.T.);
#10008=ORIENTED_EDGE('',*,*,#6870,.F.);
#10009=ORIENTED_EDGE('',*,*,#6834,.T.);
#10010=ORIENTED_EDGE('',*,*,#6871,.T.);
#10011=ORIENTED_EDGE('',*,*,#6782,.T.);
#10012=ORIENTED_EDGE('',*,*,#6871,.F.);
#10013=ORIENTED_EDGE('',*,*,#6833,.T.);
#10014=ORIENTED_EDGE('',*,*,#6872,.T.);
#10015=ORIENTED_EDGE('',*,*,#6783,.T.);
#10016=ORIENTED_EDGE('',*,*,#6872,.F.);
#10017=ORIENTED_EDGE('',*,*,#6832,.T.);
#10018=ORIENTED_EDGE('',*,*,#6873,.T.);
#10019=ORIENTED_EDGE('',*,*,#6784,.T.);
#10020=ORIENTED_EDGE('',*,*,#6873,.F.);
#10021=ORIENTED_EDGE('',*,*,#6831,.T.);
#10022=ORIENTED_EDGE('',*,*,#6874,.T.);
#10023=ORIENTED_EDGE('',*,*,#6740,.T.);
#10024=ORIENTED_EDGE('',*,*,#6874,.F.);
#10025=ORIENTED_EDGE('',*,*,#6830,.T.);
#10026=ORIENTED_EDGE('',*,*,#6828,.T.);
#10027=ORIENTED_EDGE('',*,*,#6763,.T.);
#10028=ORIENTED_EDGE('',*,*,#6787,.F.);
#10029=ORIENTED_EDGE('',*,*,#6852,.T.);
#10030=ORIENTED_EDGE('',*,*,#6853,.T.);
#10031=PLANE('',#11126);
#10032=PLANE('',#11127);
#10033=PLANE('',#11128);
#10034=PLANE('',#11129);
#10035=PLANE('',#11130);
#10036=PLANE('',#11131);
#10037=PLANE('',#11132);
#10038=PLANE('',#11133);
#10039=PLANE('',#11134);
#10040=PLANE('',#11135);
#10041=PLANE('',#11136);
#10042=PLANE('',#11137);
#10043=PLANE('',#11138);
#10044=PLANE('',#11139);
#10045=PLANE('',#11140);
#10046=PLANE('',#11141);
#10047=PLANE('',#11142);
#10048=PLANE('',#11143);
#10049=PLANE('',#11144);
#10050=PLANE('',#11145);
#10051=PLANE('',#11146);
#10052=PLANE('',#11147);
#10053=PLANE('',#11148);
#10054=PLANE('',#11149);
#10055=PLANE('',#11150);
#10056=PLANE('',#11151);
#10057=PLANE('',#11152);
#10058=PLANE('',#11153);
#10059=PLANE('',#11154);
#10060=PLANE('',#11155);
#10061=PLANE('',#11156);
#10062=PLANE('',#11157);
#10063=PLANE('',#11158);
#10064=PLANE('',#11159);
#10065=PLANE('',#11160);
#10066=PLANE('',#11161);
#10067=PLANE('',#11162);
#10068=PLANE('',#11163);
#10069=PLANE('',#11164);
#10070=PLANE('',#11165);
#10071=PLANE('',#11166);
#10072=PLANE('',#11167);
#10073=PLANE('',#11168);
#10074=PLANE('',#11169);
#10075=PLANE('',#11170);
#10076=PLANE('',#11171);
#10077=PLANE('',#11172);
#10078=PLANE('',#11173);
#10079=PLANE('',#11174);
#10080=PLANE('',#11175);
#10081=PLANE('',#11176);
#10082=PLANE('',#11177);
#10083=PLANE('',#11178);
#10084=PLANE('',#11179);
#10085=PLANE('',#11180);
#10086=PLANE('',#11181);
#10087=PLANE('',#11182);
#10088=PLANE('',#11183);
#10089=PLANE('',#11184);
#10090=PLANE('',#11185);
#10091=PLANE('',#11186);
#10092=PLANE('',#11187);
#10093=PLANE('',#11188);
#10094=PLANE('',#11189);
#10095=PLANE('',#11190);
#10096=PLANE('',#11191);
#10097=PLANE('',#11192);
#10098=PLANE('',#11193);
#10099=PLANE('',#11194);
#10100=PLANE('',#11195);
#10101=PLANE('',#11196);
#10102=PLANE('',#11197);
#10103=PLANE('',#11198);
#10104=PLANE('',#11199);
#10105=PLANE('',#11200);
#10106=PLANE('',#11201);
#10107=PLANE('',#11202);
#10108=PLANE('',#11203);
#10109=PLANE('',#11204);
#10110=PLANE('',#11205);
#10111=PLANE('',#11206);
#10112=PLANE('',#11207);
#10113=PLANE('',#11208);
#10114=PLANE('',#11209);
#10115=PLANE('',#11210);
#10116=PLANE('',#11211);
#10117=PLANE('',#11212);
#10118=PLANE('',#11213);
#10119=PLANE('',#11214);
#10120=PLANE('',#11215);
#10121=PLANE('',#11216);
#10122=PLANE('',#11217);
#10123=PLANE('',#11218);
#10124=PLANE('',#11219);
#10125=PLANE('',#11220);
#10126=PLANE('',#11221);
#10127=PLANE('',#11222);
#10128=PLANE('',#11223);
#10129=PLANE('',#11224);
#10130=PLANE('',#11225);
#10131=PLANE('',#11226);
#10132=PLANE('',#11227);
#10133=PLANE('',#11228);
#10134=PLANE('',#11229);
#10135=PLANE('',#11230);
#10136=PLANE('',#11231);
#10137=PLANE('',#11235);
#10138=PLANE('',#11236);
#10139=PLANE('',#11237);
#10140=PLANE('',#11238);
#10141=PLANE('',#11239);
#10142=PLANE('',#11240);
#10143=PLANE('',#11241);
#10144=PLANE('',#11242);
#10145=PLANE('',#11243);
#10146=PLANE('',#11246);
#10147=PLANE('',#11247);
#10148=PLANE('',#11248);
#10149=PLANE('',#11249);
#10150=PLANE('',#11250);
#10151=PLANE('',#11251);
#10152=PLANE('',#11252);
#10153=PLANE('',#11253);
#10154=PLANE('',#11254);
#10155=PLANE('',#11255);
#10156=PLANE('',#11256);
#10157=PLANE('',#11257);
#10158=PLANE('',#11258);
#10159=PLANE('',#11259);
#10160=PLANE('',#11260);
#10161=PLANE('',#11261);
#10162=PLANE('',#11262);
#10163=PLANE('',#11263);
#10164=PLANE('',#11264);
#10165=PLANE('',#11265);
#10166=PLANE('',#11266);
#10167=PLANE('',#11269);
#10168=PLANE('',#11270);
#10169=PLANE('',#11271);
#10170=PLANE('',#11272);
#10171=PLANE('',#11273);
#10172=PLANE('',#11274);
#10173=PLANE('',#11275);
#10174=PLANE('',#11276);
#10175=PLANE('',#11277);
#10176=PLANE('',#11278);
#10177=PLANE('',#11279);
#10178=PLANE('',#11280);
#10179=PLANE('',#11281);
#10180=PLANE('',#11282);
#10181=PLANE('',#11283);
#10182=PLANE('',#11284);
#10183=PLANE('',#11285);
#10184=PLANE('',#11286);
#10185=PLANE('',#11288);
#10186=PLANE('',#11290);
#10187=PLANE('',#11291);
#10188=PLANE('',#11292);
#10189=PLANE('',#11293);
#10190=PLANE('',#11294);
#10191=PLANE('',#11301);
#10192=PLANE('',#11302);
#10193=PLANE('',#11303);
#10194=PLANE('',#11304);
#10195=PLANE('',#11305);
#10196=PLANE('',#11306);
#10197=PLANE('',#11307);
#10198=PLANE('',#11308);
#10199=PLANE('',#11309);
#10200=PLANE('',#11312);
#10201=PLANE('',#11313);
#10202=PLANE('',#11314);
#10203=PLANE('',#11317);
#10204=PLANE('',#11319);
#10205=PLANE('',#11320);
#10206=PLANE('',#11321);
#10207=PLANE('',#11322);
#10208=PLANE('',#11323);
#10209=PLANE('',#11324);
#10210=PLANE('',#11325);
#10211=PLANE('',#11326);
#10212=PLANE('',#11327);
#10213=PLANE('',#11328);
#10214=PLANE('',#11329);
#10215=PLANE('',#11334);
#10216=PLANE('',#11335);
#10217=PLANE('',#11336);
#10218=PLANE('',#11339);
#10219=PLANE('',#11340);
#10220=PLANE('',#11341);
#10221=PLANE('',#11342);
#10222=PLANE('',#11343);
#10223=PLANE('',#11344);
#10224=PLANE('',#11345);
#10225=PLANE('',#11346);
#10226=PLANE('',#11347);
#10227=PLANE('',#11348);
#10228=PLANE('',#11349);
#10229=PLANE('',#11350);
#10230=PLANE('',#11351);
#10231=PLANE('',#11352);
#10232=PLANE('',#11353);
#10233=PLANE('',#11354);
#10234=PLANE('',#11355);
#10235=PLANE('',#11359);
#10236=PLANE('',#11361);
#10237=PLANE('',#11362);
#10238=PLANE('',#11363);
#10239=PLANE('',#11364);
#10240=PLANE('',#11365);
#10241=PLANE('',#11366);
#10242=PLANE('',#11367);
#10243=PLANE('',#11368);
#10244=PLANE('',#11369);
#10245=PLANE('',#11370);
#10246=PLANE('',#11371);
#10247=PLANE('',#11372);
#10248=PLANE('',#11373);
#10249=PLANE('',#11374);
#10250=PLANE('',#11380);
#10251=PLANE('',#11381);
#10252=PLANE('',#11382);
#10253=PLANE('',#11383);
#10254=PLANE('',#11384);
#10255=PLANE('',#11385);
#10256=PLANE('',#11386);
#10257=PLANE('',#11387);
#10258=PLANE('',#11388);
#10259=PLANE('',#11389);
#10260=PLANE('',#11390);
#10261=PLANE('',#11391);
#10262=PLANE('',#11392);
#10263=PLANE('',#11393);
#10264=PLANE('',#11394);
#10265=PLANE('',#11395);
#10266=PLANE('',#11396);
#10267=PLANE('',#11397);
#10268=PLANE('',#11398);
#10269=PLANE('',#11401);
#10270=PLANE('',#11404);
#10271=PLANE('',#11408);
#10272=PLANE('',#11410);
#10273=PLANE('',#11411);
#10274=PLANE('',#11412);
#10275=PLANE('',#11413);
#10276=PLANE('',#11414);
#10277=PLANE('',#11415);
#10278=PLANE('',#11416);
#10279=PLANE('',#11417);
#10280=PLANE('',#11418);
#10281=PLANE('',#11419);
#10282=PLANE('',#11420);
#10283=PLANE('',#11421);
#10284=PLANE('',#11422);
#10285=PLANE('',#11423);
#10286=PLANE('',#11424);
#10287=PLANE('',#11425);
#10288=PLANE('',#11426);
#10289=PLANE('',#11427);
#10290=PLANE('',#11429);
#10291=PLANE('',#11431);
#10292=PLANE('',#11432);
#10293=PLANE('',#11433);
#10294=PLANE('',#11434);
#10295=PLANE('',#11435);
#10296=PLANE('',#11436);
#10297=PLANE('',#11437);
#10298=PLANE('',#11438);
#10299=PLANE('',#11439);
#10300=PLANE('',#11440);
#10301=PLANE('',#11441);
#10302=PLANE('',#11442);
#10303=PLANE('',#11443);
#10304=PLANE('',#11444);
#10305=PLANE('',#11445);
#10306=PLANE('',#11446);
#10307=PLANE('',#11447);
#10308=PLANE('',#11448);
#10309=PLANE('',#11449);
#10310=PLANE('',#11450);
#10311=PLANE('',#11451);
#10312=PLANE('',#11452);
#10313=PLANE('',#11453);
#10314=PLANE('',#11454);
#10315=PLANE('',#11455);
#10316=PLANE('',#11456);
#10317=PLANE('',#11457);
#10318=PLANE('',#11458);
#10319=PLANE('',#11459);
#10320=PLANE('',#11460);
#10321=PLANE('',#11461);
#10322=PLANE('',#11462);
#10323=PLANE('',#11463);
#10324=PLANE('',#11464);
#10325=PLANE('',#11465);
#10326=PLANE('',#11466);
#10327=PLANE('',#11467);
#10328=PLANE('',#11468);
#10329=PLANE('',#11469);
#10330=PLANE('',#11470);
#10331=PLANE('',#11471);
#10332=PLANE('',#11472);
#10333=PLANE('',#11473);
#10334=PLANE('',#11474);
#10335=PLANE('',#11475);
#10336=PLANE('',#11476);
#10337=PLANE('',#11477);
#10338=PLANE('',#11478);
#10339=PLANE('',#11479);
#10340=PLANE('',#11480);
#10341=PLANE('',#11481);
#10342=PLANE('',#11482);
#10343=PLANE('',#11483);
#10344=PLANE('',#11484);
#10345=PLANE('',#11485);
#10346=PLANE('',#11486);
#10347=PLANE('',#11487);
#10348=PLANE('',#11488);
#10349=PLANE('',#11489);
#10350=PLANE('',#11490);
#10351=PLANE('',#11491);
#10352=PLANE('',#11492);
#10353=PLANE('',#11493);
#10354=PLANE('',#11494);
#10355=PLANE('',#11495);
#10356=PLANE('',#11496);
#10357=PLANE('',#11497);
#10358=PLANE('',#11498);
#10359=PLANE('',#11499);
#10360=PLANE('',#11500);
#10361=PLANE('',#11501);
#10362=PLANE('',#11502);
#10363=PLANE('',#11503);
#10364=PLANE('',#11504);
#10365=PLANE('',#11505);
#10366=PLANE('',#11506);
#10367=PLANE('',#11507);
#10368=PLANE('',#11508);
#10369=PLANE('',#11509);
#10370=PLANE('',#11510);
#10371=PLANE('',#11511);
#10372=PLANE('',#11512);
#10373=PLANE('',#11513);
#10374=PLANE('',#11514);
#10375=PLANE('',#11515);
#10376=PLANE('',#11516);
#10377=PLANE('',#11517);
#10378=PLANE('',#11518);
#10379=PLANE('',#11519);
#10380=PLANE('',#11520);
#10381=PLANE('',#11521);
#10382=PLANE('',#11522);
#10383=PLANE('',#11523);
#10384=PLANE('',#11524);
#10385=PLANE('',#11525);
#10386=PLANE('',#11526);
#10387=PLANE('',#11527);
#10388=PLANE('',#11528);
#10389=PLANE('',#11529);
#10390=PLANE('',#11530);
#10391=PLANE('',#11531);
#10392=PLANE('',#11532);
#10393=PLANE('',#11533);
#10394=PLANE('',#11534);
#10395=PLANE('',#11535);
#10396=PLANE('',#11536);
#10397=PLANE('',#11540);
#10398=PLANE('',#11541);
#10399=PLANE('',#11542);
#10400=PLANE('',#11543);
#10401=PLANE('',#11544);
#10402=PLANE('',#11545);
#10403=PLANE('',#11546);
#10404=PLANE('',#11547);
#10405=PLANE('',#11548);
#10406=PLANE('',#11551);
#10407=PLANE('',#11552);
#10408=PLANE('',#11553);
#10409=PLANE('',#11554);
#10410=PLANE('',#11555);
#10411=PLANE('',#11556);
#10412=PLANE('',#11557);
#10413=PLANE('',#11558);
#10414=PLANE('',#11559);
#10415=PLANE('',#11560);
#10416=PLANE('',#11561);
#10417=PLANE('',#11562);
#10418=PLANE('',#11563);
#10419=PLANE('',#11564);
#10420=PLANE('',#11565);
#10421=PLANE('',#11566);
#10422=PLANE('',#11567);
#10423=PLANE('',#11568);
#10424=PLANE('',#11569);
#10425=PLANE('',#11570);
#10426=PLANE('',#11571);
#10427=PLANE('',#11574);
#10428=PLANE('',#11575);
#10429=PLANE('',#11576);
#10430=PLANE('',#11577);
#10431=PLANE('',#11578);
#10432=PLANE('',#11579);
#10433=PLANE('',#11580);
#10434=PLANE('',#11581);
#10435=PLANE('',#11582);
#10436=PLANE('',#11583);
#10437=PLANE('',#11584);
#10438=PLANE('',#11585);
#10439=PLANE('',#11586);
#10440=PLANE('',#11587);
#10441=PLANE('',#11588);
#10442=PLANE('',#11589);
#10443=PLANE('',#11590);
#10444=PLANE('',#11591);
#10445=PLANE('',#11593);
#10446=PLANE('',#11595);
#10447=PLANE('',#11596);
#10448=PLANE('',#11597);
#10449=PLANE('',#11598);
#10450=PLANE('',#11599);
#10451=PLANE('',#11606);
#10452=PLANE('',#11607);
#10453=PLANE('',#11608);
#10454=PLANE('',#11609);
#10455=PLANE('',#11610);
#10456=PLANE('',#11611);
#10457=PLANE('',#11612);
#10458=PLANE('',#11613);
#10459=PLANE('',#11614);
#10460=PLANE('',#11617);
#10461=PLANE('',#11618);
#10462=PLANE('',#11619);
#10463=PLANE('',#11622);
#10464=PLANE('',#11624);
#10465=PLANE('',#11625);
#10466=PLANE('',#11626);
#10467=PLANE('',#11627);
#10468=PLANE('',#11628);
#10469=PLANE('',#11629);
#10470=PLANE('',#11630);
#10471=PLANE('',#11631);
#10472=PLANE('',#11632);
#10473=PLANE('',#11633);
#10474=PLANE('',#11634);
#10475=PLANE('',#11639);
#10476=PLANE('',#11640);
#10477=PLANE('',#11641);
#10478=PLANE('',#11644);
#10479=PLANE('',#11645);
#10480=PLANE('',#11646);
#10481=PLANE('',#11647);
#10482=PLANE('',#11648);
#10483=PLANE('',#11649);
#10484=PLANE('',#11650);
#10485=PLANE('',#11651);
#10486=PLANE('',#11652);
#10487=PLANE('',#11653);
#10488=PLANE('',#11654);
#10489=PLANE('',#11655);
#10490=PLANE('',#11656);
#10491=PLANE('',#11657);
#10492=PLANE('',#11658);
#10493=PLANE('',#11659);
#10494=PLANE('',#11660);
#10495=PLANE('',#11664);
#10496=PLANE('',#11666);
#10497=PLANE('',#11667);
#10498=PLANE('',#11668);
#10499=PLANE('',#11669);
#10500=PLANE('',#11670);
#10501=PLANE('',#11671);
#10502=PLANE('',#11672);
#10503=PLANE('',#11673);
#10504=PLANE('',#11674);
#10505=PLANE('',#11675);
#10506=PLANE('',#11676);
#10507=PLANE('',#11677);
#10508=PLANE('',#11678);
#10509=PLANE('',#11679);
#10510=PLANE('',#11685);
#10511=PLANE('',#11686);
#10512=PLANE('',#11687);
#10513=PLANE('',#11688);
#10514=PLANE('',#11689);
#10515=PLANE('',#11690);
#10516=PLANE('',#11691);
#10517=PLANE('',#11692);
#10518=PLANE('',#11693);
#10519=PLANE('',#11694);
#10520=PLANE('',#11695);
#10521=PLANE('',#11696);
#10522=PLANE('',#11697);
#10523=PLANE('',#11698);
#10524=PLANE('',#11699);
#10525=PLANE('',#11700);
#10526=PLANE('',#11701);
#10527=PLANE('',#11702);
#10528=PLANE('',#11703);
#10529=PLANE('',#11706);
#10530=PLANE('',#11709);
#10531=PLANE('',#11713);
#10532=PLANE('',#11715);
#10533=PLANE('',#11716);
#10534=PLANE('',#11717);
#10535=PLANE('',#11718);
#10536=PLANE('',#11719);
#10537=PLANE('',#11720);
#10538=PLANE('',#11721);
#10539=PLANE('',#11722);
#10540=PLANE('',#11723);
#10541=PLANE('',#11724);
#10542=PLANE('',#11725);
#10543=PLANE('',#11726);
#10544=PLANE('',#11727);
#10545=PLANE('',#11728);
#10546=PLANE('',#11729);
#10547=PLANE('',#11730);
#10548=PLANE('',#11731);
#10549=PLANE('',#11732);
#10550=PLANE('',#11734);
#10551=ADVANCED_FACE('',(#113),#10031,.T.);
#10552=ADVANCED_FACE('',(#114),#10032,.T.);
#10553=ADVANCED_FACE('',(#115),#10033,.T.);
#10554=ADVANCED_FACE('',(#116),#10034,.T.);
#10555=ADVANCED_FACE('',(#117),#10035,.T.);
#10556=ADVANCED_FACE('',(#118),#10036,.T.);
#10557=ADVANCED_FACE('',(#119),#10037,.T.);
#10558=ADVANCED_FACE('',(#120),#10038,.T.);
#10559=ADVANCED_FACE('',(#121),#10039,.T.);
#10560=ADVANCED_FACE('',(#122),#10040,.T.);
#10561=ADVANCED_FACE('',(#123),#10041,.T.);
#10562=ADVANCED_FACE('',(#124),#10042,.T.);
#10563=ADVANCED_FACE('',(#125),#10043,.T.);
#10564=ADVANCED_FACE('',(#126),#10044,.T.);
#10565=ADVANCED_FACE('',(#127),#10045,.T.);
#10566=ADVANCED_FACE('',(#128),#10046,.T.);
#10567=ADVANCED_FACE('',(#129),#10047,.T.);
#10568=ADVANCED_FACE('',(#130),#10048,.T.);
#10569=ADVANCED_FACE('',(#131),#10049,.T.);
#10570=ADVANCED_FACE('',(#132),#10050,.T.);
#10571=ADVANCED_FACE('',(#133),#10051,.T.);
#10572=ADVANCED_FACE('',(#134),#10052,.T.);
#10573=ADVANCED_FACE('',(#135),#10053,.T.);
#10574=ADVANCED_FACE('',(#136),#10054,.T.);
#10575=ADVANCED_FACE('',(#137),#10055,.T.);
#10576=ADVANCED_FACE('',(#138),#10056,.T.);
#10577=ADVANCED_FACE('',(#139),#10057,.T.);
#10578=ADVANCED_FACE('',(#140),#10058,.T.);
#10579=ADVANCED_FACE('',(#141),#10059,.T.);
#10580=ADVANCED_FACE('',(#142),#10060,.T.);
#10581=ADVANCED_FACE('',(#143),#10061,.T.);
#10582=ADVANCED_FACE('',(#144),#10062,.T.);
#10583=ADVANCED_FACE('',(#145),#10063,.T.);
#10584=ADVANCED_FACE('',(#146),#10064,.T.);
#10585=ADVANCED_FACE('',(#147),#10065,.T.);
#10586=ADVANCED_FACE('',(#148),#10066,.T.);
#10587=ADVANCED_FACE('',(#149),#10067,.T.);
#10588=ADVANCED_FACE('',(#150),#10068,.T.);
#10589=ADVANCED_FACE('',(#151),#10069,.T.);
#10590=ADVANCED_FACE('',(#152),#10070,.T.);
#10591=ADVANCED_FACE('',(#153),#10071,.T.);
#10592=ADVANCED_FACE('',(#154),#10072,.T.);
#10593=ADVANCED_FACE('',(#155),#10073,.T.);
#10594=ADVANCED_FACE('',(#156),#10074,.T.);
#10595=ADVANCED_FACE('',(#157),#10075,.T.);
#10596=ADVANCED_FACE('',(#158),#10076,.T.);
#10597=ADVANCED_FACE('',(#159),#10077,.T.);
#10598=ADVANCED_FACE('',(#160),#10078,.T.);
#10599=ADVANCED_FACE('',(#161),#10079,.T.);
#10600=ADVANCED_FACE('',(#162),#10080,.T.);
#10601=ADVANCED_FACE('',(#163),#10081,.T.);
#10602=ADVANCED_FACE('',(#164),#10082,.T.);
#10603=ADVANCED_FACE('',(#165),#10083,.T.);
#10604=ADVANCED_FACE('',(#166),#10084,.T.);
#10605=ADVANCED_FACE('',(#167),#10085,.T.);
#10606=ADVANCED_FACE('',(#168),#10086,.T.);
#10607=ADVANCED_FACE('',(#169),#10087,.T.);
#10608=ADVANCED_FACE('',(#170),#10088,.T.);
#10609=ADVANCED_FACE('',(#171),#10089,.T.);
#10610=ADVANCED_FACE('',(#172),#10090,.T.);
#10611=ADVANCED_FACE('',(#173),#10091,.T.);
#10612=ADVANCED_FACE('',(#174),#10092,.T.);
#10613=ADVANCED_FACE('',(#175),#10093,.T.);
#10614=ADVANCED_FACE('',(#176),#10094,.T.);
#10615=ADVANCED_FACE('',(#177),#10095,.T.);
#10616=ADVANCED_FACE('',(#178),#10096,.T.);
#10617=ADVANCED_FACE('',(#179),#10097,.T.);
#10618=ADVANCED_FACE('',(#180),#10098,.T.);
#10619=ADVANCED_FACE('',(#181),#10099,.T.);
#10620=ADVANCED_FACE('',(#182),#10100,.T.);
#10621=ADVANCED_FACE('',(#183),#10101,.T.);
#10622=ADVANCED_FACE('',(#184),#10102,.T.);
#10623=ADVANCED_FACE('',(#185),#10103,.T.);
#10624=ADVANCED_FACE('',(#186),#10104,.T.);
#10625=ADVANCED_FACE('',(#187),#10105,.T.);
#10626=ADVANCED_FACE('',(#188),#10106,.T.);
#10627=ADVANCED_FACE('',(#189),#10107,.T.);
#10628=ADVANCED_FACE('',(#190),#10108,.T.);
#10629=ADVANCED_FACE('',(#191),#10109,.T.);
#10630=ADVANCED_FACE('',(#192),#10110,.T.);
#10631=ADVANCED_FACE('',(#193),#10111,.T.);
#10632=ADVANCED_FACE('',(#194),#10112,.T.);
#10633=ADVANCED_FACE('',(#195),#10113,.T.);
#10634=ADVANCED_FACE('',(#196),#10114,.T.);
#10635=ADVANCED_FACE('',(#197),#10115,.T.);
#10636=ADVANCED_FACE('',(#198),#10116,.T.);
#10637=ADVANCED_FACE('',(#199),#10117,.T.);
#10638=ADVANCED_FACE('',(#200),#10118,.T.);
#10639=ADVANCED_FACE('',(#201),#10119,.T.);
#10640=ADVANCED_FACE('',(#202),#10120,.T.);
#10641=ADVANCED_FACE('',(#203),#10121,.T.);
#10642=ADVANCED_FACE('',(#204),#10122,.T.);
#10643=ADVANCED_FACE('',(#205),#10123,.T.);
#10644=ADVANCED_FACE('',(#206),#10124,.T.);
#10645=ADVANCED_FACE('',(#207),#10125,.T.);
#10646=ADVANCED_FACE('',(#208),#10126,.T.);
#10647=ADVANCED_FACE('',(#209),#10127,.T.);
#10648=ADVANCED_FACE('',(#210),#10128,.T.);
#10649=ADVANCED_FACE('',(#211),#10129,.T.);
#10650=ADVANCED_FACE('',(#212),#10130,.T.);
#10651=ADVANCED_FACE('',(#213),#10131,.T.);
#10652=ADVANCED_FACE('',(#214),#10132,.T.);
#10653=ADVANCED_FACE('',(#215),#10133,.T.);
#10654=ADVANCED_FACE('',(#216),#10134,.T.);
#10655=ADVANCED_FACE('',(#217),#10135,.T.);
#10656=ADVANCED_FACE('',(#218),#10136,.T.);
#10657=ADVANCED_FACE('',(#219),#83,.T.);
#10658=ADVANCED_FACE('',(#220),#10137,.T.);
#10659=ADVANCED_FACE('',(#221),#10138,.T.);
#10660=ADVANCED_FACE('',(#222),#10139,.T.);
#10661=ADVANCED_FACE('',(#223),#10140,.T.);
#10662=ADVANCED_FACE('',(#224),#10141,.T.);
#10663=ADVANCED_FACE('',(#225),#10142,.T.);
#10664=ADVANCED_FACE('',(#226),#10143,.T.);
#10665=ADVANCED_FACE('',(#227),#10144,.F.);
#10666=ADVANCED_FACE('',(#228),#10145,.T.);
#10667=ADVANCED_FACE('',(#229),#10146,.T.);
#10668=ADVANCED_FACE('',(#230),#10147,.T.);
#10669=ADVANCED_FACE('',(#231),#10148,.T.);
#10670=ADVANCED_FACE('',(#232),#10149,.T.);
#10671=ADVANCED_FACE('',(#233),#10150,.T.);
#10672=ADVANCED_FACE('',(#234),#10151,.T.);
#10673=ADVANCED_FACE('',(#235),#10152,.T.);
#10674=ADVANCED_FACE('',(#236),#10153,.T.);
#10675=ADVANCED_FACE('',(#237),#10154,.T.);
#10676=ADVANCED_FACE('',(#238),#10155,.T.);
#10677=ADVANCED_FACE('',(#239),#10156,.T.);
#10678=ADVANCED_FACE('',(#240),#10157,.T.);
#10679=ADVANCED_FACE('',(#241),#10158,.T.);
#10680=ADVANCED_FACE('',(#242),#10159,.T.);
#10681=ADVANCED_FACE('',(#243),#10160,.T.);
#10682=ADVANCED_FACE('',(#244),#10161,.T.);
#10683=ADVANCED_FACE('',(#245),#10162,.T.);
#10684=ADVANCED_FACE('',(#246),#10163,.T.);
#10685=ADVANCED_FACE('',(#247),#10164,.T.);
#10686=ADVANCED_FACE('',(#248),#10165,.T.);
#10687=ADVANCED_FACE('',(#249),#10166,.F.);
#10688=ADVANCED_FACE('',(#250),#10167,.T.);
#10689=ADVANCED_FACE('',(#251),#10168,.T.);
#10690=ADVANCED_FACE('',(#252),#10169,.F.);
#10691=ADVANCED_FACE('',(#253),#10170,.T.);
#10692=ADVANCED_FACE('',(#254),#10171,.T.);
#10693=ADVANCED_FACE('',(#255),#10172,.T.);
#10694=ADVANCED_FACE('',(#256),#10173,.T.);
#10695=ADVANCED_FACE('',(#257),#10174,.T.);
#10696=ADVANCED_FACE('',(#258),#10175,.T.);
#10697=ADVANCED_FACE('',(#259),#10176,.T.);
#10698=ADVANCED_FACE('',(#260),#10177,.T.);
#10699=ADVANCED_FACE('',(#261),#10178,.T.);
#10700=ADVANCED_FACE('',(#262),#10179,.T.);
#10701=ADVANCED_FACE('',(#263),#10180,.T.);
#10702=ADVANCED_FACE('',(#264),#10181,.T.);
#10703=ADVANCED_FACE('',(#265),#10182,.T.);
#10704=ADVANCED_FACE('',(#266),#10183,.T.);
#10705=ADVANCED_FACE('',(#267),#10184,.T.);
#10706=ADVANCED_FACE('',(#268),#84,.F.);
#10707=ADVANCED_FACE('',(#269),#10185,.T.);
#10708=ADVANCED_FACE('',(#270),#85,.F.);
#10709=ADVANCED_FACE('',(#271),#10186,.T.);
#10710=ADVANCED_FACE('',(#272),#10187,.T.);
#10711=ADVANCED_FACE('',(#273),#10188,.T.);
#10712=ADVANCED_FACE('',(#274),#10189,.T.);
#10713=ADVANCED_FACE('',(#275),#10190,.T.);
#10714=ADVANCED_FACE('',(#276),#86,.F.);
#10715=ADVANCED_FACE('',(#277),#10191,.T.);
#10716=ADVANCED_FACE('',(#278),#10192,.T.);
#10717=ADVANCED_FACE('',(#279),#10193,.T.);
#10718=ADVANCED_FACE('',(#280),#10194,.T.);
#10719=ADVANCED_FACE('',(#281),#10195,.T.);
#10720=ADVANCED_FACE('',(#282),#10196,.T.);
#10721=ADVANCED_FACE('',(#283),#10197,.T.);
#10722=ADVANCED_FACE('',(#284),#10198,.T.);
#10723=ADVANCED_FACE('',(#285),#10199,.T.);
#10724=ADVANCED_FACE('',(#286),#87,.F.);
#10725=ADVANCED_FACE('',(#287),#10200,.T.);
#10726=ADVANCED_FACE('',(#288),#10201,.T.);
#10727=ADVANCED_FACE('',(#289),#10202,.F.);
#10728=ADVANCED_FACE('',(#290),#10203,.T.);
#10729=ADVANCED_FACE('',(#291),#88,.F.);
#10730=ADVANCED_FACE('',(#292),#10204,.T.);
#10731=ADVANCED_FACE('',(#293),#10205,.T.);
#10732=ADVANCED_FACE('',(#294),#10206,.T.);
#10733=ADVANCED_FACE('',(#295),#10207,.T.);
#10734=ADVANCED_FACE('',(#296),#10208,.T.);
#10735=ADVANCED_FACE('',(#297),#10209,.T.);
#10736=ADVANCED_FACE('',(#298),#10210,.T.);
#10737=ADVANCED_FACE('',(#299),#10211,.T.);
#10738=ADVANCED_FACE('',(#300),#10212,.T.);
#10739=ADVANCED_FACE('',(#301),#10213,.T.);
#10740=ADVANCED_FACE('',(#302),#10214,.T.);
#10741=ADVANCED_FACE('',(#303),#89,.T.);
#10742=ADVANCED_FACE('',(#304),#90,.F.);
#10743=ADVANCED_FACE('',(#305),#10215,.F.);
#10744=ADVANCED_FACE('',(#306),#10216,.T.);
#10745=ADVANCED_FACE('',(#307),#10217,.T.);
#10746=ADVANCED_FACE('',(#308),#10218,.T.);
#10747=ADVANCED_FACE('',(#309),#10219,.T.);
#10748=ADVANCED_FACE('',(#310),#10220,.T.);
#10749=ADVANCED_FACE('',(#311),#10221,.T.);
#10750=ADVANCED_FACE('',(#312),#10222,.T.);
#10751=ADVANCED_FACE('',(#313),#10223,.T.);
#10752=ADVANCED_FACE('',(#314),#10224,.T.);
#10753=ADVANCED_FACE('',(#315),#10225,.T.);
#10754=ADVANCED_FACE('',(#316),#10226,.T.);
#10755=ADVANCED_FACE('',(#317),#10227,.T.);
#10756=ADVANCED_FACE('',(#318),#10228,.T.);
#10757=ADVANCED_FACE('',(#319),#10229,.T.);
#10758=ADVANCED_FACE('',(#320),#10230,.T.);
#10759=ADVANCED_FACE('',(#321),#10231,.T.);
#10760=ADVANCED_FACE('',(#322),#10232,.T.);
#10761=ADVANCED_FACE('',(#323),#10233,.T.);
#10762=ADVANCED_FACE('',(#324),#10234,.F.);
#10763=ADVANCED_FACE('',(#325),#91,.F.);
#10764=ADVANCED_FACE('',(#326),#10235,.T.);
#10765=ADVANCED_FACE('',(#327),#92,.F.);
#10766=ADVANCED_FACE('',(#328),#10236,.T.);
#10767=ADVANCED_FACE('',(#329),#10237,.T.);
#10768=ADVANCED_FACE('',(#330),#10238,.T.);
#10769=ADVANCED_FACE('',(#331),#10239,.T.);
#10770=ADVANCED_FACE('',(#332),#10240,.T.);
#10771=ADVANCED_FACE('',(#333),#10241,.T.);
#10772=ADVANCED_FACE('',(#334),#10242,.T.);
#10773=ADVANCED_FACE('',(#335),#10243,.T.);
#10774=ADVANCED_FACE('',(#336),#10244,.T.);
#10775=ADVANCED_FACE('',(#337),#10245,.T.);
#10776=ADVANCED_FACE('',(#338),#10246,.T.);
#10777=ADVANCED_FACE('',(#339),#10247,.T.);
#10778=ADVANCED_FACE('',(#340),#10248,.T.);
#10779=ADVANCED_FACE('',(#341),#10249,.T.);
#10780=ADVANCED_FACE('',(#342),#10250,.T.);
#10781=ADVANCED_FACE('',(#343),#10251,.T.);
#10782=ADVANCED_FACE('',(#344),#10252,.T.);
#10783=ADVANCED_FACE('',(#345),#10253,.T.);
#10784=ADVANCED_FACE('',(#346),#10254,.T.);
#10785=ADVANCED_FACE('',(#347),#10255,.T.);
#10786=ADVANCED_FACE('',(#348),#10256,.T.);
#10787=ADVANCED_FACE('',(#349),#10257,.T.);
#10788=ADVANCED_FACE('',(#350),#10258,.T.);
#10789=ADVANCED_FACE('',(#351),#10259,.T.);
#10790=ADVANCED_FACE('',(#352),#10260,.T.);
#10791=ADVANCED_FACE('',(#353),#10261,.T.);
#10792=ADVANCED_FACE('',(#354),#10262,.T.);
#10793=ADVANCED_FACE('',(#355),#10263,.T.);
#10794=ADVANCED_FACE('',(#356),#10264,.T.);
#10795=ADVANCED_FACE('',(#357),#10265,.T.);
#10796=ADVANCED_FACE('',(#358),#10266,.T.);
#10797=ADVANCED_FACE('',(#359),#10267,.T.);
#10798=ADVANCED_FACE('',(#360),#10268,.T.);
#10799=ADVANCED_FACE('',(#361),#93,.F.);
#10800=ADVANCED_FACE('',(#362),#10269,.T.);
#10801=ADVANCED_FACE('',(#363),#94,.F.);
#10802=ADVANCED_FACE('',(#364),#10270,.F.);
#10803=ADVANCED_FACE('',(#365),#10271,.T.);
#10804=ADVANCED_FACE('',(#366),#95,.F.);
#10805=ADVANCED_FACE('',(#367),#10272,.T.);
#10806=ADVANCED_FACE('',(#368),#10273,.T.);
#10807=ADVANCED_FACE('',(#369),#10274,.T.);
#10808=ADVANCED_FACE('',(#370),#10275,.T.);
#10809=ADVANCED_FACE('',(#371),#10276,.T.);
#10810=ADVANCED_FACE('',(#372),#10277,.T.);
#10811=ADVANCED_FACE('',(#373),#10278,.T.);
#10812=ADVANCED_FACE('',(#374),#10279,.T.);
#10813=ADVANCED_FACE('',(#375),#10280,.T.);
#10814=ADVANCED_FACE('',(#376),#10281,.T.);
#10815=ADVANCED_FACE('',(#377),#10282,.T.);
#10816=ADVANCED_FACE('',(#378),#10283,.T.);
#10817=ADVANCED_FACE('',(#379),#10284,.T.);
#10818=ADVANCED_FACE('',(#380),#10285,.T.);
#10819=ADVANCED_FACE('',(#381),#10286,.T.);
#10820=ADVANCED_FACE('',(#382),#10287,.T.);
#10821=ADVANCED_FACE('',(#383),#10288,.T.);
#10822=ADVANCED_FACE('',(#384),#10289,.T.);
#10823=ADVANCED_FACE('',(#385),#96,.F.);
#10824=ADVANCED_FACE('',(#386),#10290,.T.);
#10825=ADVANCED_FACE('',(#387),#97,.F.);
#10826=ADVANCED_FACE('',(#388),#10291,.T.);
#10827=ADVANCED_FACE('',(#389),#10292,.T.);
#10828=ADVANCED_FACE('',(#390),#10293,.T.);
#10829=ADVANCED_FACE('',(#391),#10294,.T.);
#10830=ADVANCED_FACE('',(#392),#10295,.T.);
#10831=ADVANCED_FACE('',(#393),#10296,.T.);
#10832=ADVANCED_FACE('',(#394),#10297,.T.);
#10833=ADVANCED_FACE('',(#395),#10298,.T.);
#10834=ADVANCED_FACE('',(#396),#10299,.T.);
#10835=ADVANCED_FACE('',(#397),#10300,.T.);
#10836=ADVANCED_FACE('',(#398),#10301,.T.);
#10837=ADVANCED_FACE('',(#399),#10302,.T.);
#10838=ADVANCED_FACE('',(#400),#10303,.T.);
#10839=ADVANCED_FACE('',(#401),#10304,.T.);
#10840=ADVANCED_FACE('',(#402),#10305,.T.);
#10841=ADVANCED_FACE('',(#403),#10306,.T.);
#10842=ADVANCED_FACE('',(#404),#10307,.T.);
#10843=ADVANCED_FACE('',(#405),#10308,.T.);
#10844=ADVANCED_FACE('',(#406),#10309,.T.);
#10845=ADVANCED_FACE('',(#407),#10310,.T.);
#10846=ADVANCED_FACE('',(#408),#10311,.T.);
#10847=ADVANCED_FACE('',(#409),#10312,.T.);
#10848=ADVANCED_FACE('',(#410),#10313,.T.);
#10849=ADVANCED_FACE('',(#411),#10314,.T.);
#10850=ADVANCED_FACE('',(#412),#10315,.T.);
#10851=ADVANCED_FACE('',(#413),#10316,.T.);
#10852=ADVANCED_FACE('',(#414),#10317,.T.);
#10853=ADVANCED_FACE('',(#415),#10318,.T.);
#10854=ADVANCED_FACE('',(#416),#10319,.T.);
#10855=ADVANCED_FACE('',(#417),#10320,.T.);
#10856=ADVANCED_FACE('',(#418),#10321,.T.);
#10857=ADVANCED_FACE('',(#419),#10322,.T.);
#10858=ADVANCED_FACE('',(#420),#10323,.T.);
#10859=ADVANCED_FACE('',(#421),#10324,.T.);
#10860=ADVANCED_FACE('',(#422),#10325,.T.);
#10861=ADVANCED_FACE('',(#423),#10326,.T.);
#10862=ADVANCED_FACE('',(#424),#10327,.T.);
#10863=ADVANCED_FACE('',(#425),#10328,.T.);
#10864=ADVANCED_FACE('',(#426),#10329,.T.);
#10865=ADVANCED_FACE('',(#427),#10330,.T.);
#10866=ADVANCED_FACE('',(#428),#10331,.T.);
#10867=ADVANCED_FACE('',(#429),#10332,.T.);
#10868=ADVANCED_FACE('',(#430),#10333,.T.);
#10869=ADVANCED_FACE('',(#431),#10334,.T.);
#10870=ADVANCED_FACE('',(#432),#10335,.T.);
#10871=ADVANCED_FACE('',(#433),#10336,.T.);
#10872=ADVANCED_FACE('',(#434),#10337,.T.);
#10873=ADVANCED_FACE('',(#435),#10338,.T.);
#10874=ADVANCED_FACE('',(#436),#10339,.T.);
#10875=ADVANCED_FACE('',(#437),#10340,.T.);
#10876=ADVANCED_FACE('',(#438),#10341,.T.);
#10877=ADVANCED_FACE('',(#439),#10342,.T.);
#10878=ADVANCED_FACE('',(#440),#10343,.T.);
#10879=ADVANCED_FACE('',(#441),#10344,.T.);
#10880=ADVANCED_FACE('',(#442),#10345,.T.);
#10881=ADVANCED_FACE('',(#443),#10346,.T.);
#10882=ADVANCED_FACE('',(#444),#10347,.T.);
#10883=ADVANCED_FACE('',(#445),#10348,.T.);
#10884=ADVANCED_FACE('',(#446),#10349,.T.);
#10885=ADVANCED_FACE('',(#447),#10350,.T.);
#10886=ADVANCED_FACE('',(#448),#10351,.T.);
#10887=ADVANCED_FACE('',(#449),#10352,.T.);
#10888=ADVANCED_FACE('',(#450),#10353,.T.);
#10889=ADVANCED_FACE('',(#451),#10354,.T.);
#10890=ADVANCED_FACE('',(#452),#10355,.T.);
#10891=ADVANCED_FACE('',(#453),#10356,.T.);
#10892=ADVANCED_FACE('',(#454),#10357,.T.);
#10893=ADVANCED_FACE('',(#455),#10358,.T.);
#10894=ADVANCED_FACE('',(#456),#10359,.T.);
#10895=ADVANCED_FACE('',(#457),#10360,.T.);
#10896=ADVANCED_FACE('',(#458),#10361,.T.);
#10897=ADVANCED_FACE('',(#459),#10362,.T.);
#10898=ADVANCED_FACE('',(#460),#10363,.T.);
#10899=ADVANCED_FACE('',(#461),#10364,.T.);
#10900=ADVANCED_FACE('',(#462),#10365,.T.);
#10901=ADVANCED_FACE('',(#463),#10366,.T.);
#10902=ADVANCED_FACE('',(#464),#10367,.T.);
#10903=ADVANCED_FACE('',(#465),#10368,.T.);
#10904=ADVANCED_FACE('',(#466),#10369,.T.);
#10905=ADVANCED_FACE('',(#467),#10370,.T.);
#10906=ADVANCED_FACE('',(#468),#10371,.T.);
#10907=ADVANCED_FACE('',(#469),#10372,.T.);
#10908=ADVANCED_FACE('',(#470),#10373,.T.);
#10909=ADVANCED_FACE('',(#471),#10374,.T.);
#10910=ADVANCED_FACE('',(#472),#10375,.T.);
#10911=ADVANCED_FACE('',(#473),#10376,.T.);
#10912=ADVANCED_FACE('',(#474),#10377,.T.);
#10913=ADVANCED_FACE('',(#475),#10378,.T.);
#10914=ADVANCED_FACE('',(#476),#10379,.T.);
#10915=ADVANCED_FACE('',(#477),#10380,.T.);
#10916=ADVANCED_FACE('',(#478),#10381,.T.);
#10917=ADVANCED_FACE('',(#479),#10382,.T.);
#10918=ADVANCED_FACE('',(#480),#10383,.T.);
#10919=ADVANCED_FACE('',(#481),#10384,.T.);
#10920=ADVANCED_FACE('',(#482),#10385,.T.);
#10921=ADVANCED_FACE('',(#483),#10386,.T.);
#10922=ADVANCED_FACE('',(#484),#10387,.T.);
#10923=ADVANCED_FACE('',(#485),#10388,.T.);
#10924=ADVANCED_FACE('',(#486),#10389,.T.);
#10925=ADVANCED_FACE('',(#487),#10390,.T.);
#10926=ADVANCED_FACE('',(#488),#10391,.T.);
#10927=ADVANCED_FACE('',(#489),#10392,.T.);
#10928=ADVANCED_FACE('',(#490),#10393,.T.);
#10929=ADVANCED_FACE('',(#491),#10394,.T.);
#10930=ADVANCED_FACE('',(#492),#10395,.T.);
#10931=ADVANCED_FACE('',(#493),#10396,.T.);
#10932=ADVANCED_FACE('',(#494),#98,.T.);
#10933=ADVANCED_FACE('',(#495),#10397,.T.);
#10934=ADVANCED_FACE('',(#496),#10398,.T.);
#10935=ADVANCED_FACE('',(#497),#10399,.T.);
#10936=ADVANCED_FACE('',(#498),#10400,.T.);
#10937=ADVANCED_FACE('',(#499),#10401,.T.);
#10938=ADVANCED_FACE('',(#500),#10402,.T.);
#10939=ADVANCED_FACE('',(#501),#10403,.T.);
#10940=ADVANCED_FACE('',(#502),#10404,.F.);
#10941=ADVANCED_FACE('',(#503),#10405,.T.);
#10942=ADVANCED_FACE('',(#504),#10406,.T.);
#10943=ADVANCED_FACE('',(#505),#10407,.T.);
#10944=ADVANCED_FACE('',(#506),#10408,.T.);
#10945=ADVANCED_FACE('',(#507),#10409,.T.);
#10946=ADVANCED_FACE('',(#508),#10410,.T.);
#10947=ADVANCED_FACE('',(#509),#10411,.T.);
#10948=ADVANCED_FACE('',(#510),#10412,.T.);
#10949=ADVANCED_FACE('',(#511),#10413,.T.);
#10950=ADVANCED_FACE('',(#512),#10414,.T.);
#10951=ADVANCED_FACE('',(#513),#10415,.T.);
#10952=ADVANCED_FACE('',(#514),#10416,.T.);
#10953=ADVANCED_FACE('',(#515),#10417,.T.);
#10954=ADVANCED_FACE('',(#516),#10418,.T.);
#10955=ADVANCED_FACE('',(#517),#10419,.T.);
#10956=ADVANCED_FACE('',(#518),#10420,.T.);
#10957=ADVANCED_FACE('',(#519),#10421,.T.);
#10958=ADVANCED_FACE('',(#520),#10422,.T.);
#10959=ADVANCED_FACE('',(#521),#10423,.T.);
#10960=ADVANCED_FACE('',(#522),#10424,.T.);
#10961=ADVANCED_FACE('',(#523),#10425,.T.);
#10962=ADVANCED_FACE('',(#524),#10426,.F.);
#10963=ADVANCED_FACE('',(#525),#10427,.T.);
#10964=ADVANCED_FACE('',(#526),#10428,.T.);
#10965=ADVANCED_FACE('',(#527),#10429,.F.);
#10966=ADVANCED_FACE('',(#528),#10430,.T.);
#10967=ADVANCED_FACE('',(#529),#10431,.T.);
#10968=ADVANCED_FACE('',(#530),#10432,.T.);
#10969=ADVANCED_FACE('',(#531),#10433,.T.);
#10970=ADVANCED_FACE('',(#532),#10434,.T.);
#10971=ADVANCED_FACE('',(#533),#10435,.T.);
#10972=ADVANCED_FACE('',(#534),#10436,.T.);
#10973=ADVANCED_FACE('',(#535),#10437,.T.);
#10974=ADVANCED_FACE('',(#536),#10438,.T.);
#10975=ADVANCED_FACE('',(#537),#10439,.T.);
#10976=ADVANCED_FACE('',(#538),#10440,.T.);
#10977=ADVANCED_FACE('',(#539),#10441,.T.);
#10978=ADVANCED_FACE('',(#540),#10442,.T.);
#10979=ADVANCED_FACE('',(#541),#10443,.T.);
#10980=ADVANCED_FACE('',(#542),#10444,.T.);
#10981=ADVANCED_FACE('',(#543),#99,.F.);
#10982=ADVANCED_FACE('',(#544),#10445,.T.);
#10983=ADVANCED_FACE('',(#545),#100,.F.);
#10984=ADVANCED_FACE('',(#546),#10446,.T.);
#10985=ADVANCED_FACE('',(#547),#10447,.T.);
#10986=ADVANCED_FACE('',(#548),#10448,.T.);
#10987=ADVANCED_FACE('',(#549),#10449,.T.);
#10988=ADVANCED_FACE('',(#550),#10450,.T.);
#10989=ADVANCED_FACE('',(#551),#101,.F.);
#10990=ADVANCED_FACE('',(#552),#10451,.T.);
#10991=ADVANCED_FACE('',(#553),#10452,.T.);
#10992=ADVANCED_FACE('',(#554),#10453,.T.);
#10993=ADVANCED_FACE('',(#555),#10454,.T.);
#10994=ADVANCED_FACE('',(#556),#10455,.T.);
#10995=ADVANCED_FACE('',(#557),#10456,.T.);
#10996=ADVANCED_FACE('',(#558),#10457,.T.);
#10997=ADVANCED_FACE('',(#559),#10458,.T.);
#10998=ADVANCED_FACE('',(#560),#10459,.T.);
#10999=ADVANCED_FACE('',(#561),#102,.F.);
#11000=ADVANCED_FACE('',(#562),#10460,.T.);
#11001=ADVANCED_FACE('',(#563),#10461,.T.);
#11002=ADVANCED_FACE('',(#564),#10462,.F.);
#11003=ADVANCED_FACE('',(#565),#10463,.T.);
#11004=ADVANCED_FACE('',(#566),#103,.F.);
#11005=ADVANCED_FACE('',(#567),#10464,.T.);
#11006=ADVANCED_FACE('',(#568),#10465,.T.);
#11007=ADVANCED_FACE('',(#569),#10466,.T.);
#11008=ADVANCED_FACE('',(#570),#10467,.T.);
#11009=ADVANCED_FACE('',(#571),#10468,.T.);
#11010=ADVANCED_FACE('',(#572),#10469,.T.);
#11011=ADVANCED_FACE('',(#573),#10470,.T.);
#11012=ADVANCED_FACE('',(#574),#10471,.T.);
#11013=ADVANCED_FACE('',(#575),#10472,.T.);
#11014=ADVANCED_FACE('',(#576),#10473,.T.);
#11015=ADVANCED_FACE('',(#577),#10474,.T.);
#11016=ADVANCED_FACE('',(#578),#104,.T.);
#11017=ADVANCED_FACE('',(#579),#105,.F.);
#11018=ADVANCED_FACE('',(#580),#10475,.F.);
#11019=ADVANCED_FACE('',(#581),#10476,.T.);
#11020=ADVANCED_FACE('',(#582),#10477,.T.);
#11021=ADVANCED_FACE('',(#583),#10478,.T.);
#11022=ADVANCED_FACE('',(#584),#10479,.T.);
#11023=ADVANCED_FACE('',(#585),#10480,.T.);
#11024=ADVANCED_FACE('',(#586),#10481,.T.);
#11025=ADVANCED_FACE('',(#587),#10482,.T.);
#11026=ADVANCED_FACE('',(#588),#10483,.T.);
#11027=ADVANCED_FACE('',(#589),#10484,.T.);
#11028=ADVANCED_FACE('',(#590),#10485,.T.);
#11029=ADVANCED_FACE('',(#591),#10486,.T.);
#11030=ADVANCED_FACE('',(#592),#10487,.T.);
#11031=ADVANCED_FACE('',(#593),#10488,.T.);
#11032=ADVANCED_FACE('',(#594),#10489,.T.);
#11033=ADVANCED_FACE('',(#595),#10490,.T.);
#11034=ADVANCED_FACE('',(#596),#10491,.T.);
#11035=ADVANCED_FACE('',(#597),#10492,.T.);
#11036=ADVANCED_FACE('',(#598),#10493,.T.);
#11037=ADVANCED_FACE('',(#599),#10494,.F.);
#11038=ADVANCED_FACE('',(#600),#106,.F.);
#11039=ADVANCED_FACE('',(#601),#10495,.T.);
#11040=ADVANCED_FACE('',(#602),#107,.F.);
#11041=ADVANCED_FACE('',(#603),#10496,.T.);
#11042=ADVANCED_FACE('',(#604),#10497,.T.);
#11043=ADVANCED_FACE('',(#605),#10498,.T.);
#11044=ADVANCED_FACE('',(#606),#10499,.T.);
#11045=ADVANCED_FACE('',(#607),#10500,.T.);
#11046=ADVANCED_FACE('',(#608),#10501,.T.);
#11047=ADVANCED_FACE('',(#609),#10502,.T.);
#11048=ADVANCED_FACE('',(#610),#10503,.T.);
#11049=ADVANCED_FACE('',(#611),#10504,.T.);
#11050=ADVANCED_FACE('',(#612),#10505,.T.);
#11051=ADVANCED_FACE('',(#613),#10506,.T.);
#11052=ADVANCED_FACE('',(#614),#10507,.T.);
#11053=ADVANCED_FACE('',(#615),#10508,.T.);
#11054=ADVANCED_FACE('',(#616),#10509,.T.);
#11055=ADVANCED_FACE('',(#617),#10510,.T.);
#11056=ADVANCED_FACE('',(#618),#10511,.T.);
#11057=ADVANCED_FACE('',(#619),#10512,.T.);
#11058=ADVANCED_FACE('',(#620),#10513,.T.);
#11059=ADVANCED_FACE('',(#621),#10514,.T.);
#11060=ADVANCED_FACE('',(#622),#10515,.T.);
#11061=ADVANCED_FACE('',(#623),#10516,.T.);
#11062=ADVANCED_FACE('',(#624),#10517,.T.);
#11063=ADVANCED_FACE('',(#625),#10518,.T.);
#11064=ADVANCED_FACE('',(#626),#10519,.T.);
#11065=ADVANCED_FACE('',(#627),#10520,.T.);
#11066=ADVANCED_FACE('',(#628),#10521,.T.);
#11067=ADVANCED_FACE('',(#629),#10522,.T.);
#11068=ADVANCED_FACE('',(#630),#10523,.T.);
#11069=ADVANCED_FACE('',(#631),#10524,.T.);
#11070=ADVANCED_FACE('',(#632),#10525,.T.);
#11071=ADVANCED_FACE('',(#633),#10526,.T.);
#11072=ADVANCED_FACE('',(#634),#10527,.T.);
#11073=ADVANCED_FACE('',(#635),#10528,.T.);
#11074=ADVANCED_FACE('',(#636),#108,.F.);
#11075=ADVANCED_FACE('',(#637),#10529,.T.);
#11076=ADVANCED_FACE('',(#638),#109,.F.);
#11077=ADVANCED_FACE('',(#639),#10530,.F.);
#11078=ADVANCED_FACE('',(#640),#10531,.T.);
#11079=ADVANCED_FACE('',(#641),#110,.F.);
#11080=ADVANCED_FACE('',(#642),#10532,.T.);
#11081=ADVANCED_FACE('',(#643),#10533,.T.);
#11082=ADVANCED_FACE('',(#644),#10534,.T.);
#11083=ADVANCED_FACE('',(#645),#10535,.T.);
#11084=ADVANCED_FACE('',(#646),#10536,.T.);
#11085=ADVANCED_FACE('',(#647),#10537,.T.);
#11086=ADVANCED_FACE('',(#648),#10538,.T.);
#11087=ADVANCED_FACE('',(#649),#10539,.T.);
#11088=ADVANCED_FACE('',(#650),#10540,.T.);
#11089=ADVANCED_FACE('',(#651),#10541,.T.);
#11090=ADVANCED_FACE('',(#652),#10542,.T.);
#11091=ADVANCED_FACE('',(#653),#10543,.T.);
#11092=ADVANCED_FACE('',(#654),#10544,.T.);
#11093=ADVANCED_FACE('',(#655),#10545,.T.);
#11094=ADVANCED_FACE('',(#656),#10546,.T.);
#11095=ADVANCED_FACE('',(#657),#10547,.T.);
#11096=ADVANCED_FACE('',(#658),#10548,.T.);
#11097=ADVANCED_FACE('',(#659),#10549,.T.);
#11098=ADVANCED_FACE('',(#660),#111,.F.);
#11099=ADVANCED_FACE('',(#661),#10550,.T.);
#11100=ADVANCED_FACE('',(#662),#112,.F.);
#11101=CLOSED_SHELL('',(#10551,#10552,#10553,#10554,#10555,#10556,#10557,
#10558,#10559,#10560,#10561,#10562,#10563,#10564,#10565,#10566,#10567,#10568,
#10569,#10570,#10571,#10572,#10573,#10574,#10575,#10576,#10577,#10578,#10579,
#10580,#10581,#10582,#10583,#10584,#10585,#10586,#10587,#10588,#10589,#10590,
#10591,#10592,#10593,#10594,#10595,#10596,#10597,#10598,#10599,#10600,#10601,
#10602,#10603,#10604,#10605,#10606,#10607,#10608,#10609,#10610,#10611,#10612,
#10613,#10614,#10615,#10616,#10617,#10618,#10619,#10620,#10621,#10622,#10623,
#10624,#10625,#10626,#10627,#10628,#10629,#10630,#10631,#10632,#10633,#10634,
#10635,#10636,#10637,#10638,#10639,#10640,#10641,#10642,#10643,#10644,#10645,
#10646,#10647,#10648,#10649,#10650,#10651,#10652,#10653,#10654,#10655,#10656,
#10657,#10658,#10659,#10660,#10661,#10662,#10663,#10664,#10665));
#11102=CLOSED_SHELL('',(#10666,#10667,#10668,#10669,#10670,#10671,#10672,
#10673,#10674,#10675,#10676,#10677,#10678,#10679,#10680,#10681,#10682,#10683,
#10684,#10685,#10686,#10687,#10688,#10689,#10690,#10691,#10692,#10693,#10694,
#10695,#10696,#10697,#10698,#10699,#10700,#10701,#10702,#10703,#10704,#10705,
#10706,#10707,#10708,#10709,#10710,#10711,#10712));
#11103=CLOSED_SHELL('',(#10713,#10714,#10715,#10716,#10717,#10718,#10719,
#10720,#10721,#10722,#10723,#10724,#10725,#10726,#10727,#10728,#10729,#10730,
#10731,#10732,#10733,#10734,#10735,#10736,#10737,#10738,#10739,#10740,#10741,
#10742,#10743,#10744));
#11104=CLOSED_SHELL('',(#10745,#10746,#10747,#10748,#10749,#10750,#10751,
#10752,#10753,#10754,#10755,#10756,#10757,#10758,#10759,#10760,#10761,#10762,
#10763,#10764,#10765,#10766,#10767,#10768,#10769,#10770,#10771,#10772,#10773,
#10774,#10775,#10776,#10777,#10778));
#11105=CLOSED_SHELL('',(#10779,#10780,#10781,#10782,#10783,#10784,#10785,
#10786,#10787,#10788,#10789,#10790,#10791,#10792,#10793,#10794,#10795,#10796,
#10797,#10798,#10799,#10800,#10801,#10802,#10803,#10804,#10805,#10806,#10807,
#10808,#10809,#10810,#10811,#10812,#10813,#10814,#10815,#10816,#10817,#10818,
#10819,#10820,#10821,#10822,#10823,#10824,#10825));
#11106=CLOSED_SHELL('',(#10826,#10827,#10828,#10829,#10830,#10831,#10832,
#10833,#10834,#10835,#10836,#10837,#10838,#10839,#10840,#10841,#10842,#10843,
#10844,#10845,#10846,#10847,#10848,#10849,#10850,#10851,#10852,#10853,#10854,
#10855,#10856,#10857,#10858,#10859,#10860,#10861,#10862,#10863,#10864,#10865,
#10866,#10867,#10868,#10869,#10870,#10871,#10872,#10873,#10874,#10875,#10876,
#10877,#10878,#10879,#10880,#10881,#10882,#10883,#10884,#10885,#10886,#10887,
#10888,#10889,#10890,#10891,#10892,#10893,#10894,#10895,#10896,#10897,#10898,
#10899,#10900,#10901,#10902,#10903,#10904,#10905,#10906,#10907,#10908,#10909,
#10910,#10911,#10912,#10913,#10914,#10915,#10916,#10917,#10918,#10919,#10920,
#10921,#10922,#10923,#10924,#10925,#10926,#10927,#10928,#10929,#10930,#10931,
#10932,#10933,#10934,#10935,#10936,#10937,#10938,#10939,#10940));
#11107=CLOSED_SHELL('',(#10941,#10942,#10943,#10944,#10945,#10946,#10947,
#10948,#10949,#10950,#10951,#10952,#10953,#10954,#10955,#10956,#10957,#10958,
#10959,#10960,#10961,#10962,#10963,#10964,#10965,#10966,#10967,#10968,#10969,
#10970,#10971,#10972,#10973,#10974,#10975,#10976,#10977,#10978,#10979,#10980,
#10981,#10982,#10983,#10984,#10985,#10986,#10987));
#11108=CLOSED_SHELL('',(#10988,#10989,#10990,#10991,#10992,#10993,#10994,
#10995,#10996,#10997,#10998,#10999,#11000,#11001,#11002,#11003,#11004,#11005,
#11006,#11007,#11008,#11009,#11010,#11011,#11012,#11013,#11014,#11015,#11016,
#11017,#11018,#11019));
#11109=CLOSED_SHELL('',(#11020,#11021,#11022,#11023,#11024,#11025,#11026,
#11027,#11028,#11029,#11030,#11031,#11032,#11033,#11034,#11035,#11036,#11037,
#11038,#11039,#11040,#11041,#11042,#11043,#11044,#11045,#11046,#11047,#11048,
#11049,#11050,#11051,#11052,#11053));
#11110=CLOSED_SHELL('',(#11054,#11055,#11056,#11057,#11058,#11059,#11060,
#11061,#11062,#11063,#11064,#11065,#11066,#11067,#11068,#11069,#11070,#11071,
#11072,#11073,#11074,#11075,#11076,#11077,#11078,#11079,#11080,#11081,#11082,
#11083,#11084,#11085,#11086,#11087,#11088,#11089,#11090,#11091,#11092,#11093,
#11094,#11095,#11096,#11097,#11098,#11099,#11100));
#11111=BREP_WITH_VOIDS('Corpo1',#11101,(#15,#16,#17,#18));
#11112=BREP_WITH_VOIDS('Corpo4',#11106,(#19,#20,#21,#22));
#11113=DERIVED_UNIT_ELEMENT(#11115,1.);
#11114=DERIVED_UNIT_ELEMENT(#17658,-3.);
#11115=(
MASS_UNIT()
NAMED_UNIT(*)
SI_UNIT(.KILO.,.GRAM.)
);
#11116=DERIVED_UNIT((#11113,#11114));
#11117=MEASURE_REPRESENTATION_ITEM('density measure',
POSITIVE_RATIO_MEASURE(7850.),#11116);
#11118=PROPERTY_DEFINITION_REPRESENTATION(#11123,#11120);
#11119=PROPERTY_DEFINITION_REPRESENTATION(#11124,#11121);
#11120=REPRESENTATION('material name',(#11122),#17655);
#11121=REPRESENTATION('density',(#11117),#17655);
#11122=DESCRIPTIVE_REPRESENTATION_ITEM('Acciaio','Acciaio');
#11123=PROPERTY_DEFINITION('material property','material name',#17665);
#11124=PROPERTY_DEFINITION('material property','density of part',#17665);
#11125=AXIS2_PLACEMENT_3D('',#14476,#11736,#11737);
#11126=AXIS2_PLACEMENT_3D('',#14477,#11738,#11739);
#11127=AXIS2_PLACEMENT_3D('',#14486,#11744,#11745);
#11128=AXIS2_PLACEMENT_3D('',#14492,#11749,#11750);
#11129=AXIS2_PLACEMENT_3D('',#14498,#11754,#11755);
#11130=AXIS2_PLACEMENT_3D('',#14504,#11759,#11760);
#11131=AXIS2_PLACEMENT_3D('',#14510,#11764,#11765);
#11132=AXIS2_PLACEMENT_3D('',#14516,#11769,#11770);
#11133=AXIS2_PLACEMENT_3D('',#14522,#11774,#11775);
#11134=AXIS2_PLACEMENT_3D('',#14528,#11779,#11780);
#11135=AXIS2_PLACEMENT_3D('',#14534,#11784,#11785);
#11136=AXIS2_PLACEMENT_3D('',#14540,#11789,#11790);
#11137=AXIS2_PLACEMENT_3D('',#14546,#11794,#11795);
#11138=AXIS2_PLACEMENT_3D('',#14552,#11799,#11800);
#11139=AXIS2_PLACEMENT_3D('',#14558,#11804,#11805);
#11140=AXIS2_PLACEMENT_3D('',#14564,#11809,#11810);
#11141=AXIS2_PLACEMENT_3D('',#14570,#11814,#11815);
#11142=AXIS2_PLACEMENT_3D('',#14576,#11819,#11820);
#11143=AXIS2_PLACEMENT_3D('',#14582,#11824,#11825);
#11144=AXIS2_PLACEMENT_3D('',#14588,#11829,#11830);
#11145=AXIS2_PLACEMENT_3D('',#14594,#11834,#11835);
#11146=AXIS2_PLACEMENT_3D('',#14600,#11839,#11840);
#11147=AXIS2_PLACEMENT_3D('',#14606,#11844,#11845);
#11148=AXIS2_PLACEMENT_3D('',#14612,#11849,#11850);
#11149=AXIS2_PLACEMENT_3D('',#14618,#11854,#11855);
#11150=AXIS2_PLACEMENT_3D('',#14624,#11859,#11860);
#11151=AXIS2_PLACEMENT_3D('',#14630,#11864,#11865);
#11152=AXIS2_PLACEMENT_3D('',#14636,#11869,#11870);
#11153=AXIS2_PLACEMENT_3D('',#14642,#11874,#11875);
#11154=AXIS2_PLACEMENT_3D('',#14648,#11879,#11880);
#11155=AXIS2_PLACEMENT_3D('',#14654,#11884,#11885);
#11156=AXIS2_PLACEMENT_3D('',#14660,#11889,#11890);
#11157=AXIS2_PLACEMENT_3D('',#14666,#11894,#11895);
#11158=AXIS2_PLACEMENT_3D('',#14672,#11899,#11900);
#11159=AXIS2_PLACEMENT_3D('',#14678,#11904,#11905);
#11160=AXIS2_PLACEMENT_3D('',#14684,#11909,#11910);
#11161=AXIS2_PLACEMENT_3D('',#14690,#11914,#11915);
#11162=AXIS2_PLACEMENT_3D('',#14696,#11919,#11920);
#11163=AXIS2_PLACEMENT_3D('',#14702,#11924,#11925);
#11164=AXIS2_PLACEMENT_3D('',#14708,#11929,#11930);
#11165=AXIS2_PLACEMENT_3D('',#14714,#11934,#11935);
#11166=AXIS2_PLACEMENT_3D('',#14720,#11939,#11940);
#11167=AXIS2_PLACEMENT_3D('',#14726,#11944,#11945);
#11168=AXIS2_PLACEMENT_3D('',#14732,#11949,#11950);
#11169=AXIS2_PLACEMENT_3D('',#14738,#11954,#11955);
#11170=AXIS2_PLACEMENT_3D('',#14744,#11959,#11960);
#11171=AXIS2_PLACEMENT_3D('',#14750,#11964,#11965);
#11172=AXIS2_PLACEMENT_3D('',#14756,#11969,#11970);
#11173=AXIS2_PLACEMENT_3D('',#14762,#11974,#11975);
#11174=AXIS2_PLACEMENT_3D('',#14768,#11979,#11980);
#11175=AXIS2_PLACEMENT_3D('',#14774,#11984,#11985);
#11176=AXIS2_PLACEMENT_3D('',#14780,#11989,#11990);
#11177=AXIS2_PLACEMENT_3D('',#14786,#11994,#11995);
#11178=AXIS2_PLACEMENT_3D('',#14792,#11999,#12000);
#11179=AXIS2_PLACEMENT_3D('',#14798,#12004,#12005);
#11180=AXIS2_PLACEMENT_3D('',#14804,#12009,#12010);
#11181=AXIS2_PLACEMENT_3D('',#14810,#12014,#12015);
#11182=AXIS2_PLACEMENT_3D('',#14820,#12021,#12022);
#11183=AXIS2_PLACEMENT_3D('',#14826,#12026,#12027);
#11184=AXIS2_PLACEMENT_3D('',#14832,#12031,#12032);
#11185=AXIS2_PLACEMENT_3D('',#14838,#12036,#12037);
#11186=AXIS2_PLACEMENT_3D('',#14844,#12041,#12042);
#11187=AXIS2_PLACEMENT_3D('',#14850,#12046,#12047);
#11188=AXIS2_PLACEMENT_3D('',#14856,#12051,#12052);
#11189=AXIS2_PLACEMENT_3D('',#14862,#12056,#12057);
#11190=AXIS2_PLACEMENT_3D('',#14868,#12061,#12062);
#11191=AXIS2_PLACEMENT_3D('',#14874,#12066,#12067);
#11192=AXIS2_PLACEMENT_3D('',#14880,#12071,#12072);
#11193=AXIS2_PLACEMENT_3D('',#14886,#12076,#12077);
#11194=AXIS2_PLACEMENT_3D('',#14892,#12081,#12082);
#11195=AXIS2_PLACEMENT_3D('',#14898,#12086,#12087);
#11196=AXIS2_PLACEMENT_3D('',#14904,#12091,#12092);
#11197=AXIS2_PLACEMENT_3D('',#14910,#12096,#12097);
#11198=AXIS2_PLACEMENT_3D('',#14916,#12101,#12102);
#11199=AXIS2_PLACEMENT_3D('',#14922,#12106,#12107);
#11200=AXIS2_PLACEMENT_3D('',#14928,#12111,#12112);
#11201=AXIS2_PLACEMENT_3D('',#14934,#12116,#12117);
#11202=AXIS2_PLACEMENT_3D('',#14940,#12121,#12122);
#11203=AXIS2_PLACEMENT_3D('',#14946,#12126,#12127);
#11204=AXIS2_PLACEMENT_3D('',#14952,#12131,#12132);
#11205=AXIS2_PLACEMENT_3D('',#14958,#12136,#12137);
#11206=AXIS2_PLACEMENT_3D('',#14964,#12141,#12142);
#11207=AXIS2_PLACEMENT_3D('',#14970,#12146,#12147);
#11208=AXIS2_PLACEMENT_3D('',#14976,#12151,#12152);
#11209=AXIS2_PLACEMENT_3D('',#14982,#12156,#12157);
#11210=AXIS2_PLACEMENT_3D('',#14988,#12161,#12162);
#11211=AXIS2_PLACEMENT_3D('',#14994,#12166,#12167);
#11212=AXIS2_PLACEMENT_3D('',#15000,#12171,#12172);
#11213=AXIS2_PLACEMENT_3D('',#15006,#12176,#12177);
#11214=AXIS2_PLACEMENT_3D('',#15012,#12181,#12182);
#11215=AXIS2_PLACEMENT_3D('',#15018,#12186,#12187);
#11216=AXIS2_PLACEMENT_3D('',#15024,#12191,#12192);
#11217=AXIS2_PLACEMENT_3D('',#15030,#12196,#12197);
#11218=AXIS2_PLACEMENT_3D('',#15036,#12201,#12202);
#11219=AXIS2_PLACEMENT_3D('',#15042,#12206,#12207);
#11220=AXIS2_PLACEMENT_3D('',#15048,#12211,#12212);
#11221=AXIS2_PLACEMENT_3D('',#15054,#12216,#12217);
#11222=AXIS2_PLACEMENT_3D('',#15060,#12221,#12222);
#11223=AXIS2_PLACEMENT_3D('',#15066,#12226,#12227);
#11224=AXIS2_PLACEMENT_3D('',#15072,#12231,#12232);
#11225=AXIS2_PLACEMENT_3D('',#15078,#12236,#12237);
#11226=AXIS2_PLACEMENT_3D('',#15084,#12241,#12242);
#11227=AXIS2_PLACEMENT_3D('',#15090,#12246,#12247);
#11228=AXIS2_PLACEMENT_3D('',#15096,#12251,#12252);
#11229=AXIS2_PLACEMENT_3D('',#15102,#12256,#12257);
#11230=AXIS2_PLACEMENT_3D('',#15108,#12261,#12262);
#11231=AXIS2_PLACEMENT_3D('',#15114,#12266,#12267);
#11232=AXIS2_PLACEMENT_3D('',#15120,#12271,#12272);
#11233=AXIS2_PLACEMENT_3D('',#15122,#12273,#12274);
#11234=AXIS2_PLACEMENT_3D('',#15125,#12276,#12277);
#11235=AXIS2_PLACEMENT_3D('',#15126,#12278,#12279);
#11236=AXIS2_PLACEMENT_3D('',#15132,#12283,#12284);
#11237=AXIS2_PLACEMENT_3D('',#15138,#12288,#12289);
#11238=AXIS2_PLACEMENT_3D('',#15144,#12293,#12294);
#11239=AXIS2_PLACEMENT_3D('',#15150,#12298,#12299);
#11240=AXIS2_PLACEMENT_3D('',#15156,#12303,#12304);
#11241=AXIS2_PLACEMENT_3D('',#15159,#12307,#12308);
#11242=AXIS2_PLACEMENT_3D('',#15160,#12309,#12310);
#11243=AXIS2_PLACEMENT_3D('',#15161,#12311,#12312);
#11244=AXIS2_PLACEMENT_3D('',#15170,#12316,#12317);
#11245=AXIS2_PLACEMENT_3D('',#15174,#12319,#12320);
#11246=AXIS2_PLACEMENT_3D('',#15242,#12355,#12356);
#11247=AXIS2_PLACEMENT_3D('',#15248,#12360,#12361);
#11248=AXIS2_PLACEMENT_3D('',#15253,#12365,#12366);
#11249=AXIS2_PLACEMENT_3D('',#15257,#12369,#12370);
#11250=AXIS2_PLACEMENT_3D('',#15261,#12373,#12374);
#11251=AXIS2_PLACEMENT_3D('',#15265,#12377,#12378);
#11252=AXIS2_PLACEMENT_3D('',#15269,#12381,#12382);
#11253=AXIS2_PLACEMENT_3D('',#15273,#12385,#12386);
#11254=AXIS2_PLACEMENT_3D('',#15277,#12389,#12390);
#11255=AXIS2_PLACEMENT_3D('',#15281,#12393,#12394);
#11256=AXIS2_PLACEMENT_3D('',#15285,#12397,#12398);
#11257=AXIS2_PLACEMENT_3D('',#15289,#12401,#12402);
#11258=AXIS2_PLACEMENT_3D('',#15293,#12405,#12406);
#11259=AXIS2_PLACEMENT_3D('',#15297,#12409,#12410);
#11260=AXIS2_PLACEMENT_3D('',#15301,#12413,#12414);
#11261=AXIS2_PLACEMENT_3D('',#15305,#12417,#12418);
#11262=AXIS2_PLACEMENT_3D('',#15309,#12421,#12422);
#11263=AXIS2_PLACEMENT_3D('',#15313,#12425,#12426);
#11264=AXIS2_PLACEMENT_3D('',#15317,#12429,#12430);
#11265=AXIS2_PLACEMENT_3D('',#15321,#12433,#12434);
#11266=AXIS2_PLACEMENT_3D('',#15325,#12437,#12438);
#11267=AXIS2_PLACEMENT_3D('',#15357,#12454,#12455);
#11268=AXIS2_PLACEMENT_3D('',#15361,#12457,#12458);
#11269=AXIS2_PLACEMENT_3D('',#15365,#12461,#12462);
#11270=AXIS2_PLACEMENT_3D('',#15367,#12464,#12465);
#11271=AXIS2_PLACEMENT_3D('',#15374,#12469,#12470);
#11272=AXIS2_PLACEMENT_3D('',#15381,#12474,#12475);
#11273=AXIS2_PLACEMENT_3D('',#15383,#12477,#12478);
#11274=AXIS2_PLACEMENT_3D('',#15385,#12480,#12481);
#11275=AXIS2_PLACEMENT_3D('',#15387,#12483,#12484);
#11276=AXIS2_PLACEMENT_3D('',#15389,#12486,#12487);
#11277=AXIS2_PLACEMENT_3D('',#15391,#12489,#12490);
#11278=AXIS2_PLACEMENT_3D('',#15393,#12492,#12493);
#11279=AXIS2_PLACEMENT_3D('',#15395,#12495,#12496);
#11280=AXIS2_PLACEMENT_3D('',#15397,#12498,#12499);
#11281=AXIS2_PLACEMENT_3D('',#15401,#12503,#12504);
#11282=AXIS2_PLACEMENT_3D('',#15403,#12506,#12507);
#11283=AXIS2_PLACEMENT_3D('',#15405,#12509,#12510);
#11284=AXIS2_PLACEMENT_3D('',#15407,#12512,#12513);
#11285=AXIS2_PLACEMENT_3D('',#15409,#12515,#12516);
#11286=AXIS2_PLACEMENT_3D('',#15411,#12518,#12519);
#11287=AXIS2_PLACEMENT_3D('',#15413,#12521,#12522);
#11288=AXIS2_PLACEMENT_3D('',#15415,#12524,#12525);
#11289=AXIS2_PLACEMENT_3D('',#15417,#12527,#12528);
#11290=AXIS2_PLACEMENT_3D('',#15419,#12530,#12531);
#11291=AXIS2_PLACEMENT_3D('',#15421,#12533,#12534);
#11292=AXIS2_PLACEMENT_3D('',#15422,#12535,#12536);
#11293=AXIS2_PLACEMENT_3D('',#15424,#12538,#12539);
#11294=AXIS2_PLACEMENT_3D('',#15425,#12540,#12541);
#11295=AXIS2_PLACEMENT_3D('',#15428,#12542,#12543);
#11296=AXIS2_PLACEMENT_3D('',#15434,#12546,#12547);
#11297=AXIS2_PLACEMENT_3D('',#15454,#12557,#12558);
#11298=AXIS2_PLACEMENT_3D('',#15458,#12560,#12561);
#11299=AXIS2_PLACEMENT_3D('',#15476,#12571,#12572);
#11300=AXIS2_PLACEMENT_3D('',#15480,#12574,#12575);
#11301=AXIS2_PLACEMENT_3D('',#15482,#12577,#12578);
#11302=AXIS2_PLACEMENT_3D('',#15487,#12582,#12583);
#11303=AXIS2_PLACEMENT_3D('',#15491,#12586,#12587);
#11304=AXIS2_PLACEMENT_3D('',#15495,#12590,#12591);
#11305=AXIS2_PLACEMENT_3D('',#15499,#12594,#12595);
#11306=AXIS2_PLACEMENT_3D('',#15503,#12598,#12599);
#11307=AXIS2_PLACEMENT_3D('',#15507,#12602,#12603);
#11308=AXIS2_PLACEMENT_3D('',#15511,#12606,#12607);
#11309=AXIS2_PLACEMENT_3D('',#15515,#12610,#12611);
#11310=AXIS2_PLACEMENT_3D('',#15519,#12614,#12615);
#11311=AXIS2_PLACEMENT_3D('',#15522,#12617,#12618);
#11312=AXIS2_PLACEMENT_3D('',#15523,#12619,#12620);
#11313=AXIS2_PLACEMENT_3D('',#15527,#12623,#12624);
#11314=AXIS2_PLACEMENT_3D('',#15531,#12627,#12628);
#11315=AXIS2_PLACEMENT_3D('',#15533,#12629,#12630);
#11316=AXIS2_PLACEMENT_3D('',#15553,#12640,#12641);
#11317=AXIS2_PLACEMENT_3D('',#15555,#12643,#12644);
#11318=AXIS2_PLACEMENT_3D('',#15557,#12646,#12647);
#11319=AXIS2_PLACEMENT_3D('',#15559,#12649,#12650);
#11320=AXIS2_PLACEMENT_3D('',#15561,#12652,#12653);
#11321=AXIS2_PLACEMENT_3D('',#15563,#12655,#12656);
#11322=AXIS2_PLACEMENT_3D('',#15565,#12658,#12659);
#11323=AXIS2_PLACEMENT_3D('',#15567,#12661,#12662);
#11324=AXIS2_PLACEMENT_3D('',#15569,#12664,#12665);
#11325=AXIS2_PLACEMENT_3D('',#15571,#12667,#12668);
#11326=AXIS2_PLACEMENT_3D('',#15573,#12670,#12671);
#11327=AXIS2_PLACEMENT_3D('',#15575,#12673,#12674);
#11328=AXIS2_PLACEMENT_3D('',#15577,#12676,#12677);
#11329=AXIS2_PLACEMENT_3D('',#15586,#12682,#12683);
#11330=AXIS2_PLACEMENT_3D('',#15593,#12688,#12689);
#11331=AXIS2_PLACEMENT_3D('',#15594,#12690,#12691);
#11332=AXIS2_PLACEMENT_3D('',#15595,#12692,#12693);
#11333=AXIS2_PLACEMENT_3D('',#15596,#12694,#12695);
#11334=AXIS2_PLACEMENT_3D('',#15597,#12696,#12697);
#11335=AXIS2_PLACEMENT_3D('',#15598,#12698,#12699);
#11336=AXIS2_PLACEMENT_3D('',#15599,#12700,#12701);
#11337=AXIS2_PLACEMENT_3D('',#15636,#12719,#12720);
#11338=AXIS2_PLACEMENT_3D('',#15640,#12722,#12723);
#11339=AXIS2_PLACEMENT_3D('',#15664,#12736,#12737);
#11340=AXIS2_PLACEMENT_3D('',#15670,#12741,#12742);
#11341=AXIS2_PLACEMENT_3D('',#15674,#12745,#12746);
#11342=AXIS2_PLACEMENT_3D('',#15678,#12749,#12750);
#11343=AXIS2_PLACEMENT_3D('',#15682,#12753,#12754);
#11344=AXIS2_PLACEMENT_3D('',#15686,#12757,#12758);
#11345=AXIS2_PLACEMENT_3D('',#15690,#12761,#12762);
#11346=AXIS2_PLACEMENT_3D('',#15694,#12765,#12766);
#11347=AXIS2_PLACEMENT_3D('',#15698,#12769,#12770);
#11348=AXIS2_PLACEMENT_3D('',#15702,#12773,#12774);
#11349=AXIS2_PLACEMENT_3D('',#15706,#12777,#12778);
#11350=AXIS2_PLACEMENT_3D('',#15710,#12781,#12782);
#11351=AXIS2_PLACEMENT_3D('',#15714,#12785,#12786);
#11352=AXIS2_PLACEMENT_3D('',#15718,#12789,#12790);
#11353=AXIS2_PLACEMENT_3D('',#15722,#12793,#12794);
#11354=AXIS2_PLACEMENT_3D('',#15726,#12797,#12798);
#11355=AXIS2_PLACEMENT_3D('',#15730,#12801,#12802);
#11356=AXIS2_PLACEMENT_3D('',#15758,#12816,#12817);
#11357=AXIS2_PLACEMENT_3D('',#15761,#12819,#12820);
#11358=AXIS2_PLACEMENT_3D('',#15762,#12821,#12822);
#11359=AXIS2_PLACEMENT_3D('',#15764,#12824,#12825);
#11360=AXIS2_PLACEMENT_3D('',#15766,#12827,#12828);
#11361=AXIS2_PLACEMENT_3D('',#15768,#12830,#12831);
#11362=AXIS2_PLACEMENT_3D('',#15770,#12833,#12834);
#11363=AXIS2_PLACEMENT_3D('',#15772,#12836,#12837);
#11364=AXIS2_PLACEMENT_3D('',#15774,#12839,#12840);
#11365=AXIS2_PLACEMENT_3D('',#15776,#12842,#12843);
#11366=AXIS2_PLACEMENT_3D('',#15778,#12845,#12846);
#11367=AXIS2_PLACEMENT_3D('',#15780,#12848,#12849);
#11368=AXIS2_PLACEMENT_3D('',#15782,#12851,#12852);
#11369=AXIS2_PLACEMENT_3D('',#15784,#12854,#12855);
#11370=AXIS2_PLACEMENT_3D('',#15786,#12857,#12858);
#11371=AXIS2_PLACEMENT_3D('',#15788,#12860,#12861);
#11372=AXIS2_PLACEMENT_3D('',#15790,#12863,#12864);
#11373=AXIS2_PLACEMENT_3D('',#15792,#12866,#12867);
#11374=AXIS2_PLACEMENT_3D('',#15793,#12868,#12869);
#11375=AXIS2_PLACEMENT_3D('',#15798,#12871,#12872);
#11376=AXIS2_PLACEMENT_3D('',#15802,#12874,#12875);
#11377=AXIS2_PLACEMENT_3D('',#15842,#12895,#12896);
#11378=AXIS2_PLACEMENT_3D('',#15846,#12898,#12899);
#11379=AXIS2_PLACEMENT_3D('',#15883,#12918,#12919);
#11380=AXIS2_PLACEMENT_3D('',#15884,#12920,#12921);
#11381=AXIS2_PLACEMENT_3D('',#15890,#12925,#12926);
#11382=AXIS2_PLACEMENT_3D('',#15894,#12929,#12930);
#11383=AXIS2_PLACEMENT_3D('',#15898,#12933,#12934);
#11384=AXIS2_PLACEMENT_3D('',#15902,#12937,#12938);
#11385=AXIS2_PLACEMENT_3D('',#15906,#12941,#12942);
#11386=AXIS2_PLACEMENT_3D('',#15910,#12945,#12946);
#11387=AXIS2_PLACEMENT_3D('',#15914,#12949,#12950);
#11388=AXIS2_PLACEMENT_3D('',#15918,#12953,#12954);
#11389=AXIS2_PLACEMENT_3D('',#15922,#12957,#12958);
#11390=AXIS2_PLACEMENT_3D('',#15926,#12961,#12962);
#11391=AXIS2_PLACEMENT_3D('',#15930,#12965,#12966);
#11392=AXIS2_PLACEMENT_3D('',#15934,#12969,#12970);
#11393=AXIS2_PLACEMENT_3D('',#15938,#12973,#12974);
#11394=AXIS2_PLACEMENT_3D('',#15942,#12977,#12978);
#11395=AXIS2_PLACEMENT_3D('',#15946,#12981,#12982);
#11396=AXIS2_PLACEMENT_3D('',#15950,#12985,#12986);
#11397=AXIS2_PLACEMENT_3D('',#15954,#12989,#12990);
#11398=AXIS2_PLACEMENT_3D('',#15958,#12993,#12994);
#11399=AXIS2_PLACEMENT_3D('',#15962,#12997,#12998);
#11400=AXIS2_PLACEMENT_3D('',#15965,#13000,#13001);
#11401=AXIS2_PLACEMENT_3D('',#15966,#13002,#13003);
#11402=AXIS2_PLACEMENT_3D('',#15970,#13006,#13007);
#11403=AXIS2_PLACEMENT_3D('',#15973,#13009,#13010);
#11404=AXIS2_PLACEMENT_3D('',#15974,#13011,#13012);
#11405=AXIS2_PLACEMENT_3D('',#15978,#13014,#13015);
#11406=AXIS2_PLACEMENT_3D('',#16016,#13034,#13035);
#11407=AXIS2_PLACEMENT_3D('',#16019,#13037,#13038);
#11408=AXIS2_PLACEMENT_3D('',#16020,#13039,#13040);
#11409=AXIS2_PLACEMENT_3D('',#16023,#13043,#13044);
#11410=AXIS2_PLACEMENT_3D('',#16025,#13046,#13047);
#11411=AXIS2_PLACEMENT_3D('',#16027,#13049,#13050);
#11412=AXIS2_PLACEMENT_3D('',#16029,#13052,#13053);
#11413=AXIS2_PLACEMENT_3D('',#16031,#13055,#13056);
#11414=AXIS2_PLACEMENT_3D('',#16033,#13058,#13059);
#11415=AXIS2_PLACEMENT_3D('',#16035,#13061,#13062);
#11416=AXIS2_PLACEMENT_3D('',#16037,#13064,#13065);
#11417=AXIS2_PLACEMENT_3D('',#16039,#13067,#13068);
#11418=AXIS2_PLACEMENT_3D('',#16041,#13070,#13071);
#11419=AXIS2_PLACEMENT_3D('',#16043,#13073,#13074);
#11420=AXIS2_PLACEMENT_3D('',#16045,#13076,#13077);
#11421=AXIS2_PLACEMENT_3D('',#16047,#13079,#13080);
#11422=AXIS2_PLACEMENT_3D('',#16049,#13082,#13083);
#11423=AXIS2_PLACEMENT_3D('',#16051,#13085,#13086);
#11424=AXIS2_PLACEMENT_3D('',#16053,#13088,#13089);
#11425=AXIS2_PLACEMENT_3D('',#16055,#13091,#13092);
#11426=AXIS2_PLACEMENT_3D('',#16057,#13094,#13095);
#11427=AXIS2_PLACEMENT_3D('',#16059,#13097,#13098);
#11428=AXIS2_PLACEMENT_3D('',#16061,#13100,#13101);
#11429=AXIS2_PLACEMENT_3D('',#16063,#13103,#13104);
#11430=AXIS2_PLACEMENT_3D('',#16064,#13105,#13106);
#11431=AXIS2_PLACEMENT_3D('',#16065,#13107,#13108);
#11432=AXIS2_PLACEMENT_3D('',#16074,#13113,#13114);
#11433=AXIS2_PLACEMENT_3D('',#16080,#13118,#13119);
#11434=AXIS2_PLACEMENT_3D('',#16086,#13123,#13124);
#11435=AXIS2_PLACEMENT_3D('',#16092,#13128,#13129);
#11436=AXIS2_PLACEMENT_3D('',#16098,#13133,#13134);
#11437=AXIS2_PLACEMENT_3D('',#16104,#13138,#13139);
#11438=AXIS2_PLACEMENT_3D('',#16110,#13143,#13144);
#11439=AXIS2_PLACEMENT_3D('',#16116,#13148,#13149);
#11440=AXIS2_PLACEMENT_3D('',#16122,#13153,#13154);
#11441=AXIS2_PLACEMENT_3D('',#16128,#13158,#13159);
#11442=AXIS2_PLACEMENT_3D('',#16134,#13163,#13164);
#11443=AXIS2_PLACEMENT_3D('',#16140,#13168,#13169);
#11444=AXIS2_PLACEMENT_3D('',#16146,#13173,#13174);
#11445=AXIS2_PLACEMENT_3D('',#16152,#13178,#13179);
#11446=AXIS2_PLACEMENT_3D('',#16158,#13183,#13184);
#11447=AXIS2_PLACEMENT_3D('',#16164,#13188,#13189);
#11448=AXIS2_PLACEMENT_3D('',#16170,#13193,#13194);
#11449=AXIS2_PLACEMENT_3D('',#16176,#13198,#13199);
#11450=AXIS2_PLACEMENT_3D('',#16182,#13203,#13204);
#11451=AXIS2_PLACEMENT_3D('',#16188,#13208,#13209);
#11452=AXIS2_PLACEMENT_3D('',#16194,#13213,#13214);
#11453=AXIS2_PLACEMENT_3D('',#16200,#13218,#13219);
#11454=AXIS2_PLACEMENT_3D('',#16206,#13223,#13224);
#11455=AXIS2_PLACEMENT_3D('',#16212,#13228,#13229);
#11456=AXIS2_PLACEMENT_3D('',#16218,#13233,#13234);
#11457=AXIS2_PLACEMENT_3D('',#16224,#13238,#13239);
#11458=AXIS2_PLACEMENT_3D('',#16230,#13243,#13244);
#11459=AXIS2_PLACEMENT_3D('',#16236,#13248,#13249);
#11460=AXIS2_PLACEMENT_3D('',#16242,#13253,#13254);
#11461=AXIS2_PLACEMENT_3D('',#16248,#13258,#13259);
#11462=AXIS2_PLACEMENT_3D('',#16254,#13263,#13264);
#11463=AXIS2_PLACEMENT_3D('',#16260,#13268,#13269);
#11464=AXIS2_PLACEMENT_3D('',#16266,#13273,#13274);
#11465=AXIS2_PLACEMENT_3D('',#16272,#13278,#13279);
#11466=AXIS2_PLACEMENT_3D('',#16278,#13283,#13284);
#11467=AXIS2_PLACEMENT_3D('',#16284,#13288,#13289);
#11468=AXIS2_PLACEMENT_3D('',#16290,#13293,#13294);
#11469=AXIS2_PLACEMENT_3D('',#16296,#13298,#13299);
#11470=AXIS2_PLACEMENT_3D('',#16302,#13303,#13304);
#11471=AXIS2_PLACEMENT_3D('',#16308,#13308,#13309);
#11472=AXIS2_PLACEMENT_3D('',#16314,#13313,#13314);
#11473=AXIS2_PLACEMENT_3D('',#16320,#13318,#13319);
#11474=AXIS2_PLACEMENT_3D('',#16326,#13323,#13324);
#11475=AXIS2_PLACEMENT_3D('',#16332,#13328,#13329);
#11476=AXIS2_PLACEMENT_3D('',#16338,#13333,#13334);
#11477=AXIS2_PLACEMENT_3D('',#16344,#13338,#13339);
#11478=AXIS2_PLACEMENT_3D('',#16350,#13343,#13344);
#11479=AXIS2_PLACEMENT_3D('',#16356,#13348,#13349);
#11480=AXIS2_PLACEMENT_3D('',#16362,#13353,#13354);
#11481=AXIS2_PLACEMENT_3D('',#16368,#13358,#13359);
#11482=AXIS2_PLACEMENT_3D('',#16374,#13363,#13364);
#11483=AXIS2_PLACEMENT_3D('',#16380,#13368,#13369);
#11484=AXIS2_PLACEMENT_3D('',#16386,#13373,#13374);
#11485=AXIS2_PLACEMENT_3D('',#16392,#13378,#13379);
#11486=AXIS2_PLACEMENT_3D('',#16398,#13383,#13384);
#11487=AXIS2_PLACEMENT_3D('',#16408,#13390,#13391);
#11488=AXIS2_PLACEMENT_3D('',#16414,#13395,#13396);
#11489=AXIS2_PLACEMENT_3D('',#16420,#13400,#13401);
#11490=AXIS2_PLACEMENT_3D('',#16426,#13405,#13406);
#11491=AXIS2_PLACEMENT_3D('',#16432,#13410,#13411);
#11492=AXIS2_PLACEMENT_3D('',#16438,#13415,#13416);
#11493=AXIS2_PLACEMENT_3D('',#16444,#13420,#13421);
#11494=AXIS2_PLACEMENT_3D('',#16450,#13425,#13426);
#11495=AXIS2_PLACEMENT_3D('',#16456,#13430,#13431);
#11496=AXIS2_PLACEMENT_3D('',#16462,#13435,#13436);
#11497=AXIS2_PLACEMENT_3D('',#16468,#13440,#13441);
#11498=AXIS2_PLACEMENT_3D('',#16474,#13445,#13446);
#11499=AXIS2_PLACEMENT_3D('',#16480,#13450,#13451);
#11500=AXIS2_PLACEMENT_3D('',#16486,#13455,#13456);
#11501=AXIS2_PLACEMENT_3D('',#16492,#13460,#13461);
#11502=AXIS2_PLACEMENT_3D('',#16498,#13465,#13466);
#11503=AXIS2_PLACEMENT_3D('',#16504,#13470,#13471);
#11504=AXIS2_PLACEMENT_3D('',#16510,#13475,#13476);
#11505=AXIS2_PLACEMENT_3D('',#16516,#13480,#13481);
#11506=AXIS2_PLACEMENT_3D('',#16522,#13485,#13486);
#11507=AXIS2_PLACEMENT_3D('',#16528,#13490,#13491);
#11508=AXIS2_PLACEMENT_3D('',#16534,#13495,#13496);
#11509=AXIS2_PLACEMENT_3D('',#16540,#13500,#13501);
#11510=AXIS2_PLACEMENT_3D('',#16546,#13505,#13506);
#11511=AXIS2_PLACEMENT_3D('',#16552,#13510,#13511);
#11512=AXIS2_PLACEMENT_3D('',#16558,#13515,#13516);
#11513=AXIS2_PLACEMENT_3D('',#16564,#13520,#13521);
#11514=AXIS2_PLACEMENT_3D('',#16570,#13525,#13526);
#11515=AXIS2_PLACEMENT_3D('',#16576,#13530,#13531);
#11516=AXIS2_PLACEMENT_3D('',#16582,#13535,#13536);
#11517=AXIS2_PLACEMENT_3D('',#16588,#13540,#13541);
#11518=AXIS2_PLACEMENT_3D('',#16594,#13545,#13546);
#11519=AXIS2_PLACEMENT_3D('',#16600,#13550,#13551);
#11520=AXIS2_PLACEMENT_3D('',#16606,#13555,#13556);
#11521=AXIS2_PLACEMENT_3D('',#16612,#13560,#13561);
#11522=AXIS2_PLACEMENT_3D('',#16618,#13565,#13566);
#11523=AXIS2_PLACEMENT_3D('',#16624,#13570,#13571);
#11524=AXIS2_PLACEMENT_3D('',#16630,#13575,#13576);
#11525=AXIS2_PLACEMENT_3D('',#16636,#13580,#13581);
#11526=AXIS2_PLACEMENT_3D('',#16642,#13585,#13586);
#11527=AXIS2_PLACEMENT_3D('',#16648,#13590,#13591);
#11528=AXIS2_PLACEMENT_3D('',#16654,#13595,#13596);
#11529=AXIS2_PLACEMENT_3D('',#16660,#13600,#13601);
#11530=AXIS2_PLACEMENT_3D('',#16666,#13605,#13606);
#11531=AXIS2_PLACEMENT_3D('',#16672,#13610,#13611);
#11532=AXIS2_PLACEMENT_3D('',#16678,#13615,#13616);
#11533=AXIS2_PLACEMENT_3D('',#16684,#13620,#13621);
#11534=AXIS2_PLACEMENT_3D('',#16690,#13625,#13626);
#11535=AXIS2_PLACEMENT_3D('',#16696,#13630,#13631);
#11536=AXIS2_PLACEMENT_3D('',#16702,#13635,#13636);
#11537=AXIS2_PLACEMENT_3D('',#16708,#13640,#13641);
#11538=AXIS2_PLACEMENT_3D('',#16710,#13642,#13643);
#11539=AXIS2_PLACEMENT_3D('',#16713,#13645,#13646);
#11540=AXIS2_PLACEMENT_3D('',#16714,#13647,#13648);
#11541=AXIS2_PLACEMENT_3D('',#16720,#13652,#13653);
#11542=AXIS2_PLACEMENT_3D('',#16726,#13657,#13658);
#11543=AXIS2_PLACEMENT_3D('',#16732,#13662,#13663);
#11544=AXIS2_PLACEMENT_3D('',#16738,#13667,#13668);
#11545=AXIS2_PLACEMENT_3D('',#16744,#13672,#13673);
#11546=AXIS2_PLACEMENT_3D('',#16747,#13676,#13677);
#11547=AXIS2_PLACEMENT_3D('',#16748,#13678,#13679);
#11548=AXIS2_PLACEMENT_3D('',#16749,#13680,#13681);
#11549=AXIS2_PLACEMENT_3D('',#16758,#13685,#13686);
#11550=AXIS2_PLACEMENT_3D('',#16762,#13688,#13689);
#11551=AXIS2_PLACEMENT_3D('',#16830,#13724,#13725);
#11552=AXIS2_PLACEMENT_3D('',#16836,#13729,#13730);
#11553=AXIS2_PLACEMENT_3D('',#16841,#13734,#13735);
#11554=AXIS2_PLACEMENT_3D('',#16845,#13738,#13739);
#11555=AXIS2_PLACEMENT_3D('',#16849,#13742,#13743);
#11556=AXIS2_PLACEMENT_3D('',#16853,#13746,#13747);
#11557=AXIS2_PLACEMENT_3D('',#16857,#13750,#13751);
#11558=AXIS2_PLACEMENT_3D('',#16861,#13754,#13755);
#11559=AXIS2_PLACEMENT_3D('',#16865,#13758,#13759);
#11560=AXIS2_PLACEMENT_3D('',#16869,#13762,#13763);
#11561=AXIS2_PLACEMENT_3D('',#16873,#13766,#13767);
#11562=AXIS2_PLACEMENT_3D('',#16877,#13770,#13771);
#11563=AXIS2_PLACEMENT_3D('',#16881,#13774,#13775);
#11564=AXIS2_PLACEMENT_3D('',#16885,#13778,#13779);
#11565=AXIS2_PLACEMENT_3D('',#16889,#13782,#13783);
#11566=AXIS2_PLACEMENT_3D('',#16893,#13786,#13787);
#11567=AXIS2_PLACEMENT_3D('',#16897,#13790,#13791);
#11568=AXIS2_PLACEMENT_3D('',#16901,#13794,#13795);
#11569=AXIS2_PLACEMENT_3D('',#16905,#13798,#13799);
#11570=AXIS2_PLACEMENT_3D('',#16909,#13802,#13803);
#11571=AXIS2_PLACEMENT_3D('',#16913,#13806,#13807);
#11572=AXIS2_PLACEMENT_3D('',#16945,#13823,#13824);
#11573=AXIS2_PLACEMENT_3D('',#16949,#13826,#13827);
#11574=AXIS2_PLACEMENT_3D('',#16953,#13830,#13831);
#11575=AXIS2_PLACEMENT_3D('',#16955,#13833,#13834);
#11576=AXIS2_PLACEMENT_3D('',#16962,#13838,#13839);
#11577=AXIS2_PLACEMENT_3D('',#16969,#13843,#13844);
#11578=AXIS2_PLACEMENT_3D('',#16971,#13846,#13847);
#11579=AXIS2_PLACEMENT_3D('',#16973,#13849,#13850);
#11580=AXIS2_PLACEMENT_3D('',#16975,#13852,#13853);
#11581=AXIS2_PLACEMENT_3D('',#16977,#13855,#13856);
#11582=AXIS2_PLACEMENT_3D('',#16979,#13858,#13859);
#11583=AXIS2_PLACEMENT_3D('',#16981,#13861,#13862);
#11584=AXIS2_PLACEMENT_3D('',#16983,#13864,#13865);
#11585=AXIS2_PLACEMENT_3D('',#16985,#13867,#13868);
#11586=AXIS2_PLACEMENT_3D('',#16989,#13872,#13873);
#11587=AXIS2_PLACEMENT_3D('',#16991,#13875,#13876);
#11588=AXIS2_PLACEMENT_3D('',#16993,#13878,#13879);
#11589=AXIS2_PLACEMENT_3D('',#16995,#13881,#13882);
#11590=AXIS2_PLACEMENT_3D('',#16997,#13884,#13885);
#11591=AXIS2_PLACEMENT_3D('',#16999,#13887,#13888);
#11592=AXIS2_PLACEMENT_3D('',#17001,#13890,#13891);
#11593=AXIS2_PLACEMENT_3D('',#17003,#13893,#13894);
#11594=AXIS2_PLACEMENT_3D('',#17005,#13896,#13897);
#11595=AXIS2_PLACEMENT_3D('',#17007,#13899,#13900);
#11596=AXIS2_PLACEMENT_3D('',#17009,#13902,#13903);
#11597=AXIS2_PLACEMENT_3D('',#17010,#13904,#13905);
#11598=AXIS2_PLACEMENT_3D('',#17012,#13907,#13908);
#11599=AXIS2_PLACEMENT_3D('',#17013,#13909,#13910);
#11600=AXIS2_PLACEMENT_3D('',#17016,#13911,#13912);
#11601=AXIS2_PLACEMENT_3D('',#17022,#13915,#13916);
#11602=AXIS2_PLACEMENT_3D('',#17042,#13926,#13927);
#11603=AXIS2_PLACEMENT_3D('',#17046,#13929,#13930);
#11604=AXIS2_PLACEMENT_3D('',#17064,#13940,#13941);
#11605=AXIS2_PLACEMENT_3D('',#17068,#13943,#13944);
#11606=AXIS2_PLACEMENT_3D('',#17070,#13946,#13947);
#11607=AXIS2_PLACEMENT_3D('',#17075,#13951,#13952);
#11608=AXIS2_PLACEMENT_3D('',#17079,#13955,#13956);
#11609=AXIS2_PLACEMENT_3D('',#17083,#13959,#13960);
#11610=AXIS2_PLACEMENT_3D('',#17087,#13963,#13964);
#11611=AXIS2_PLACEMENT_3D('',#17091,#13967,#13968);
#11612=AXIS2_PLACEMENT_3D('',#17095,#13971,#13972);
#11613=AXIS2_PLACEMENT_3D('',#17099,#13975,#13976);
#11614=AXIS2_PLACEMENT_3D('',#17103,#13979,#13980);
#11615=AXIS2_PLACEMENT_3D('',#17107,#13983,#13984);
#11616=AXIS2_PLACEMENT_3D('',#17110,#13986,#13987);
#11617=AXIS2_PLACEMENT_3D('',#17111,#13988,#13989);
#11618=AXIS2_PLACEMENT_3D('',#17115,#13992,#13993);
#11619=AXIS2_PLACEMENT_3D('',#17119,#13996,#13997);
#11620=AXIS2_PLACEMENT_3D('',#17121,#13998,#13999);
#11621=AXIS2_PLACEMENT_3D('',#17141,#14009,#14010);
#11622=AXIS2_PLACEMENT_3D('',#17143,#14012,#14013);
#11623=AXIS2_PLACEMENT_3D('',#17145,#14015,#14016);
#11624=AXIS2_PLACEMENT_3D('',#17147,#14018,#14019);
#11625=AXIS2_PLACEMENT_3D('',#17149,#14021,#14022);
#11626=AXIS2_PLACEMENT_3D('',#17151,#14024,#14025);
#11627=AXIS2_PLACEMENT_3D('',#17153,#14027,#14028);
#11628=AXIS2_PLACEMENT_3D('',#17155,#14030,#14031);
#11629=AXIS2_PLACEMENT_3D('',#17157,#14033,#14034);
#11630=AXIS2_PLACEMENT_3D('',#17159,#14036,#14037);
#11631=AXIS2_PLACEMENT_3D('',#17161,#14039,#14040);
#11632=AXIS2_PLACEMENT_3D('',#17163,#14042,#14043);
#11633=AXIS2_PLACEMENT_3D('',#17165,#14045,#14046);
#11634=AXIS2_PLACEMENT_3D('',#17174,#14051,#14052);
#11635=AXIS2_PLACEMENT_3D('',#17181,#14057,#14058);
#11636=AXIS2_PLACEMENT_3D('',#17182,#14059,#14060);
#11637=AXIS2_PLACEMENT_3D('',#17183,#14061,#14062);
#11638=AXIS2_PLACEMENT_3D('',#17184,#14063,#14064);
#11639=AXIS2_PLACEMENT_3D('',#17185,#14065,#14066);
#11640=AXIS2_PLACEMENT_3D('',#17186,#14067,#14068);
#11641=AXIS2_PLACEMENT_3D('',#17187,#14069,#14070);
#11642=AXIS2_PLACEMENT_3D('',#17224,#14088,#14089);
#11643=AXIS2_PLACEMENT_3D('',#17228,#14091,#14092);
#11644=AXIS2_PLACEMENT_3D('',#17252,#14105,#14106);
#11645=AXIS2_PLACEMENT_3D('',#17258,#14110,#14111);
#11646=AXIS2_PLACEMENT_3D('',#17262,#14114,#14115);
#11647=AXIS2_PLACEMENT_3D('',#17266,#14118,#14119);
#11648=AXIS2_PLACEMENT_3D('',#17270,#14122,#14123);
#11649=AXIS2_PLACEMENT_3D('',#17274,#14126,#14127);
#11650=AXIS2_PLACEMENT_3D('',#17278,#14130,#14131);
#11651=AXIS2_PLACEMENT_3D('',#17282,#14134,#14135);
#11652=AXIS2_PLACEMENT_3D('',#17286,#14138,#14139);
#11653=AXIS2_PLACEMENT_3D('',#17290,#14142,#14143);
#11654=AXIS2_PLACEMENT_3D('',#17294,#14146,#14147);
#11655=AXIS2_PLACEMENT_3D('',#17298,#14150,#14151);
#11656=AXIS2_PLACEMENT_3D('',#17302,#14154,#14155);
#11657=AXIS2_PLACEMENT_3D('',#17306,#14158,#14159);
#11658=AXIS2_PLACEMENT_3D('',#17310,#14162,#14163);
#11659=AXIS2_PLACEMENT_3D('',#17314,#14166,#14167);
#11660=AXIS2_PLACEMENT_3D('',#17318,#14170,#14171);
#11661=AXIS2_PLACEMENT_3D('',#17346,#14185,#14186);
#11662=AXIS2_PLACEMENT_3D('',#17349,#14188,#14189);
#11663=AXIS2_PLACEMENT_3D('',#17350,#14190,#14191);
#11664=AXIS2_PLACEMENT_3D('',#17352,#14193,#14194);
#11665=AXIS2_PLACEMENT_3D('',#17354,#14196,#14197);
#11666=AXIS2_PLACEMENT_3D('',#17356,#14199,#14200);
#11667=AXIS2_PLACEMENT_3D('',#17358,#14202,#14203);
#11668=AXIS2_PLACEMENT_3D('',#17360,#14205,#14206);
#11669=AXIS2_PLACEMENT_3D('',#17362,#14208,#14209);
#11670=AXIS2_PLACEMENT_3D('',#17364,#14211,#14212);
#11671=AXIS2_PLACEMENT_3D('',#17366,#14214,#14215);
#11672=AXIS2_PLACEMENT_3D('',#17368,#14217,#14218);
#11673=AXIS2_PLACEMENT_3D('',#17370,#14220,#14221);
#11674=AXIS2_PLACEMENT_3D('',#17372,#14223,#14224);
#11675=AXIS2_PLACEMENT_3D('',#17374,#14226,#14227);
#11676=AXIS2_PLACEMENT_3D('',#17376,#14229,#14230);
#11677=AXIS2_PLACEMENT_3D('',#17378,#14232,#14233);
#11678=AXIS2_PLACEMENT_3D('',#17380,#14235,#14236);
#11679=AXIS2_PLACEMENT_3D('',#17381,#14237,#14238);
#11680=AXIS2_PLACEMENT_3D('',#17386,#14240,#14241);
#11681=AXIS2_PLACEMENT_3D('',#17390,#14243,#14244);
#11682=AXIS2_PLACEMENT_3D('',#17430,#14264,#14265);
#11683=AXIS2_PLACEMENT_3D('',#17434,#14267,#14268);
#11684=AXIS2_PLACEMENT_3D('',#17471,#14287,#14288);
#11685=AXIS2_PLACEMENT_3D('',#17472,#14289,#14290);
#11686=AXIS2_PLACEMENT_3D('',#17478,#14294,#14295);
#11687=AXIS2_PLACEMENT_3D('',#17482,#14298,#14299);
#11688=AXIS2_PLACEMENT_3D('',#17486,#14302,#14303);
#11689=AXIS2_PLACEMENT_3D('',#17490,#14306,#14307);
#11690=AXIS2_PLACEMENT_3D('',#17494,#14310,#14311);
#11691=AXIS2_PLACEMENT_3D('',#17498,#14314,#14315);
#11692=AXIS2_PLACEMENT_3D('',#17502,#14318,#14319);
#11693=AXIS2_PLACEMENT_3D('',#17506,#14322,#14323);
#11694=AXIS2_PLACEMENT_3D('',#17510,#14326,#14327);
#11695=AXIS2_PLACEMENT_3D('',#17514,#14330,#14331);
#11696=AXIS2_PLACEMENT_3D('',#17518,#14334,#14335);
#11697=AXIS2_PLACEMENT_3D('',#17522,#14338,#14339);
#11698=AXIS2_PLACEMENT_3D('',#17526,#14342,#14343);
#11699=AXIS2_PLACEMENT_3D('',#17530,#14346,#14347);
#11700=AXIS2_PLACEMENT_3D('',#17534,#14350,#14351);
#11701=AXIS2_PLACEMENT_3D('',#17538,#14354,#14355);
#11702=AXIS2_PLACEMENT_3D('',#17542,#14358,#14359);
#11703=AXIS2_PLACEMENT_3D('',#17546,#14362,#14363);
#11704=AXIS2_PLACEMENT_3D('',#17550,#14366,#14367);
#11705=AXIS2_PLACEMENT_3D('',#17553,#14369,#14370);
#11706=AXIS2_PLACEMENT_3D('',#17554,#14371,#14372);
#11707=AXIS2_PLACEMENT_3D('',#17558,#14375,#14376);
#11708=AXIS2_PLACEMENT_3D('',#17561,#14378,#14379);
#11709=AXIS2_PLACEMENT_3D('',#17562,#14380,#14381);
#11710=AXIS2_PLACEMENT_3D('',#17566,#14383,#14384);
#11711=AXIS2_PLACEMENT_3D('',#17604,#14403,#14404);
#11712=AXIS2_PLACEMENT_3D('',#17607,#14406,#14407);
#11713=AXIS2_PLACEMENT_3D('',#17608,#14408,#14409);
#11714=AXIS2_PLACEMENT_3D('',#17611,#14412,#14413);
#11715=AXIS2_PLACEMENT_3D('',#17613,#14415,#14416);
#11716=AXIS2_PLACEMENT_3D('',#17615,#14418,#14419);
#11717=AXIS2_PLACEMENT_3D('',#17617,#14421,#14422);
#11718=AXIS2_PLACEMENT_3D('',#17619,#14424,#14425);
#11719=AXIS2_PLACEMENT_3D('',#17621,#14427,#14428);
#11720=AXIS2_PLACEMENT_3D('',#17623,#14430,#14431);
#11721=AXIS2_PLACEMENT_3D('',#17625,#14433,#14434);
#11722=AXIS2_PLACEMENT_3D('',#17627,#14436,#14437);
#11723=AXIS2_PLACEMENT_3D('',#17629,#14439,#14440);
#11724=AXIS2_PLACEMENT_3D('',#17631,#14442,#14443);
#11725=AXIS2_PLACEMENT_3D('',#17633,#14445,#14446);
#11726=AXIS2_PLACEMENT_3D('',#17635,#14448,#14449);
#11727=AXIS2_PLACEMENT_3D('',#17637,#14451,#14452);
#11728=AXIS2_PLACEMENT_3D('',#17639,#14454,#14455);
#11729=AXIS2_PLACEMENT_3D('',#17641,#14457,#14458);
#11730=AXIS2_PLACEMENT_3D('',#17643,#14460,#14461);
#11731=AXIS2_PLACEMENT_3D('',#17645,#14463,#14464);
#11732=AXIS2_PLACEMENT_3D('',#17647,#14466,#14467);
#11733=AXIS2_PLACEMENT_3D('',#17649,#14469,#14470);
#11734=AXIS2_PLACEMENT_3D('',#17651,#14472,#14473);
#11735=AXIS2_PLACEMENT_3D('',#17652,#14474,#14475);
#11736=DIRECTION('axis',(0.,0.,1.));
#11737=DIRECTION('refdir',(1.,0.,0.));
#11738=DIRECTION('center_axis',(0.,0.0374750547926245,-0.999297563425574));
#11739=DIRECTION('ref_axis',(0.,0.999297563425574,0.0374750547926245));
#11740=DIRECTION('',(1.,0.,0.));
#11741=DIRECTION('',(0.,-0.999297563425574,-0.0374750547926245));
#11742=DIRECTION('',(1.,0.,0.));
#11743=DIRECTION('',(0.,0.999297563425574,0.0374750547926245));
#11744=DIRECTION('center_axis',(0.,0.0349804073680761,-0.999387998277127));
#11745=DIRECTION('ref_axis',(0.,0.999387998277127,0.0349804073680761));
#11746=DIRECTION('',(0.,-0.999387998277127,-0.0349804073680761));
#11747=DIRECTION('',(1.,0.,0.));
#11748=DIRECTION('',(0.,0.999387998277127,0.0349804073680761));
#11749=DIRECTION('center_axis',(0.,0.0374762437760306,-0.999297518836327));
#11750=DIRECTION('ref_axis',(0.,0.999297518836327,0.0374762437760306));
#11751=DIRECTION('',(0.,-0.999297518836327,-0.0374762437760306));
#11752=DIRECTION('',(1.,0.,0.));
#11753=DIRECTION('',(0.,0.999297518836327,0.0374762437760306));
#11754=DIRECTION('center_axis',(0.,0.0374772983168039,-0.999297479287761));
#11755=DIRECTION('ref_axis',(0.,0.999297479287761,0.0374772983168039));
#11756=DIRECTION('',(0.,-0.999297479287761,-0.0374772983168039));
#11757=DIRECTION('',(1.,0.,0.));
#11758=DIRECTION('',(0.,0.999297479287761,0.0374772983168039));
#11759=DIRECTION('center_axis',(0.,0.0349838110769871,-0.999387879135288));
#11760=DIRECTION('ref_axis',(0.,0.999387879135288,0.0349838110769871));
#11761=DIRECTION('',(0.,-0.999387879135288,-0.0349838110769871));
#11762=DIRECTION('',(1.,0.,0.));
#11763=DIRECTION('',(0.,0.999387879135288,0.0349838110769871));
#11764=DIRECTION('center_axis',(0.,0.0374816192301883,-0.999297317228403));
#11765=DIRECTION('ref_axis',(0.,0.999297317228403,0.0374816192301883));
#11766=DIRECTION('',(0.,-0.999297317228403,-0.0374816192301883));
#11767=DIRECTION('',(1.,0.,0.));
#11768=DIRECTION('',(0.,0.999297317228403,0.0374816192301883));
#11769=DIRECTION('center_axis',(0.,0.0374862656090849,-0.99929714294132));
#11770=DIRECTION('ref_axis',(0.,0.99929714294132,0.0374862656090849));
#11771=DIRECTION('',(0.,-0.99929714294132,-0.0374862656090849));
#11772=DIRECTION('',(1.,0.,0.));
#11773=DIRECTION('',(0.,0.99929714294132,0.0374862656090849));
#11774=DIRECTION('center_axis',(0.,0.0374948389158617,-0.999296821297193));
#11775=DIRECTION('ref_axis',(0.,0.999296821297193,0.0374948389158617));
#11776=DIRECTION('',(0.,-0.999296821297193,-0.0374948389158617));
#11777=DIRECTION('',(1.,0.,0.));
#11778=DIRECTION('',(0.,0.999296821297193,0.0374948389158617));
#11779=DIRECTION('center_axis',(0.,0.0350173684955121,-0.999386703885763));
#11780=DIRECTION('ref_axis',(0.,0.999386703885763,0.0350173684955121));
#11781=DIRECTION('',(0.,-0.999386703885763,-0.0350173684955121));
#11782=DIRECTION('',(1.,0.,0.));
#11783=DIRECTION('',(0.,0.999386703885763,0.0350173684955121));
#11784=DIRECTION('center_axis',(0.,0.0367130337593414,-0.999325849336534));
#11785=DIRECTION('ref_axis',(0.,0.999325849336534,0.0367130337593414));
#11786=DIRECTION('',(0.,-0.999325849336534,-0.0367130337593414));
#11787=DIRECTION('',(1.,0.,0.));
#11788=DIRECTION('',(0.,0.999325849336534,0.0367130337593414));
#11789=DIRECTION('center_axis',(0.,0.0374699366469029,-0.999297755350064));
#11790=DIRECTION('ref_axis',(0.,0.999297755350064,0.0374699366469029));
#11791=DIRECTION('',(0.,-0.999297755350064,-0.0374699366469029));
#11792=DIRECTION('',(1.,0.,0.));
#11793=DIRECTION('',(0.,0.999297755350064,0.0374699366469029));
#11794=DIRECTION('center_axis',(0.,0.0374719935401988,-0.999297678222122));
#11795=DIRECTION('ref_axis',(0.,0.999297678222122,0.0374719935401988));
#11796=DIRECTION('',(0.,-0.999297678222122,-0.0374719935401988));
#11797=DIRECTION('',(1.,0.,0.));
#11798=DIRECTION('',(0.,0.999297678222122,0.0374719935401988));
#11799=DIRECTION('center_axis',(0.,0.0349778354045803,-0.999388088297239));
#11800=DIRECTION('ref_axis',(0.,0.999388088297239,0.0349778354045803));
#11801=DIRECTION('',(0.,-0.999388088297239,-0.0349778354045803));
#11802=DIRECTION('',(1.,0.,0.));
#11803=DIRECTION('',(0.,0.999388088297239,0.0349778354045803));
#11804=DIRECTION('center_axis',(0.,0.0367130337593414,-0.999325849336534));
#11805=DIRECTION('ref_axis',(0.,0.999325849336534,0.0367130337593414));
#11806=DIRECTION('',(0.,-0.999325849336534,-0.0367130337593414));
#11807=DIRECTION('',(1.,0.,0.));
#11808=DIRECTION('',(0.,0.999325849336534,0.0367130337593414));
#11809=DIRECTION('center_axis',(0.,0.0374735983634913,-0.999297618042639));
#11810=DIRECTION('ref_axis',(0.,0.999297618042639,0.0374735983634913));
#11811=DIRECTION('',(0.,-0.999297618042639,-0.0374735983634913));
#11812=DIRECTION('',(1.,0.,0.));
#11813=DIRECTION('',(0.,0.999297618042639,0.0374735983634913));
#11814=DIRECTION('center_axis',(0.,0.0349786940616599,-0.999388058244514));
#11815=DIRECTION('ref_axis',(0.,0.999388058244514,0.0349786940616599));
#11816=DIRECTION('',(0.,-0.999388058244514,-0.0349786940616599));
#11817=DIRECTION('',(1.,0.,0.));
#11818=DIRECTION('',(0.,0.999388058244514,0.0349786940616599));
#11819=DIRECTION('center_axis',(0.,0.0367130337593414,-0.999325849336534));
#11820=DIRECTION('ref_axis',(0.,0.999325849336534,0.0367130337593414));
#11821=DIRECTION('',(0.,-0.999325849336534,-0.0367130337593414));
#11822=DIRECTION('',(1.,0.,0.));
#11823=DIRECTION('',(0.,0.999325849336534,0.0367130337593414));
#11824=DIRECTION('center_axis',(0.,0.0374738900786925,-0.999297607103294));
#11825=DIRECTION('ref_axis',(0.,0.999297607103294,0.0374738900786925));
#11826=DIRECTION('',(0.,-0.999297607103294,-0.0374738900786925));
#11827=DIRECTION('',(1.,0.,0.));
#11828=DIRECTION('',(0.,0.999297607103294,0.0374738900786925));
#11829=DIRECTION('center_axis',(0.,0.028915819745821,-0.999581850259611));
#11830=DIRECTION('ref_axis',(0.,0.999581850259611,0.028915819745821));
#11831=DIRECTION('',(0.,-0.999581850259611,-0.028915819745821));
#11832=DIRECTION('',(1.,0.,0.));
#11833=DIRECTION('',(0.,0.999581850259611,0.028915819745821));
#11834=DIRECTION('center_axis',(0.,0.0367130337593414,-0.999325849336534));
#11835=DIRECTION('ref_axis',(0.,0.999325849336534,0.0367130337593414));
#11836=DIRECTION('',(0.,-0.999325849336534,-0.0367130337593414));
#11837=DIRECTION('',(1.,0.,0.));
#11838=DIRECTION('',(0.,0.999325849336534,0.0367130337593414));
#11839=DIRECTION('center_axis',(0.,0.22925728446543,0.973365860054449));
#11840=DIRECTION('ref_axis',(0.,-0.973365860054449,0.22925728446543));
#11841=DIRECTION('',(0.,0.973365860054449,-0.22925728446543));
#11842=DIRECTION('',(1.,0.,0.));
#11843=DIRECTION('',(0.,-0.973365860054449,0.22925728446543));
#11844=DIRECTION('center_axis',(0.,0.233950904271749,0.972248411873443));
#11845=DIRECTION('ref_axis',(0.,-0.972248411873442,0.233950904271749));
#11846=DIRECTION('',(0.,0.972248411873442,-0.233950904271749));
#11847=DIRECTION('',(1.,0.,0.));
#11848=DIRECTION('',(0.,-0.972248411873442,0.233950904271749));
#11849=DIRECTION('center_axis',(0.,0.229335333404997,0.973347473850947));
#11850=DIRECTION('ref_axis',(0.,-0.973347473850947,0.229335333404997));
#11851=DIRECTION('',(0.,0.973347473850947,-0.229335333404997));
#11852=DIRECTION('',(1.,0.,0.));
#11853=DIRECTION('',(0.,-0.973347473850947,0.229335333404997));
#11854=DIRECTION('center_axis',(0.,0.224703811945355,0.974427112152175));
#11855=DIRECTION('ref_axis',(0.,-0.974427112152174,0.224703811945355));
#11856=DIRECTION('',(0.,0.974427112152174,-0.224703811945355));
#11857=DIRECTION('',(1.,0.,0.));
#11858=DIRECTION('',(0.,-0.974427112152174,0.224703811945355));
#11859=DIRECTION('center_axis',(0.,0.224769168337052,0.974412038598185));
#11860=DIRECTION('ref_axis',(0.,-0.974412038598185,0.224769168337052));
#11861=DIRECTION('',(0.,0.974412038598185,-0.224769168337052));
#11862=DIRECTION('',(1.,0.,0.));
#11863=DIRECTION('',(0.,-0.974412038598185,0.224769168337052));
#11864=DIRECTION('center_axis',(0.,0.220119105567526,0.975473002888421));
#11865=DIRECTION('ref_axis',(0.,-0.975473002888421,0.220119105567526));
#11866=DIRECTION('',(0.,0.975473002888421,-0.220119105567526));
#11867=DIRECTION('',(1.,0.,0.));
#11868=DIRECTION('',(0.,-0.975473002888421,0.220119105567526));
#11869=DIRECTION('center_axis',(0.,0.21545333711859,0.976514136878962));
#11870=DIRECTION('ref_axis',(0.,-0.976514136878962,0.21545333711859));
#11871=DIRECTION('',(0.,0.976514136878962,-0.21545333711859));
#11872=DIRECTION('',(1.,0.,0.));
#11873=DIRECTION('',(0.,-0.976514136878962,0.21545333711859));
#11874=DIRECTION('center_axis',(0.,0.210771926141531,0.977535265425544));
#11875=DIRECTION('ref_axis',(0.,-0.977535265425544,0.210771926141531));
#11876=DIRECTION('',(0.,0.977535265425544,-0.210771926141531));
#11877=DIRECTION('',(1.,0.,0.));
#11878=DIRECTION('',(0.,-0.977535265425544,0.210771926141531));
#11879=DIRECTION('center_axis',(0.,0.203729674116695,0.979027180360334));
#11880=DIRECTION('ref_axis',(0.,-0.979027180360334,0.203729674116695));
#11881=DIRECTION('',(0.,0.979027180360334,-0.203729674116695));
#11882=DIRECTION('',(1.,0.,0.));
#11883=DIRECTION('',(0.,-0.979027180360334,0.203729674116695));
#11884=DIRECTION('center_axis',(0.,0.201362243713251,0.979516843554395));
#11885=DIRECTION('ref_axis',(0.,-0.979516843554395,0.201362243713251));
#11886=DIRECTION('',(0.,0.979516843554395,-0.201362243713251));
#11887=DIRECTION('',(1.,0.,0.));
#11888=DIRECTION('',(0.,-0.979516843554395,0.201362243713251));
#11889=DIRECTION('center_axis',(0.,0.194274892534605,0.980947127082121));
#11890=DIRECTION('ref_axis',(0.,-0.980947127082122,0.194274892534605));
#11891=DIRECTION('',(0.,0.980947127082122,-0.194274892534605));
#11892=DIRECTION('',(1.,0.,0.));
#11893=DIRECTION('',(0.,-0.980947127082122,0.194274892534605));
#11894=DIRECTION('center_axis',(0.,0.191889673411686,0.981416503446909));
#11895=DIRECTION('ref_axis',(0.,-0.981416503446909,0.191889673411686));
#11896=DIRECTION('',(0.,0.981416503446909,-0.191889673411686));
#11897=DIRECTION('',(1.,0.,0.));
#11898=DIRECTION('',(0.,-0.981416503446909,0.191889673411686));
#11899=DIRECTION('center_axis',(0.,0.184756901299448,0.982784252734152));
#11900=DIRECTION('ref_axis',(0.,-0.982784252734152,0.184756901299448));
#11901=DIRECTION('',(0.,0.982784252734152,-0.184756901299448));
#11902=DIRECTION('',(1.,0.,0.));
#11903=DIRECTION('',(0.,-0.982784252734152,0.184756901299448));
#11904=DIRECTION('center_axis',(0.,0.177590927520014,0.984104396119935));
#11905=DIRECTION('ref_axis',(0.,-0.984104396119935,0.177590927520014));
#11906=DIRECTION('',(0.,0.984104396119935,-0.177590927520014));
#11907=DIRECTION('',(1.,0.,0.));
#11908=DIRECTION('',(0.,-0.984104396119935,0.177590927520014));
#11909=DIRECTION('center_axis',(0.,0.172781525152374,0.984960174101481));
#11910=DIRECTION('ref_axis',(0.,-0.984960174101481,0.172781525152374));
#11911=DIRECTION('',(0.,0.984960174101481,-0.172781525152374));
#11912=DIRECTION('',(1.,0.,0.));
#11913=DIRECTION('',(0.,-0.984960174101481,0.172781525152374));
#11914=DIRECTION('center_axis',(0.,0.16819408542541,0.985753899118796));
#11915=DIRECTION('ref_axis',(0.,-0.985753899118796,0.16819408542541));
#11916=DIRECTION('',(0.,0.985753899118796,-0.16819408542541));
#11917=DIRECTION('',(1.,0.,0.));
#11918=DIRECTION('',(0.,-0.985753899118796,0.16819408542541));
#11919=DIRECTION('center_axis',(0.,0.163174343060348,0.986597250030033));
#11920=DIRECTION('ref_axis',(0.,-0.986597250030033,0.163174343060348));
#11921=DIRECTION('',(0.,0.986597250030033,-0.163174343060348));
#11922=DIRECTION('',(1.,0.,0.));
#11923=DIRECTION('',(0.,-0.986597250030033,0.163174343060348));
#11924=DIRECTION('center_axis',(0.,0.159309085771409,0.987228755249095));
#11925=DIRECTION('ref_axis',(0.,-0.987228755249095,0.159309085771409));
#11926=DIRECTION('',(0.,0.987228755249095,-0.159309085771409));
#11927=DIRECTION('',(1.,0.,0.));
#11928=DIRECTION('',(0.,-0.987228755249095,0.159309085771409));
#11929=DIRECTION('center_axis',(0.,0.155784090183471,0.987791130374083));
#11930=DIRECTION('ref_axis',(0.,-0.987791130374083,0.155784090183471));
#11931=DIRECTION('',(0.,0.987791130374083,-0.155784090183471));
#11932=DIRECTION('',(1.,0.,0.));
#11933=DIRECTION('',(0.,-0.987791130374083,0.155784090183471));
#11934=DIRECTION('center_axis',(0.,0.148448382867333,0.988920157355524));
#11935=DIRECTION('ref_axis',(0.,-0.988920157355524,0.148448382867333));
#11936=DIRECTION('',(0.,0.988920157355524,-0.148448382867333));
#11937=DIRECTION('',(1.,0.,0.));
#11938=DIRECTION('',(0.,-0.988920157355524,0.148448382867333));
#11939=DIRECTION('center_axis',(0.,0.143545242493737,0.989643755781551));
#11940=DIRECTION('ref_axis',(0.,-0.989643755781551,0.143545242493737));
#11941=DIRECTION('',(0.,0.989643755781551,-0.143545242493737));
#11942=DIRECTION('',(1.,0.,0.));
#11943=DIRECTION('',(0.,-0.989643755781551,0.143545242493737));
#11944=DIRECTION('center_axis',(0.,0.133805436972057,0.991007621079029));
#11945=DIRECTION('ref_axis',(0.,-0.991007621079029,0.133805436972057));
#11946=DIRECTION('',(0.,0.991007621079029,-0.133805436972057));
#11947=DIRECTION('',(1.,0.,0.));
#11948=DIRECTION('',(0.,-0.991007621079029,0.133805436972057));
#11949=DIRECTION('center_axis',(0.,0.126484587463349,0.99196857265451));
#11950=DIRECTION('ref_axis',(0.,-0.99196857265451,0.126484587463349));
#11951=DIRECTION('',(0.,0.99196857265451,-0.126484587463349));
#11952=DIRECTION('',(1.,0.,0.));
#11953=DIRECTION('',(0.,-0.99196857265451,0.126484587463349));
#11954=DIRECTION('center_axis',(0.,0.119149695795397,0.992876301455455));
#11955=DIRECTION('ref_axis',(0.,-0.992876301455455,0.119149695795397));
#11956=DIRECTION('',(0.,0.992876301455455,-0.119149695795397));
#11957=DIRECTION('',(1.,0.,0.));
#11958=DIRECTION('',(0.,-0.992876301455455,0.119149695795397));
#11959=DIRECTION('center_axis',(0.,0.109342791798862,0.994004101541654));
#11960=DIRECTION('ref_axis',(0.,-0.994004101541654,0.109342791798862));
#11961=DIRECTION('',(0.,0.994004101541654,-0.109342791798862));
#11962=DIRECTION('',(1.,0.,0.));
#11963=DIRECTION('',(0.,-0.994004101541654,0.109342791798862));
#11964=DIRECTION('center_axis',(0.,0.0995050698096503,0.995037055130198));
#11965=DIRECTION('ref_axis',(0.,-0.995037055130198,0.0995050698096503));
#11966=DIRECTION('',(0.,0.995037055130198,-0.0995050698096503));
#11967=DIRECTION('',(1.,0.,0.));
#11968=DIRECTION('',(0.,-0.995037055130198,0.0995050698096503));
#11969=DIRECTION('center_axis',(0.,0.09210791630961,0.99574903050573));
#11970=DIRECTION('ref_axis',(0.,-0.99574903050573,0.09210791630961));
#11971=DIRECTION('',(0.,0.99574903050573,-0.09210791630961));
#11972=DIRECTION('',(1.,0.,0.));
#11973=DIRECTION('',(0.,-0.99574903050573,0.09210791630961));
#11974=DIRECTION('center_axis',(0.,0.0846952339842917,0.99640690349894));
#11975=DIRECTION('ref_axis',(0.,-0.99640690349894,0.0846952339842917));
#11976=DIRECTION('',(0.,0.99640690349894,-0.0846952339842917));
#11977=DIRECTION('',(1.,0.,0.));
#11978=DIRECTION('',(0.,-0.99640690349894,0.0846952339842917));
#11979=DIRECTION('center_axis',(0.,0.0723103786489626,0.997382178074004));
#11980=DIRECTION('ref_axis',(0.,-0.997382178074004,0.0723103786489626));
#11981=DIRECTION('',(0.,0.997382178074004,-0.0723103786489626));
#11982=DIRECTION('',(1.,0.,0.));
#11983=DIRECTION('',(0.,-0.997382178074004,0.0723103786489626));
#11984=DIRECTION('center_axis',(0.,0.0648634704933723,0.997894147791015));
#11985=DIRECTION('ref_axis',(0.,-0.997894147791015,0.0648634704933723));
#11986=DIRECTION('',(0.,0.997894147791015,-0.0648634704933723));
#11987=DIRECTION('',(1.,0.,0.));
#11988=DIRECTION('',(0.,-0.997894147791015,0.0648634704933723));
#11989=DIRECTION('center_axis',(0.,0.0524282551537853,0.9986246932965));
#11990=DIRECTION('ref_axis',(0.,-0.9986246932965,0.0524282551537853));
#11991=DIRECTION('',(0.,0.9986246932965,-0.0524282551537853));
#11992=DIRECTION('',(1.,0.,0.));
#11993=DIRECTION('',(0.,-0.9986246932965,0.0524282551537853));
#11994=DIRECTION('center_axis',(0.,0.0424618413984817,0.999098089291062));
#11995=DIRECTION('ref_axis',(0.,-0.999098089291062,0.0424618413984817));
#11996=DIRECTION('',(0.,0.999098089291062,-0.0424618413984817));
#11997=DIRECTION('',(1.,0.,0.));
#11998=DIRECTION('',(0.,-0.999098089291062,0.0424618413984817));
#11999=DIRECTION('center_axis',(0.,0.0299863550198146,0.999550308144931));
#12000=DIRECTION('ref_axis',(0.,-0.999550308144931,0.0299863550198146));
#12001=DIRECTION('',(0.,0.999550308144931,-0.0299863550198146));
#12002=DIRECTION('',(1.,0.,0.));
#12003=DIRECTION('',(0.,-0.999550308144931,0.0299863550198146));
#12004=DIRECTION('center_axis',(0.,0.0174973274752742,0.999846910047345));
#12005=DIRECTION('ref_axis',(0.,-0.999846910047345,0.0174973274752742));
#12006=DIRECTION('',(0.,0.999846910047345,-0.0174973274752742));
#12007=DIRECTION('',(1.,0.,0.));
#12008=DIRECTION('',(0.,-0.999846910047345,0.0174973274752742));
#12009=DIRECTION('center_axis',(0.,0.00750002099332568,0.999971874447027));
#12010=DIRECTION('ref_axis',(0.,-0.999971874447027,0.00750002099332568));
#12011=DIRECTION('',(0.,0.999971874447027,-0.00750002099332568));
#12012=DIRECTION('',(1.,0.,0.));
#12013=DIRECTION('',(0.,-0.999971874447027,0.00750002099332568));
#12014=DIRECTION('center_axis',(0.,-0.00749991728379732,0.999971875224867));
#12015=DIRECTION('ref_axis',(0.,-0.999971875224867,-0.00749991728379732));
#12016=DIRECTION('',(0.,0.999971875224867,0.00749991728379732));
#12017=DIRECTION('',(-1.,0.,0.));
#12018=DIRECTION('',(1.,0.,0.));
#12019=DIRECTION('',(1.,0.,0.));
#12020=DIRECTION('',(0.,-0.999971875224867,-0.00749991728379732));
#12021=DIRECTION('center_axis',(0.,-0.011915594133425,0.999929006788206));
#12022=DIRECTION('ref_axis',(0.,-0.999929006788206,-0.011915594133425));
#12023=DIRECTION('',(0.,0.999929006788206,0.011915594133425));
#12024=DIRECTION('',(-1.,0.,0.));
#12025=DIRECTION('',(0.,-0.999929006788206,-0.011915594133425));
#12026=DIRECTION('center_axis',(0.,-0.0249922670640596,0.999687644510524));
#12027=DIRECTION('ref_axis',(0.,-0.999687644510523,-0.0249922670640596));
#12028=DIRECTION('',(0.,0.999687644510523,0.0249922670640596));
#12029=DIRECTION('',(1.,0.,0.));
#12030=DIRECTION('',(0.,-0.999687644510523,-0.0249922670640596));
#12031=DIRECTION('center_axis',(0.,-0.0349784189606889,0.999388067873041));
#12032=DIRECTION('ref_axis',(0.,-0.999388067873041,-0.0349784189606889));
#12033=DIRECTION('',(0.,0.999388067873041,0.0349784189606889));
#12034=DIRECTION('',(1.,0.,0.));
#12035=DIRECTION('',(0.,-0.999388067873041,-0.0349784189606889));
#12036=DIRECTION('center_axis',(0.,-0.0449545786281327,0.998989031901936));
#12037=DIRECTION('ref_axis',(0.,-0.998989031901936,-0.0449545786281327));
#12038=DIRECTION('',(0.,0.998989031901936,0.0449545786281327));
#12039=DIRECTION('',(1.,0.,0.));
#12040=DIRECTION('',(0.,-0.998989031901936,-0.0449545786281327));
#12041=DIRECTION('center_axis',(0.,-0.0623782875740512,0.998052578394209));
#12042=DIRECTION('ref_axis',(0.,-0.998052578394209,-0.0623782875740512));
#12043=DIRECTION('',(0.,0.998052578394209,0.0623782875740512));
#12044=DIRECTION('',(1.,0.,0.));
#12045=DIRECTION('',(0.,-0.998052578394209,-0.0623782875740512));
#12046=DIRECTION('center_axis',(0.,-0.0846946349255263,0.996406954419143));
#12047=DIRECTION('ref_axis',(0.,-0.996406954419143,-0.0846946349255263));
#12048=DIRECTION('',(0.,0.996406954419143,0.0846946349255263));
#12049=DIRECTION('',(1.,0.,0.));
#12050=DIRECTION('',(0.,-0.996406954419143,-0.0846946349255263));
#12051=DIRECTION('center_axis',(0.,-0.111794501503716,0.993731346709731));
#12052=DIRECTION('ref_axis',(0.,-0.993731346709731,-0.111794501503716));
#12053=DIRECTION('',(0.,0.993731346709731,0.111794501503716));
#12054=DIRECTION('',(1.,0.,0.));
#12055=DIRECTION('',(0.,-0.993731346709731,-0.111794501503716));
#12056=DIRECTION('center_axis',(0.,-0.141075248612431,0.989998875872564));
#12057=DIRECTION('ref_axis',(0.,-0.989998875872564,-0.141075248612431));
#12058=DIRECTION('',(0.,0.989998875872564,0.141075248612431));
#12059=DIRECTION('',(1.,0.,0.));
#12060=DIRECTION('',(0.,-0.989998875872564,-0.141075248612431));
#12061=DIRECTION('center_axis',(0.,-0.172380072669559,0.98503051249514));
#12062=DIRECTION('ref_axis',(0.,-0.98503051249514,-0.172380072669559));
#12063=DIRECTION('',(0.,0.98503051249514,0.172380072669559));
#12064=DIRECTION('',(1.,0.,0.));
#12065=DIRECTION('',(0.,-0.98503051249514,-0.172380072669559));
#12066=DIRECTION('center_axis',(0.,-0.200823789114022,0.979627381061742));
#12067=DIRECTION('ref_axis',(0.,-0.979627381061742,-0.200823789114022));
#12068=DIRECTION('',(0.,0.979627381061742,0.200823789114022));
#12069=DIRECTION('',(1.,0.,0.));
#12070=DIRECTION('',(0.,-0.979627381061742,-0.200823789114022));
#12071=DIRECTION('center_axis',(0.,-0.235669422691676,0.971833279533157));
#12072=DIRECTION('ref_axis',(0.,-0.971833279533157,-0.235669422691676));
#12073=DIRECTION('',(0.,0.971833279533157,0.235669422691676));
#12074=DIRECTION('',(1.,0.,0.));
#12075=DIRECTION('',(0.,-0.971833279533157,-0.235669422691676));
#12076=DIRECTION('center_axis',(0.,-0.269629919652862,0.962964021356972));
#12077=DIRECTION('ref_axis',(0.,-0.962964021356972,-0.269629919652862));
#12078=DIRECTION('',(0.,0.962964021356972,0.269629919652862));
#12079=DIRECTION('',(1.,0.,0.));
#12080=DIRECTION('',(0.,-0.962964021356972,-0.269629919652862));
#12081=DIRECTION('center_axis',(0.,-0.31123425408194,0.950333225287877));
#12082=DIRECTION('ref_axis',(0.,-0.950333225287877,-0.31123425408194));
#12083=DIRECTION('',(0.,0.950333225287877,0.31123425408194));
#12084=DIRECTION('',(1.,0.,0.));
#12085=DIRECTION('',(0.,-0.950333225287877,-0.31123425408194));
#12086=DIRECTION('center_axis',(0.,-0.359291751800806,0.933225287424161));
#12087=DIRECTION('ref_axis',(0.,-0.933225287424161,-0.359291751800806));
#12088=DIRECTION('',(0.,0.933225287424161,0.359291751800806));
#12089=DIRECTION('',(1.,0.,0.));
#12090=DIRECTION('',(0.,-0.933225287424161,-0.359291751800806));
#12091=DIRECTION('center_axis',(0.,-0.406562424180485,0.913623004988648));
#12092=DIRECTION('ref_axis',(0.,-0.913623004988648,-0.406562424180485));
#12093=DIRECTION('',(0.,0.913623004988648,0.406562424180485));
#12094=DIRECTION('',(1.,0.,0.));
#12095=DIRECTION('',(0.,-0.913623004988648,-0.406562424180485));
#12096=DIRECTION('center_axis',(0.,-0.457850066627771,0.889029423860057));
#12097=DIRECTION('ref_axis',(0.,-0.889029423860057,-0.457850066627771));
#12098=DIRECTION('',(0.,0.889029423860057,0.457850066627771));
#12099=DIRECTION('',(1.,0.,0.));
#12100=DIRECTION('',(0.,-0.889029423860057,-0.457850066627771));
#12101=DIRECTION('center_axis',(0.,-0.523859808651802,0.851804496864919));
#12102=DIRECTION('ref_axis',(0.,-0.851804496864919,-0.523859808651802));
#12103=DIRECTION('',(0.,0.851804496864919,0.523859808651802));
#12104=DIRECTION('',(1.,0.,0.));
#12105=DIRECTION('',(0.,-0.851804496864919,-0.523859808651802));
#12106=DIRECTION('center_axis',(0.,-0.607597459096481,0.794245130737042));
#12107=DIRECTION('ref_axis',(0.,-0.794245130737042,-0.607597459096481));
#12108=DIRECTION('',(0.,0.794245130737042,0.607597459096481));
#12109=DIRECTION('',(1.,0.,0.));
#12110=DIRECTION('',(0.,-0.794245130737042,-0.607597459096481));
#12111=DIRECTION('center_axis',(0.,-0.683941234092955,0.729537105504172));
#12112=DIRECTION('ref_axis',(0.,-0.729537105504172,-0.683941234092955));
#12113=DIRECTION('',(0.,0.729537105504172,0.683941234092955));
#12114=DIRECTION('',(1.,0.,0.));
#12115=DIRECTION('',(0.,-0.729537105504172,-0.683941234092955));
#12116=DIRECTION('center_axis',(0.,-0.715781914736946,0.698323886556597));
#12117=DIRECTION('ref_axis',(0.,-0.698323886556597,-0.715781914736946));
#12118=DIRECTION('',(0.,0.698323886556597,0.715781914736946));
#12119=DIRECTION('',(1.,0.,0.));
#12120=DIRECTION('',(0.,-0.698323886556597,-0.715781914736946));
#12121=DIRECTION('center_axis',(0.,-0.771470905163043,0.636264601000963));
#12122=DIRECTION('ref_axis',(0.,-0.636264601000963,-0.771470905163043));
#12123=DIRECTION('',(0.,0.636264601000963,0.771470905163043));
#12124=DIRECTION('',(1.,0.,0.));
#12125=DIRECTION('',(0.,-0.636264601000963,-0.771470905163043));
#12126=DIRECTION('center_axis',(0.,-0.840296673182243,0.542126831137193));
#12127=DIRECTION('ref_axis',(0.,-0.542126831137193,-0.840296673182243));
#12128=DIRECTION('',(0.,0.542126831137193,0.840296673182243));
#12129=DIRECTION('',(1.,0.,0.));
#12130=DIRECTION('',(0.,-0.542126831137193,-0.840296673182243));
#12131=DIRECTION('center_axis',(0.,-0.89876845614239,0.438423610499509));
#12132=DIRECTION('ref_axis',(0.,-0.438423610499509,-0.89876845614239));
#12133=DIRECTION('',(0.,0.438423610499509,0.89876845614239));
#12134=DIRECTION('',(1.,0.,0.));
#12135=DIRECTION('',(0.,-0.438423610499509,-0.89876845614239));
#12136=DIRECTION('center_axis',(0.,-0.941741937663497,0.336336324005902));
#12137=DIRECTION('ref_axis',(0.,-0.336336324005902,-0.941741937663497));
#12138=DIRECTION('',(0.,0.336336324005902,0.941741937663497));
#12139=DIRECTION('',(1.,0.,0.));
#12140=DIRECTION('',(0.,-0.336336324005902,-0.941741937663497));
#12141=DIRECTION('center_axis',(0.,-0.978105955396857,0.20810752032832));
#12142=DIRECTION('ref_axis',(0.,-0.20810752032832,-0.978105955396857));
#12143=DIRECTION('',(0.,0.20810752032832,0.978105955396857));
#12144=DIRECTION('',(1.,0.,0.));
#12145=DIRECTION('',(0.,-0.20810752032832,-0.978105955396857));
#12146=DIRECTION('center_axis',(0.,-0.994268655495148,-0.106910433073069));
#12147=DIRECTION('ref_axis',(0.,0.106910433073069,-0.994268655495148));
#12148=DIRECTION('',(0.,-0.106910433073069,0.994268655495148));
#12149=DIRECTION('',(1.,0.,0.));
#12150=DIRECTION('',(0.,0.106910433073069,-0.994268655495148));
#12151=DIRECTION('center_axis',(0.,-0.933345704929527,-0.35897882261995));
#12152=DIRECTION('ref_axis',(0.,0.35897882261995,-0.933345704929527));
#12153=DIRECTION('',(0.,-0.35897882261995,0.933345704929527));
#12154=DIRECTION('',(1.,0.,0.));
#12155=DIRECTION('',(0.,0.35897882261995,-0.933345704929527));
#12156=DIRECTION('center_axis',(0.,-0.879706529840812,-0.475517004275805));
#12157=DIRECTION('ref_axis',(0.,0.475517004275805,-0.879706529840812));
#12158=DIRECTION('',(0.,-0.475517004275805,0.879706529840812));
#12159=DIRECTION('',(1.,0.,0.));
#12160=DIRECTION('',(0.,0.475517004275805,-0.879706529840812));
#12161=DIRECTION('center_axis',(0.,-0.803557255847552,-0.59522746624694));
#12162=DIRECTION('ref_axis',(0.,0.59522746624694,-0.803557255847552));
#12163=DIRECTION('',(0.,-0.59522746624694,0.803557255847552));
#12164=DIRECTION('',(1.,0.,0.));
#12165=DIRECTION('',(0.,0.59522746624694,-0.803557255847552));
#12166=DIRECTION('center_axis',(0.,-0.688749551073695,-0.724999348893352));
#12167=DIRECTION('ref_axis',(0.,0.724999348893352,-0.688749551073694));
#12168=DIRECTION('',(0.,-0.724999348893352,0.688749551073694));
#12169=DIRECTION('',(1.,0.,0.));
#12170=DIRECTION('',(0.,0.724999348893352,-0.688749551073694));
#12171=DIRECTION('center_axis',(0.,-0.552293356143125,-0.83364983581847));
#12172=DIRECTION('ref_axis',(0.,0.83364983581847,-0.552293356143125));
#12173=DIRECTION('',(0.,-0.83364983581847,0.552293356143125));
#12174=DIRECTION('',(1.,0.,0.));
#12175=DIRECTION('',(0.,0.83364983581847,-0.552293356143125));
#12176=DIRECTION('center_axis',(0.,-0.381331125044481,-0.924438517735123));
#12177=DIRECTION('ref_axis',(0.,0.924438517735123,-0.381331125044481));
#12178=DIRECTION('',(0.,-0.924438517735123,0.381331125044481));
#12179=DIRECTION('',(1.,0.,0.));
#12180=DIRECTION('',(0.,0.924438517735123,-0.381331125044481));
#12181=DIRECTION('center_axis',(0.,-0.228768088431326,-0.973480950874478));
#12182=DIRECTION('ref_axis',(0.,0.973480950874478,-0.228768088431326));
#12183=DIRECTION('',(0.,-0.973480950874478,0.228768088431326));
#12184=DIRECTION('',(1.,0.,0.));
#12185=DIRECTION('',(0.,0.973480950874478,-0.228768088431326));
#12186=DIRECTION('center_axis',(0.,-0.186660856652753,-0.982424411643797));
#12187=DIRECTION('ref_axis',(0.,0.982424411643797,-0.186660856652753));
#12188=DIRECTION('',(0.,-0.982424411643797,0.186660856652753));
#12189=DIRECTION('',(1.,0.,0.));
#12190=DIRECTION('',(0.,0.982424411643797,-0.186660856652753));
#12191=DIRECTION('center_axis',(0.,-0.153171081126821,-0.988199686250932));
#12192=DIRECTION('ref_axis',(0.,0.988199686250932,-0.153171081126821));
#12193=DIRECTION('',(0.,-0.988199686250932,0.153171081126821));
#12194=DIRECTION('',(1.,0.,0.));
#12195=DIRECTION('',(0.,0.988199686250932,-0.153171081126821));
#12196=DIRECTION('center_axis',(0.,-0.109340529535168,-0.994004350393382));
#12197=DIRECTION('ref_axis',(0.,0.994004350393382,-0.109340529535168));
#12198=DIRECTION('',(0.,-0.994004350393382,0.109340529535168));
#12199=DIRECTION('',(1.,0.,0.));
#12200=DIRECTION('',(0.,0.994004350393382,-0.109340529535168));
#12201=DIRECTION('center_axis',(0.,-0.0648632970072817,-0.997894159067656));
#12202=DIRECTION('ref_axis',(0.,0.997894159067656,-0.0648632970072817));
#12203=DIRECTION('',(0.,-0.997894159067656,0.0648632970072817));
#12204=DIRECTION('',(1.,0.,0.));
#12205=DIRECTION('',(0.,0.997894159067656,-0.0648632970072817));
#12206=DIRECTION('center_axis',(0.,-0.0474466270923425,-0.998873774596951));
#12207=DIRECTION('ref_axis',(0.,0.998873774596951,-0.0474466270923425));
#12208=DIRECTION('',(0.,-0.998873774596951,0.0474466270923425));
#12209=DIRECTION('',(1.,0.,0.));
#12210=DIRECTION('',(0.,0.998873774596951,-0.0474466270923425));
#12211=DIRECTION('center_axis',(0.,-0.0261563583462238,-0.999657863930487));
#12212=DIRECTION('ref_axis',(0.,0.999657863930487,-0.0261563583462238));
#12213=DIRECTION('',(0.,-0.999657863930487,0.0261563583462238));
#12214=DIRECTION('',(1.,0.,0.));
#12215=DIRECTION('',(0.,0.999657863930487,-0.0261563583462238));
#12216=DIRECTION('center_axis',(0.,-0.0251493922435719,-0.999683704013314));
#12217=DIRECTION('ref_axis',(0.,0.999683704013314,-0.0251493922435718));
#12218=DIRECTION('',(0.,-0.999683704013314,0.0251493922435718));
#12219=DIRECTION('',(1.,0.,0.));
#12220=DIRECTION('',(0.,0.999683704013314,-0.0251493922435718));
#12221=DIRECTION('center_axis',(0.,-0.0149984998293298,-0.999887516175129));
#12222=DIRECTION('ref_axis',(0.,0.999887516175129,-0.0149984998293298));
#12223=DIRECTION('',(0.,-0.999887516175129,0.0149984998293298));
#12224=DIRECTION('',(1.,0.,0.));
#12225=DIRECTION('',(0.,0.999887516175129,-0.0149984998293298));
#12226=DIRECTION('center_axis',(0.,-6.61268281198606E-8,-0.999999999999998));
#12227=DIRECTION('ref_axis',(0.,0.999999999999998,-6.61268281198606E-8));
#12228=DIRECTION('',(0.,-0.999999999999998,6.61268281198606E-8));
#12229=DIRECTION('',(1.,0.,0.));
#12230=DIRECTION('',(0.,0.999999999999998,-6.61268281198606E-8));
#12231=DIRECTION('center_axis',(0.,0.00999944345831897,-0.999950004315478));
#12232=DIRECTION('ref_axis',(0.,0.999950004315478,0.00999944345831897));
#12233=DIRECTION('',(0.,-0.999950004315478,-0.00999944345831897));
#12234=DIRECTION('',(1.,0.,0.));
#12235=DIRECTION('',(0.,0.999950004315478,0.00999944345831897));
#12236=DIRECTION('center_axis',(0.,0.0199960764649122,-0.999800058474698));
#12237=DIRECTION('ref_axis',(0.,0.999800058474698,0.0199960764649122));
#12238=DIRECTION('',(0.,-0.999800058474698,-0.0199960764649122));
#12239=DIRECTION('',(1.,0.,0.));
#12240=DIRECTION('',(0.,0.999800058474698,0.0199960764649122));
#12241=DIRECTION('center_axis',(0.,0.024992169077033,-0.999687646960202));
#12242=DIRECTION('ref_axis',(0.,0.999687646960202,0.024992169077033));
#12243=DIRECTION('',(0.,-0.999687646960202,-0.024992169077033));
#12244=DIRECTION('',(1.,0.,0.));
#12245=DIRECTION('',(0.,0.999687646960202,0.024992169077033));
#12246=DIRECTION('center_axis',(0.,0.032482911066732,-0.999472291005924));
#12247=DIRECTION('ref_axis',(0.,0.999472291005924,0.032482911066732));
#12248=DIRECTION('',(0.,-0.999472291005924,-0.032482911066732));
#12249=DIRECTION('',(1.,0.,0.));
#12250=DIRECTION('',(0.,0.999472291005924,0.032482911066732));
#12251=DIRECTION('center_axis',(0.,0.0349786197262071,-0.999388060846261));
#12252=DIRECTION('ref_axis',(0.,0.999388060846261,0.0349786197262071));
#12253=DIRECTION('',(0.,-0.999388060846261,-0.0349786197262071));
#12254=DIRECTION('',(1.,0.,0.));
#12255=DIRECTION('',(0.,0.999388060846261,0.0349786197262071));
#12256=DIRECTION('center_axis',(0.,0.0374738010376808,-0.999297610442349));
#12257=DIRECTION('ref_axis',(0.,0.999297610442349,0.0374738010376808));
#12258=DIRECTION('',(0.,-0.999297610442349,-0.0374738010376808));
#12259=DIRECTION('',(1.,0.,0.));
#12260=DIRECTION('',(0.,0.999297610442349,0.0374738010376808));
#12261=DIRECTION('center_axis',(0.,0.0374737382658029,-0.999297612796301));
#12262=DIRECTION('ref_axis',(0.,0.999297612796301,0.0374737382658029));
#12263=DIRECTION('',(0.,-0.999297612796301,-0.0374737382658029));
#12264=DIRECTION('',(1.,0.,0.));
#12265=DIRECTION('',(0.,0.999297612796301,0.0374737382658029));
#12266=DIRECTION('center_axis',(0.,0.0374739267310459,-0.999297605728822));
#12267=DIRECTION('ref_axis',(0.,0.999297605728822,0.0374739267310459));
#12268=DIRECTION('',(0.,-0.999297605728822,-0.0374739267310459));
#12269=DIRECTION('',(1.,0.,0.));
#12270=DIRECTION('',(0.,0.999297605728822,0.0374739267310459));
#12271=DIRECTION('center_axis',(1.,0.,0.));
#12272=DIRECTION('ref_axis',(0.,0.0373531896194379,-0.999302126098636));
#12273=DIRECTION('center_axis',(-1.,0.,0.));
#12274=DIRECTION('ref_axis',(0.,0.0373531896194379,-0.999302126098636));
#12275=DIRECTION('',(1.,0.,0.));
#12276=DIRECTION('center_axis',(1.,0.,0.));
#12277=DIRECTION('ref_axis',(0.,0.0373531896194379,-0.999302126098636));
#12278=DIRECTION('center_axis',(0.,0.0374740139820762,-0.999297602456881));
#12279=DIRECTION('ref_axis',(0.,0.999297602456881,0.0374740139820762));
#12280=DIRECTION('',(0.,-0.999297602456881,-0.0374740139820762));
#12281=DIRECTION('',(1.,0.,0.));
#12282=DIRECTION('',(0.,0.999297602456881,0.0374740139820762));
#12283=DIRECTION('center_axis',(0.,0.0365617943802994,-0.999331394078908));
#12284=DIRECTION('ref_axis',(0.,0.999331394078908,0.0365617943802994));
#12285=DIRECTION('',(0.,-0.999331394078908,-0.0365617943802994));
#12286=DIRECTION('',(1.,0.,0.));
#12287=DIRECTION('',(0.,0.999331394078908,0.0365617943802994));
#12288=DIRECTION('center_axis',(0.,0.034978989578321,-0.999388047901354));
#12289=DIRECTION('ref_axis',(0.,0.999388047901354,0.034978989578321));
#12290=DIRECTION('',(0.,-0.999388047901354,-0.034978989578321));
#12291=DIRECTION('',(1.,0.,0.));
#12292=DIRECTION('',(0.,0.999388047901354,0.034978989578321));
#12293=DIRECTION('center_axis',(0.,0.0374742678748485,-0.99929759293578));
#12294=DIRECTION('ref_axis',(0.,0.99929759293578,0.0374742678748485));
#12295=DIRECTION('',(0.,-0.99929759293578,-0.0374742678748485));
#12296=DIRECTION('',(1.,0.,0.));
#12297=DIRECTION('',(0.,0.99929759293578,0.0374742678748485));
#12298=DIRECTION('center_axis',(0.,0.0349793213417849,-0.999388036289443));
#12299=DIRECTION('ref_axis',(0.,0.999388036289443,0.0349793213417849));
#12300=DIRECTION('',(0.,-0.999388036289443,-0.0349793213417849));
#12301=DIRECTION('',(1.,0.,0.));
#12302=DIRECTION('',(0.,0.999388036289443,0.0349793213417849));
#12303=DIRECTION('center_axis',(0.,0.0374747082872434,-0.99929757641995));
#12304=DIRECTION('ref_axis',(0.,0.99929757641995,0.0374747082872434));
#12305=DIRECTION('',(0.,-0.99929757641995,-0.0374747082872434));
#12306=DIRECTION('',(0.,0.99929757641995,0.0374747082872434));
#12307=DIRECTION('center_axis',(-1.,0.,0.));
#12308=DIRECTION('ref_axis',(0.,0.,1.));
#12309=DIRECTION('center_axis',(-1.,0.,0.));
#12310=DIRECTION('ref_axis',(0.,0.,1.));
#12311=DIRECTION('center_axis',(-1.,0.,0.));
#12312=DIRECTION('ref_axis',(0.,0.,1.));
#12313=DIRECTION('',(0.,-0.999297755350038,-0.0374699366475986));
#12314=DIRECTION('',(0.,-0.999297678222116,-0.0374719935403488));
#12315=DIRECTION('',(0.,0.999332592503244,0.036529023539454));
#12316=DIRECTION('center_axis',(1.,0.,0.));
#12317=DIRECTION('ref_axis',(0.,-0.999994992749015,-0.00316456583091634));
#12318=DIRECTION('',(0.,0.00316459677643683,-0.999994992651085));
#12319=DIRECTION('center_axis',(1.,0.,0.));
#12320=DIRECTION('ref_axis',(0.,0.163088643716217,0.986611420109663));
#12321=DIRECTION('',(0.,-0.987228755249095,0.159309085771409));
#12322=DIRECTION('',(0.,-0.986597250030033,0.163174343060349));
#12323=DIRECTION('',(0.,-0.985753899118796,0.16819408542541));
#12324=DIRECTION('',(0.,-0.984960174101481,0.172781525152374));
#12325=DIRECTION('',(0.,-0.984104396119935,0.177590927520014));
#12326=DIRECTION('',(0.,-0.982784252734152,0.184756901299448));
#12327=DIRECTION('',(0.,-0.981416503446909,0.191889673411686));
#12328=DIRECTION('',(0.,-0.980947127082122,0.194274892534605));
#12329=DIRECTION('',(0.,-0.979516843554395,0.201362243713251));
#12330=DIRECTION('',(0.,-0.979027180360334,0.203729674116695));
#12331=DIRECTION('',(0.,-0.977535265425544,0.210771926141531));
#12332=DIRECTION('',(0.,-0.976514136878962,0.21545333711859));
#12333=DIRECTION('',(0.,-0.975473002888421,0.220119105567526));
#12334=DIRECTION('',(0.,-0.974412038598185,0.224769168337052));
#12335=DIRECTION('',(0.,-0.974427112152174,0.224703811945355));
#12336=DIRECTION('',(0.,-0.973347473850946,0.229335333404997));
#12337=DIRECTION('',(0.,-0.972248411873443,0.233950904271748));
#12338=DIRECTION('',(0.,-0.973365860054449,0.22925728446543));
#12339=DIRECTION('',(0.,0.999414681524303,0.0342095652365689));
#12340=DIRECTION('',(0.,0.999235505757673,0.0390948082640974));
#12341=DIRECTION('',(0.,0.99941757200978,0.0341250166018378));
#12342=DIRECTION('',(0.,0.999416869277516,0.0341455912751168));
#12343=DIRECTION('',(0.,0.999330086027779,0.0365975294208711));
#12344=DIRECTION('',(0.,0.999328554116024,0.0366393358069948));
#12345=DIRECTION('',(0.,0.999415167556793,0.0341953630983537));
#12346=DIRECTION('',(0.,0.999581850259611,0.028915819745821));
#12347=DIRECTION('',(0.,0.999297607103294,0.0374738900786928));
#12348=DIRECTION('',(0.,0.999297609364483,0.0374738297806381));
#12349=DIRECTION('',(0.,0.999388058244514,0.0349786940616598));
#12350=DIRECTION('',(0.,0.999325849336534,0.0367130337593414));
#12351=DIRECTION('',(0.,0.999297618042639,0.0374735983634932));
#12352=DIRECTION('',(0.,0.999297627092124,0.0374733570427117));
#12353=DIRECTION('',(0.,0.999388088297239,0.0349778354045802));
#12354=DIRECTION('',(0.,0.999325849336534,0.0367130337593414));
#12355=DIRECTION('center_axis',(0.,0.0374699366475986,-0.999297755350038));
#12356=DIRECTION('ref_axis',(0.,0.999297755350038,0.0374699366475986));
#12357=DIRECTION('',(1.,0.,0.));
#12358=DIRECTION('',(0.,0.999297755350038,0.0374699366475986));
#12359=DIRECTION('',(1.,0.,0.));
#12360=DIRECTION('center_axis',(0.,-0.0367130337593414,0.999325849336534));
#12361=DIRECTION('ref_axis',(0.,-0.999325849336534,-0.0367130337593414));
#12362=DIRECTION('',(1.,0.,0.));
#12363=DIRECTION('',(0.,-0.999325849336534,-0.0367130337593414));
#12364=DIRECTION('',(1.,0.,0.));
#12365=DIRECTION('center_axis',(0.,-0.0349778354045802,0.999388088297239));
#12366=DIRECTION('ref_axis',(0.,-0.999388088297239,-0.0349778354045802));
#12367=DIRECTION('',(1.,0.,0.));
#12368=DIRECTION('',(0.,-0.999388088297239,-0.0349778354045802));
#12369=DIRECTION('center_axis',(0.,-0.0374733570427117,0.999297627092124));
#12370=DIRECTION('ref_axis',(0.,-0.999297627092124,-0.0374733570427117));
#12371=DIRECTION('',(1.,0.,0.));
#12372=DIRECTION('',(0.,-0.999297627092124,-0.0374733570427117));
#12373=DIRECTION('center_axis',(0.,-0.0374735983634932,0.999297618042639));
#12374=DIRECTION('ref_axis',(0.,-0.999297618042639,-0.0374735983634932));
#12375=DIRECTION('',(1.,0.,0.));
#12376=DIRECTION('',(0.,-0.999297618042639,-0.0374735983634932));
#12377=DIRECTION('center_axis',(0.,-0.0367130337593414,0.999325849336534));
#12378=DIRECTION('ref_axis',(0.,-0.999325849336534,-0.0367130337593414));
#12379=DIRECTION('',(1.,0.,0.));
#12380=DIRECTION('',(0.,-0.999325849336534,-0.0367130337593414));
#12381=DIRECTION('center_axis',(0.,-0.0349786940616598,0.999388058244514));
#12382=DIRECTION('ref_axis',(0.,-0.999388058244514,-0.0349786940616598));
#12383=DIRECTION('',(1.,0.,0.));
#12384=DIRECTION('',(0.,-0.999388058244514,-0.0349786940616598));
#12385=DIRECTION('center_axis',(0.,-0.0374738297806381,0.999297609364483));
#12386=DIRECTION('ref_axis',(0.,-0.999297609364483,-0.0374738297806381));
#12387=DIRECTION('',(1.,0.,0.));
#12388=DIRECTION('',(0.,-0.999297609364483,-0.0374738297806381));
#12389=DIRECTION('center_axis',(0.,-0.0374738900786928,0.999297607103294));
#12390=DIRECTION('ref_axis',(0.,-0.999297607103294,-0.0374738900786928));
#12391=DIRECTION('',(1.,0.,0.));
#12392=DIRECTION('',(0.,-0.999297607103294,-0.0374738900786928));
#12393=DIRECTION('center_axis',(0.,-0.028915819745821,0.999581850259611));
#12394=DIRECTION('ref_axis',(0.,-0.999581850259611,-0.028915819745821));
#12395=DIRECTION('',(1.,0.,0.));
#12396=DIRECTION('',(0.,-0.999581850259611,-0.028915819745821));
#12397=DIRECTION('center_axis',(0.,-0.0341953630983537,0.999415167556793));
#12398=DIRECTION('ref_axis',(0.,-0.999415167556793,-0.0341953630983537));
#12399=DIRECTION('',(1.,0.,0.));
#12400=DIRECTION('',(0.,-0.999415167556793,-0.0341953630983537));
#12401=DIRECTION('center_axis',(0.,-0.0366393358069948,0.999328554116024));
#12402=DIRECTION('ref_axis',(0.,-0.999328554116024,-0.0366393358069948));
#12403=DIRECTION('',(1.,0.,0.));
#12404=DIRECTION('',(0.,-0.999328554116024,-0.0366393358069948));
#12405=DIRECTION('center_axis',(0.,-0.0365975294208711,0.999330086027779));
#12406=DIRECTION('ref_axis',(0.,-0.999330086027779,-0.0365975294208711));
#12407=DIRECTION('',(1.,0.,0.));
#12408=DIRECTION('',(0.,-0.999330086027779,-0.0365975294208711));
#12409=DIRECTION('center_axis',(0.,-0.0341455912751168,0.999416869277517));
#12410=DIRECTION('ref_axis',(0.,-0.999416869277516,-0.0341455912751168));
#12411=DIRECTION('',(1.,0.,0.));
#12412=DIRECTION('',(0.,-0.999416869277516,-0.0341455912751168));
#12413=DIRECTION('center_axis',(0.,-0.0341250166018378,0.99941757200978));
#12414=DIRECTION('ref_axis',(0.,-0.99941757200978,-0.0341250166018378));
#12415=DIRECTION('',(1.,0.,0.));
#12416=DIRECTION('',(0.,-0.99941757200978,-0.0341250166018378));
#12417=DIRECTION('center_axis',(0.,-0.0390948082640974,0.999235505757674));
#12418=DIRECTION('ref_axis',(0.,-0.999235505757673,-0.0390948082640974));
#12419=DIRECTION('',(1.,0.,0.));
#12420=DIRECTION('',(0.,-0.999235505757673,-0.0390948082640974));
#12421=DIRECTION('center_axis',(0.,-0.0342095652365689,0.999414681524303));
#12422=DIRECTION('ref_axis',(0.,-0.999414681524303,-0.0342095652365689));
#12423=DIRECTION('',(1.,0.,0.));
#12424=DIRECTION('',(0.,-0.999414681524303,-0.0342095652365689));
#12425=DIRECTION('center_axis',(0.,-0.22925728446543,-0.973365860054449));
#12426=DIRECTION('ref_axis',(0.,0.973365860054449,-0.22925728446543));
#12427=DIRECTION('',(1.,0.,0.));
#12428=DIRECTION('',(0.,0.973365860054449,-0.22925728446543));
#12429=DIRECTION('center_axis',(0.,-0.233950904271748,-0.972248411873443));
#12430=DIRECTION('ref_axis',(0.,0.972248411873443,-0.233950904271748));
#12431=DIRECTION('',(1.,0.,0.));
#12432=DIRECTION('',(0.,0.972248411873443,-0.233950904271748));
#12433=DIRECTION('center_axis',(0.,-0.229335333404997,-0.973347473850946));
#12434=DIRECTION('ref_axis',(0.,0.973347473850946,-0.229335333404997));
#12435=DIRECTION('',(1.,0.,0.));
#12436=DIRECTION('',(0.,0.973347473850946,-0.229335333404997));
#12437=DIRECTION('center_axis',(-1.,0.,0.));
#12438=DIRECTION('ref_axis',(0.,0.,1.));
#12439=DIRECTION('',(0.,0.974427112152174,-0.224703811945355));
#12440=DIRECTION('',(0.,0.974412038598185,-0.224769168337052));
#12441=DIRECTION('',(0.,0.975473002888421,-0.220119105567526));
#12442=DIRECTION('',(0.,0.976514136878962,-0.21545333711859));
#12443=DIRECTION('',(0.,0.977535265425544,-0.210771926141531));
#12444=DIRECTION('',(0.,0.979027180360334,-0.203729674116695));
#12445=DIRECTION('',(0.,0.979516843554395,-0.201362243713251));
#12446=DIRECTION('',(0.,0.980947127082122,-0.194274892534605));
#12447=DIRECTION('',(0.,0.981416503446909,-0.191889673411686));
#12448=DIRECTION('',(0.,0.982784252734152,-0.184756901299448));
#12449=DIRECTION('',(0.,0.984104396119935,-0.177590927520014));
#12450=DIRECTION('',(0.,0.984960174101481,-0.172781525152374));
#12451=DIRECTION('',(0.,0.985753899118796,-0.16819408542541));
#12452=DIRECTION('',(0.,0.986597250030033,-0.163174343060349));
#12453=DIRECTION('',(0.,0.987228755249095,-0.159309085771409));
#12454=DIRECTION('center_axis',(-1.,0.,0.));
#12455=DIRECTION('ref_axis',(0.,0.163088643716217,0.986611420109663));
#12456=DIRECTION('',(0.,-0.00316459677643683,0.999994992651085));
#12457=DIRECTION('center_axis',(-1.,0.,0.));
#12458=DIRECTION('ref_axis',(0.,-0.999994992749015,-0.00316456583091634));
#12459=DIRECTION('',(0.,-0.999332592503244,-0.036529023539454));
#12460=DIRECTION('',(0.,0.999297678222116,0.0374719935403488));
#12461=DIRECTION('center_axis',(0.,-0.224703811945355,-0.974427112152175));
#12462=DIRECTION('ref_axis',(0.,0.974427112152174,-0.224703811945355));
#12463=DIRECTION('',(1.,0.,0.));
#12464=DIRECTION('center_axis',(-1.,0.,0.));
#12465=DIRECTION('ref_axis',(0.,0.,1.));
#12466=DIRECTION('',(0.,0.999297755350038,0.0374699366475986));
#12467=DIRECTION('',(0.,0.999339480416988,0.0363401001636497));
#12468=DIRECTION('',(0.,-0.999325849336534,-0.0367130337593414));
#12469=DIRECTION('center_axis',(-1.,0.,0.));
#12470=DIRECTION('ref_axis',(0.,0.,1.));
#12471=DIRECTION('',(0.,0.999297755350038,0.0374699366475986));
#12472=DIRECTION('',(0.,0.999325849336534,0.0367130337593414));
#12473=DIRECTION('',(0.,0.999339480416988,0.0363401001636497));
#12474=DIRECTION('center_axis',(0.,-0.224769168337052,-0.974412038598185));
#12475=DIRECTION('ref_axis',(0.,0.974412038598185,-0.224769168337052));
#12476=DIRECTION('',(1.,0.,0.));
#12477=DIRECTION('center_axis',(0.,-0.220119105567526,-0.975473002888421));
#12478=DIRECTION('ref_axis',(0.,0.975473002888421,-0.220119105567526));
#12479=DIRECTION('',(1.,0.,0.));
#12480=DIRECTION('center_axis',(0.,-0.21545333711859,-0.976514136878962));
#12481=DIRECTION('ref_axis',(0.,0.976514136878962,-0.21545333711859));
#12482=DIRECTION('',(1.,0.,0.));
#12483=DIRECTION('center_axis',(0.,-0.210771926141531,-0.977535265425544));
#12484=DIRECTION('ref_axis',(0.,0.977535265425544,-0.210771926141531));
#12485=DIRECTION('',(1.,0.,0.));
#12486=DIRECTION('center_axis',(0.,-0.203729674116695,-0.979027180360334));
#12487=DIRECTION('ref_axis',(0.,0.979027180360334,-0.203729674116695));
#12488=DIRECTION('',(1.,0.,0.));
#12489=DIRECTION('center_axis',(0.,-0.201362243713251,-0.979516843554395));
#12490=DIRECTION('ref_axis',(0.,0.979516843554395,-0.201362243713251));
#12491=DIRECTION('',(1.,0.,0.));
#12492=DIRECTION('center_axis',(0.,-0.194274892534605,-0.980947127082121));
#12493=DIRECTION('ref_axis',(0.,0.980947127082122,-0.194274892534605));
#12494=DIRECTION('',(1.,0.,0.));
#12495=DIRECTION('center_axis',(0.,-0.191889673411686,-0.981416503446909));
#12496=DIRECTION('ref_axis',(0.,0.981416503446909,-0.191889673411686));
#12497=DIRECTION('',(1.,0.,0.));
#12498=DIRECTION('center_axis',(0.,-0.0374699366475986,0.999297755350038));
#12499=DIRECTION('ref_axis',(0.,-0.999297755350038,-0.0374699366475986));
#12500=DIRECTION('',(1.,0.,0.));
#12501=DIRECTION('',(1.,0.,0.));
#12502=DIRECTION('',(1.,0.,0.));
#12503=DIRECTION('center_axis',(0.,-0.184756901299448,-0.982784252734152));
#12504=DIRECTION('ref_axis',(0.,0.982784252734152,-0.184756901299448));
#12505=DIRECTION('',(1.,0.,0.));
#12506=DIRECTION('center_axis',(0.,-0.177590927520014,-0.984104396119935));
#12507=DIRECTION('ref_axis',(0.,0.984104396119935,-0.177590927520014));
#12508=DIRECTION('',(1.,0.,0.));
#12509=DIRECTION('center_axis',(0.,-0.172781525152374,-0.984960174101481));
#12510=DIRECTION('ref_axis',(0.,0.984960174101481,-0.172781525152374));
#12511=DIRECTION('',(1.,0.,0.));
#12512=DIRECTION('center_axis',(0.,-0.16819408542541,-0.985753899118796));
#12513=DIRECTION('ref_axis',(0.,0.985753899118796,-0.16819408542541));
#12514=DIRECTION('',(1.,0.,0.));
#12515=DIRECTION('center_axis',(0.,-0.163174343060349,-0.986597250030033));
#12516=DIRECTION('ref_axis',(0.,0.986597250030033,-0.163174343060349));
#12517=DIRECTION('',(1.,0.,0.));
#12518=DIRECTION('center_axis',(0.,-0.159309085771409,-0.987228755249095));
#12519=DIRECTION('ref_axis',(0.,0.987228755249095,-0.159309085771409));
#12520=DIRECTION('',(1.,0.,0.));
#12521=DIRECTION('center_axis',(1.,0.,0.));
#12522=DIRECTION('ref_axis',(0.,0.163088643716217,0.986611420109663));
#12523=DIRECTION('',(1.,0.,0.));
#12524=DIRECTION('center_axis',(0.,0.999994992651085,0.00316459677643683));
#12525=DIRECTION('ref_axis',(0.,-0.00316459677643683,0.999994992651085));
#12526=DIRECTION('',(1.,0.,0.));
#12527=DIRECTION('center_axis',(1.,0.,0.));
#12528=DIRECTION('ref_axis',(0.,-0.999994992749015,-0.00316456583091634));
#12529=DIRECTION('',(1.,0.,0.));
#12530=DIRECTION('center_axis',(0.,-0.036529023539454,0.999332592503244));
#12531=DIRECTION('ref_axis',(0.,-0.999332592503244,-0.036529023539454));
#12532=DIRECTION('',(1.,0.,0.));
#12533=DIRECTION('center_axis',(0.,0.0374719935403488,-0.999297678222116));
#12534=DIRECTION('ref_axis',(0.,0.999297678222116,0.0374719935403488));
#12535=DIRECTION('center_axis',(0.,0.0367130337593414,-0.999325849336534));
#12536=DIRECTION('ref_axis',(0.,0.999325849336534,0.0367130337593414));
#12537=DIRECTION('',(1.,0.,0.));
#12538=DIRECTION('center_axis',(0.,-0.0363401001636497,0.999339480416988));
#12539=DIRECTION('ref_axis',(0.,-0.999339480416988,-0.0363401001636497));
#12540=DIRECTION('center_axis',(-1.,0.,0.));
#12541=DIRECTION('ref_axis',(0.,0.,1.));
#12542=DIRECTION('center_axis',(1.,0.,0.));
#12543=DIRECTION('ref_axis',(0.,-0.999887517651532,0.0149984014033631));
#12544=DIRECTION('',(0.,-0.0149984998293304,-0.999887516175129));
#12545=DIRECTION('',(0.,-4.58485744357398E-5,-0.999999998948954));
#12546=DIRECTION('center_axis',(1.,0.,0.));
#12547=DIRECTION('ref_axis',(0.,-0.200823789114037,0.979627381061739));
#12548=DIRECTION('',(0.,-0.979627381061742,-0.200823789114022));
#12549=DIRECTION('',(0.,-0.98503051249514,-0.172380072669559));
#12550=DIRECTION('',(0.,-0.989998875872564,-0.141075248612431));
#12551=DIRECTION('',(0.,-0.993731346709731,-0.111794501503716));
#12552=DIRECTION('',(0.,-0.996406954419143,-0.0846946349255266));
#12553=DIRECTION('',(0.,-0.998052578394209,-0.0623782875740512));
#12554=DIRECTION('',(0.,-0.998989031901936,-0.0449545786281327));
#12555=DIRECTION('',(0.,-0.999388067873041,-0.034978418960689));
#12556=DIRECTION('',(0.,-0.999687644510523,-0.0249922670640592));
#12557=DIRECTION('center_axis',(1.,0.,0.));
#12558=DIRECTION('ref_axis',(0.,0.999639399486707,0.0268527651063497));
#12559=DIRECTION('',(0.,0.00398550449790534,0.99999205784541));
#12560=DIRECTION('center_axis',(1.,0.,0.));
#12561=DIRECTION('ref_axis',(0.,0.0374740139820779,-0.999297602456881));
#12562=DIRECTION('',(0.,0.999297605728822,0.0374739267310477));
#12563=DIRECTION('',(0.,0.999297612796301,0.0374737382658028));
#12564=DIRECTION('',(0.,0.999297610442349,0.0374738010376807));
#12565=DIRECTION('',(0.,0.999388060846261,0.0349786197262074));
#12566=DIRECTION('',(0.,0.999472291005924,0.0324829110667319));
#12567=DIRECTION('',(0.,0.999687646960202,0.0249921690770327));
#12568=DIRECTION('',(0.,0.999800058474698,0.0199960764649124));
#12569=DIRECTION('',(0.,0.999950004315478,0.00999944345831905));
#12570=DIRECTION('',(0.,0.999999999999998,-6.61268282722254E-8));
#12571=DIRECTION('center_axis',(1.,0.,0.));
#12572=DIRECTION('ref_axis',(0.,0.999639399486707,0.0268527651063497));
#12573=DIRECTION('',(1.,0.,0.));
#12574=DIRECTION('center_axis',(-1.,0.,0.));
#12575=DIRECTION('ref_axis',(0.,0.999639399486707,0.0268527651063497));
#12576=DIRECTION('',(1.,0.,0.));
#12577=DIRECTION('center_axis',(0.,0.0249922670640592,-0.999687644510523));
#12578=DIRECTION('ref_axis',(0.,0.999687644510523,0.0249922670640592));
#12579=DIRECTION('',(1.,0.,0.));
#12580=DIRECTION('',(0.,0.999687644510523,0.0249922670640592));
#12581=DIRECTION('',(1.,0.,0.));
#12582=DIRECTION('center_axis',(0.,0.034978418960689,-0.999388067873041));
#12583=DIRECTION('ref_axis',(0.,0.999388067873041,0.034978418960689));
#12584=DIRECTION('',(1.,0.,0.));
#12585=DIRECTION('',(0.,0.999388067873041,0.034978418960689));
#12586=DIRECTION('center_axis',(0.,0.0449545786281327,-0.998989031901936));
#12587=DIRECTION('ref_axis',(0.,0.998989031901936,0.0449545786281327));
#12588=DIRECTION('',(1.,0.,0.));
#12589=DIRECTION('',(0.,0.998989031901936,0.0449545786281327));
#12590=DIRECTION('center_axis',(0.,0.0623782875740512,-0.998052578394209));
#12591=DIRECTION('ref_axis',(0.,0.998052578394209,0.0623782875740512));
#12592=DIRECTION('',(1.,0.,0.));
#12593=DIRECTION('',(0.,0.998052578394209,0.0623782875740512));
#12594=DIRECTION('center_axis',(0.,0.0846946349255266,-0.996406954419143));
#12595=DIRECTION('ref_axis',(0.,0.996406954419143,0.0846946349255266));
#12596=DIRECTION('',(1.,0.,0.));
#12597=DIRECTION('',(0.,0.996406954419143,0.0846946349255266));
#12598=DIRECTION('center_axis',(0.,0.111794501503716,-0.993731346709731));
#12599=DIRECTION('ref_axis',(0.,0.993731346709731,0.111794501503716));
#12600=DIRECTION('',(1.,0.,0.));
#12601=DIRECTION('',(0.,0.993731346709731,0.111794501503716));
#12602=DIRECTION('center_axis',(0.,0.141075248612431,-0.989998875872564));
#12603=DIRECTION('ref_axis',(0.,0.989998875872564,0.141075248612431));
#12604=DIRECTION('',(1.,0.,0.));
#12605=DIRECTION('',(0.,0.989998875872564,0.141075248612431));
#12606=DIRECTION('center_axis',(0.,0.172380072669559,-0.98503051249514));
#12607=DIRECTION('ref_axis',(0.,0.98503051249514,0.172380072669559));
#12608=DIRECTION('',(1.,0.,0.));
#12609=DIRECTION('',(0.,0.98503051249514,0.172380072669559));
#12610=DIRECTION('center_axis',(0.,0.200823789114022,-0.979627381061742));
#12611=DIRECTION('ref_axis',(0.,0.979627381061742,0.200823789114022));
#12612=DIRECTION('',(1.,0.,0.));
#12613=DIRECTION('',(0.,0.979627381061742,0.200823789114022));
#12614=DIRECTION('center_axis',(1.,0.,0.));
#12615=DIRECTION('ref_axis',(0.,-0.200823789114037,0.979627381061739));
#12616=DIRECTION('',(1.,0.,0.));
#12617=DIRECTION('center_axis',(-1.,0.,0.));
#12618=DIRECTION('ref_axis',(0.,-0.200823789114037,0.979627381061739));
#12619=DIRECTION('center_axis',(0.,0.999999998948954,-4.58485744357398E-5));
#12620=DIRECTION('ref_axis',(0.,4.58485744357398E-5,0.999999998948954));
#12621=DIRECTION('',(1.,0.,0.));
#12622=DIRECTION('',(0.,4.58485744357398E-5,0.999999998948954));
#12623=DIRECTION('center_axis',(0.,0.999887516175129,-0.0149984998293304));
#12624=DIRECTION('ref_axis',(0.,0.0149984998293304,0.999887516175129));
#12625=DIRECTION('',(1.,0.,0.));
#12626=DIRECTION('',(0.,0.0149984998293304,0.999887516175129));
#12627=DIRECTION('center_axis',(-1.,0.,0.));
#12628=DIRECTION('ref_axis',(0.,0.,1.));
#12629=DIRECTION('center_axis',(-1.,0.,0.));
#12630=DIRECTION('ref_axis',(0.,-0.999887517651532,0.0149984014033631));
#12631=DIRECTION('',(0.,-0.999999999999998,6.61268282722254E-8));
#12632=DIRECTION('',(0.,-0.999950004315478,-0.00999944345831905));
#12633=DIRECTION('',(0.,-0.999800058474698,-0.0199960764649124));
#12634=DIRECTION('',(0.,-0.999687646960202,-0.0249921690770327));
#12635=DIRECTION('',(0.,-0.999472291005924,-0.0324829110667319));
#12636=DIRECTION('',(0.,-0.999388060846261,-0.0349786197262074));
#12637=DIRECTION('',(0.,-0.999297610442349,-0.0374738010376807));
#12638=DIRECTION('',(0.,-0.999297612796301,-0.0374737382658028));
#12639=DIRECTION('',(0.,-0.999297605728822,-0.0374739267310477));
#12640=DIRECTION('center_axis',(-1.,0.,0.));
#12641=DIRECTION('ref_axis',(0.,0.0374740139820779,-0.999297602456881));
#12642=DIRECTION('',(0.,-0.00398550449790534,-0.99999205784541));
#12643=DIRECTION('center_axis',(0.,-0.99999205784541,0.00398550449790534));
#12644=DIRECTION('ref_axis',(0.,-0.00398550449790534,-0.99999205784541));
#12645=DIRECTION('',(1.,0.,0.));
#12646=DIRECTION('center_axis',(1.,0.,0.));
#12647=DIRECTION('ref_axis',(0.,0.0374740139820779,-0.999297602456881));
#12648=DIRECTION('',(1.,0.,0.));
#12649=DIRECTION('center_axis',(0.,-0.0374739267310477,0.999297605728822));
#12650=DIRECTION('ref_axis',(0.,-0.999297605728822,-0.0374739267310477));
#12651=DIRECTION('',(1.,0.,0.));
#12652=DIRECTION('center_axis',(0.,-0.0374737382658028,0.999297612796301));
#12653=DIRECTION('ref_axis',(0.,-0.999297612796301,-0.0374737382658028));
#12654=DIRECTION('',(1.,0.,0.));
#12655=DIRECTION('center_axis',(0.,-0.0374738010376807,0.999297610442349));
#12656=DIRECTION('ref_axis',(0.,-0.999297610442349,-0.0374738010376807));
#12657=DIRECTION('',(1.,0.,0.));
#12658=DIRECTION('center_axis',(0.,-0.0349786197262074,0.999388060846261));
#12659=DIRECTION('ref_axis',(0.,-0.999388060846261,-0.0349786197262074));
#12660=DIRECTION('',(1.,0.,0.));
#12661=DIRECTION('center_axis',(0.,-0.0324829110667319,0.999472291005924));
#12662=DIRECTION('ref_axis',(0.,-0.999472291005924,-0.0324829110667319));
#12663=DIRECTION('',(1.,0.,0.));
#12664=DIRECTION('center_axis',(0.,-0.0249921690770327,0.999687646960202));
#12665=DIRECTION('ref_axis',(0.,-0.999687646960202,-0.0249921690770327));
#12666=DIRECTION('',(1.,0.,0.));
#12667=DIRECTION('center_axis',(0.,-0.0199960764649124,0.999800058474698));
#12668=DIRECTION('ref_axis',(0.,-0.999800058474698,-0.0199960764649124));
#12669=DIRECTION('',(1.,0.,0.));
#12670=DIRECTION('center_axis',(0.,-0.00999944345831905,0.999950004315478));
#12671=DIRECTION('ref_axis',(0.,-0.999950004315478,-0.00999944345831905));
#12672=DIRECTION('',(1.,0.,0.));
#12673=DIRECTION('center_axis',(0.,6.61268282722254E-8,0.999999999999998));
#12674=DIRECTION('ref_axis',(0.,-0.999999999999998,6.61268282722254E-8));
#12675=DIRECTION('',(1.,0.,0.));
#12676=DIRECTION('center_axis',(0.,0.0149981493643819,-0.999887521432108));
#12677=DIRECTION('ref_axis',(0.,0.999887521432108,0.0149981493643819));
#12678=DIRECTION('',(0.,-0.999887521432108,-0.0149981493643819));
#12679=DIRECTION('',(1.,0.,0.));
#12680=DIRECTION('',(0.,0.999887521432108,0.0149981493643819));
#12681=DIRECTION('',(1.,0.,0.));
#12682=DIRECTION('center_axis',(0.,-0.0249922670640592,0.999687644510523));
#12683=DIRECTION('ref_axis',(0.,-0.999687644510523,-0.0249922670640592));
#12684=DIRECTION('',(0.,0.999687644510523,0.0249922670640592));
#12685=DIRECTION('',(0.,-0.999687644510523,-0.0249922670640592));
#12686=DIRECTION('',(1.,0.,0.));
#12687=DIRECTION('',(1.,0.,0.));
#12688=DIRECTION('center_axis',(1.,0.,0.));
#12689=DIRECTION('ref_axis',(0.,0.999639399486707,0.0268527651063497));
#12690=DIRECTION('center_axis',(-1.,0.,0.));
#12691=DIRECTION('ref_axis',(0.,0.999639399486707,0.0268527651063497));
#12692=DIRECTION('center_axis',(1.,0.,0.));
#12693=DIRECTION('ref_axis',(0.,0.999639399486707,0.0268527651063497));
#12694=DIRECTION('center_axis',(1.,0.,0.));
#12695=DIRECTION('ref_axis',(0.,-0.999887517651532,0.0149984014033631));
#12696=DIRECTION('center_axis',(-1.,0.,0.));
#12697=DIRECTION('ref_axis',(0.,0.,1.));
#12698=DIRECTION('center_axis',(-1.,0.,0.));
#12699=DIRECTION('ref_axis',(0.,0.,1.));
#12700=DIRECTION('center_axis',(-1.,0.,0.));
#12701=DIRECTION('ref_axis',(0.,0.,1.));
#12702=DIRECTION('',(0.,0.475517004275812,-0.879706529840809));
#12703=DIRECTION('',(0.,0.358978822619933,-0.933345704929533));
#12704=DIRECTION('',(0.,0.106910433073063,-0.994268655495148));
#12705=DIRECTION('',(0.,-0.208107520328302,-0.978105955396861));
#12706=DIRECTION('',(0.,-0.336336324005892,-0.9417419376635));
#12707=DIRECTION('',(0.,-0.438423610499512,-0.898768456142389));
#12708=DIRECTION('',(0.,-0.542126831137198,-0.84029667318224));
#12709=DIRECTION('',(0.,-0.63626460100096,-0.771470905163046));
#12710=DIRECTION('',(0.,-0.6983238865566,-0.715781914736943));
#12711=DIRECTION('',(0.,-0.729537105504171,-0.683941234092956));
#12712=DIRECTION('',(0.,-0.794245130737042,-0.60759745909648));
#12713=DIRECTION('',(0.,-0.851804496864919,-0.523859808651802));
#12714=DIRECTION('',(0.,-0.889029423860057,-0.457850066627771));
#12715=DIRECTION('',(0.,-0.913623004988648,-0.406562424180485));
#12716=DIRECTION('',(0.,-0.933225287424161,-0.359291751800806));
#12717=DIRECTION('',(0.,-0.950333225287877,-0.31123425408194));
#12718=DIRECTION('',(0.,-0.962964021356972,-0.269629919652861));
#12719=DIRECTION('center_axis',(1.,0.,0.));
#12720=DIRECTION('ref_axis',(0.,1.,-5.5511151231258E-15));
#12721=DIRECTION('',(0.,0.,1.));
#12722=DIRECTION('center_axis',(1.,0.,0.));
#12723=DIRECTION('ref_axis',(0.,-0.0276732278852674,-0.999617022893473));
#12724=DIRECTION('',(0.,0.999683704013314,-0.02514939224357));
#12725=DIRECTION('',(0.,0.999657863930487,-0.0261563583462217));
#12726=DIRECTION('',(0.,0.998873774596951,-0.0474466270923434));
#12727=DIRECTION('',(0.,0.997894159067656,-0.0648632970072814));
#12728=DIRECTION('',(0.,0.994004350393382,-0.109340529535168));
#12729=DIRECTION('',(0.,0.988199686250932,-0.153171081126821));
#12730=DIRECTION('',(0.,0.982424411643797,-0.186660856652753));
#12731=DIRECTION('',(0.,0.973480950874478,-0.228768088431326));
#12732=DIRECTION('',(0.,0.924438517735123,-0.381331125044481));
#12733=DIRECTION('',(0.,0.833649835818471,-0.552293356143124));
#12734=DIRECTION('',(0.,0.72499934889335,-0.688749551073697));
#12735=DIRECTION('',(0.,0.595227466246942,-0.803557255847551));
#12736=DIRECTION('center_axis',(0.,0.269629919652861,-0.962964021356972));
#12737=DIRECTION('ref_axis',(0.,0.962964021356972,0.269629919652861));
#12738=DIRECTION('',(1.,0.,0.));
#12739=DIRECTION('',(0.,0.962964021356972,0.269629919652861));
#12740=DIRECTION('',(1.,0.,0.));
#12741=DIRECTION('center_axis',(0.,0.31123425408194,-0.950333225287877));
#12742=DIRECTION('ref_axis',(0.,0.950333225287877,0.31123425408194));
#12743=DIRECTION('',(1.,0.,0.));
#12744=DIRECTION('',(0.,0.950333225287877,0.31123425408194));
#12745=DIRECTION('center_axis',(0.,0.359291751800806,-0.933225287424161));
#12746=DIRECTION('ref_axis',(0.,0.933225287424161,0.359291751800806));
#12747=DIRECTION('',(1.,0.,0.));
#12748=DIRECTION('',(0.,0.933225287424161,0.359291751800806));
#12749=DIRECTION('center_axis',(0.,0.406562424180485,-0.913623004988648));
#12750=DIRECTION('ref_axis',(0.,0.913623004988648,0.406562424180485));
#12751=DIRECTION('',(1.,0.,0.));
#12752=DIRECTION('',(0.,0.913623004988648,0.406562424180485));
#12753=DIRECTION('center_axis',(0.,0.457850066627771,-0.889029423860057));
#12754=DIRECTION('ref_axis',(0.,0.889029423860057,0.457850066627771));
#12755=DIRECTION('',(1.,0.,0.));
#12756=DIRECTION('',(0.,0.889029423860057,0.457850066627771));
#12757=DIRECTION('center_axis',(0.,0.523859808651802,-0.851804496864918));
#12758=DIRECTION('ref_axis',(0.,0.851804496864919,0.523859808651802));
#12759=DIRECTION('',(1.,0.,0.));
#12760=DIRECTION('',(0.,0.851804496864919,0.523859808651802));
#12761=DIRECTION('center_axis',(0.,0.60759745909648,-0.794245130737042));
#12762=DIRECTION('ref_axis',(0.,0.794245130737042,0.60759745909648));
#12763=DIRECTION('',(1.,0.,0.));
#12764=DIRECTION('',(0.,0.794245130737042,0.60759745909648));
#12765=DIRECTION('center_axis',(0.,0.683941234092956,-0.729537105504171));
#12766=DIRECTION('ref_axis',(0.,0.729537105504171,0.683941234092956));
#12767=DIRECTION('',(1.,0.,0.));
#12768=DIRECTION('',(0.,0.729537105504171,0.683941234092956));
#12769=DIRECTION('center_axis',(0.,0.715781914736943,-0.6983238865566));
#12770=DIRECTION('ref_axis',(0.,0.6983238865566,0.715781914736943));
#12771=DIRECTION('',(1.,0.,0.));
#12772=DIRECTION('',(0.,0.6983238865566,0.715781914736943));
#12773=DIRECTION('center_axis',(0.,0.771470905163046,-0.63626460100096));
#12774=DIRECTION('ref_axis',(0.,0.63626460100096,0.771470905163046));
#12775=DIRECTION('',(1.,0.,0.));
#12776=DIRECTION('',(0.,0.63626460100096,0.771470905163046));
#12777=DIRECTION('center_axis',(0.,0.84029667318224,-0.542126831137198));
#12778=DIRECTION('ref_axis',(0.,0.542126831137198,0.84029667318224));
#12779=DIRECTION('',(1.,0.,0.));
#12780=DIRECTION('',(0.,0.542126831137198,0.84029667318224));
#12781=DIRECTION('center_axis',(0.,0.898768456142388,-0.438423610499512));
#12782=DIRECTION('ref_axis',(0.,0.438423610499512,0.898768456142389));
#12783=DIRECTION('',(1.,0.,0.));
#12784=DIRECTION('',(0.,0.438423610499512,0.898768456142389));
#12785=DIRECTION('center_axis',(0.,0.9417419376635,-0.336336324005892));
#12786=DIRECTION('ref_axis',(0.,0.336336324005892,0.9417419376635));
#12787=DIRECTION('',(1.,0.,0.));
#12788=DIRECTION('',(0.,0.336336324005892,0.9417419376635));
#12789=DIRECTION('center_axis',(0.,0.978105955396861,-0.208107520328302));
#12790=DIRECTION('ref_axis',(0.,0.208107520328302,0.978105955396861));
#12791=DIRECTION('',(1.,0.,0.));
#12792=DIRECTION('',(0.,0.208107520328302,0.978105955396861));
#12793=DIRECTION('center_axis',(0.,0.994268655495148,0.106910433073063));
#12794=DIRECTION('ref_axis',(0.,-0.106910433073063,0.994268655495148));
#12795=DIRECTION('',(1.,0.,0.));
#12796=DIRECTION('',(0.,-0.106910433073063,0.994268655495148));
#12797=DIRECTION('center_axis',(0.,0.933345704929533,0.358978822619933));
#12798=DIRECTION('ref_axis',(0.,-0.358978822619933,0.933345704929533));
#12799=DIRECTION('',(1.,0.,0.));
#12800=DIRECTION('',(0.,-0.358978822619933,0.933345704929533));
#12801=DIRECTION('center_axis',(-1.,0.,0.));
#12802=DIRECTION('ref_axis',(0.,0.,1.));
#12803=DIRECTION('',(0.,-0.475517004275812,0.879706529840809));
#12804=DIRECTION('',(0.,-0.595227466246942,0.803557255847551));
#12805=DIRECTION('',(0.,-0.72499934889335,0.688749551073697));
#12806=DIRECTION('',(0.,-0.833649835818471,0.552293356143124));
#12807=DIRECTION('',(0.,-0.924438517735123,0.381331125044481));
#12808=DIRECTION('',(0.,-0.973480950874478,0.228768088431326));
#12809=DIRECTION('',(0.,-0.982424411643797,0.186660856652753));
#12810=DIRECTION('',(0.,-0.988199686250932,0.153171081126821));
#12811=DIRECTION('',(0.,-0.994004350393382,0.109340529535168));
#12812=DIRECTION('',(0.,-0.997894159067656,0.0648632970072814));
#12813=DIRECTION('',(0.,-0.998873774596951,0.0474466270923434));
#12814=DIRECTION('',(0.,-0.999657863930487,0.0261563583462217));
#12815=DIRECTION('',(0.,-0.999683704013314,0.02514939224357));
#12816=DIRECTION('center_axis',(-1.,0.,0.));
#12817=DIRECTION('ref_axis',(0.,-0.0276732278852674,-0.999617022893473));
#12818=DIRECTION('',(0.,0.,-1.));
#12819=DIRECTION('center_axis',(-1.,0.,0.));
#12820=DIRECTION('ref_axis',(0.,1.,-5.5511151231258E-15));
#12821=DIRECTION('center_axis',(1.,0.,0.));
#12822=DIRECTION('ref_axis',(0.,1.,-5.5511151231258E-15));
#12823=DIRECTION('',(1.,0.,0.));
#12824=DIRECTION('center_axis',(0.,-1.,0.));
#12825=DIRECTION('ref_axis',(0.,0.,-1.));
#12826=DIRECTION('',(1.,0.,0.));
#12827=DIRECTION('center_axis',(1.,0.,0.));
#12828=DIRECTION('ref_axis',(0.,-0.0276732278852674,-0.999617022893473));
#12829=DIRECTION('',(1.,0.,0.));
#12830=DIRECTION('center_axis',(0.,0.02514939224357,0.999683704013314));
#12831=DIRECTION('ref_axis',(0.,-0.999683704013314,0.02514939224357));
#12832=DIRECTION('',(1.,0.,0.));
#12833=DIRECTION('center_axis',(0.,0.0261563583462217,0.999657863930487));
#12834=DIRECTION('ref_axis',(0.,-0.999657863930487,0.0261563583462217));
#12835=DIRECTION('',(1.,0.,0.));
#12836=DIRECTION('center_axis',(0.,0.0474466270923434,0.998873774596951));
#12837=DIRECTION('ref_axis',(0.,-0.998873774596951,0.0474466270923434));
#12838=DIRECTION('',(1.,0.,0.));
#12839=DIRECTION('center_axis',(0.,0.0648632970072814,0.997894159067656));
#12840=DIRECTION('ref_axis',(0.,-0.997894159067656,0.0648632970072814));
#12841=DIRECTION('',(1.,0.,0.));
#12842=DIRECTION('center_axis',(0.,0.109340529535168,0.994004350393382));
#12843=DIRECTION('ref_axis',(0.,-0.994004350393382,0.109340529535168));
#12844=DIRECTION('',(1.,0.,0.));
#12845=DIRECTION('center_axis',(0.,0.153171081126821,0.988199686250932));
#12846=DIRECTION('ref_axis',(0.,-0.988199686250932,0.153171081126821));
#12847=DIRECTION('',(1.,0.,0.));
#12848=DIRECTION('center_axis',(0.,0.186660856652753,0.982424411643797));
#12849=DIRECTION('ref_axis',(0.,-0.982424411643797,0.186660856652753));
#12850=DIRECTION('',(1.,0.,0.));
#12851=DIRECTION('center_axis',(0.,0.228768088431326,0.973480950874478));
#12852=DIRECTION('ref_axis',(0.,-0.973480950874478,0.228768088431326));
#12853=DIRECTION('',(1.,0.,0.));
#12854=DIRECTION('center_axis',(0.,0.381331125044481,0.924438517735123));
#12855=DIRECTION('ref_axis',(0.,-0.924438517735123,0.381331125044481));
#12856=DIRECTION('',(1.,0.,0.));
#12857=DIRECTION('center_axis',(0.,0.552293356143124,0.833649835818471));
#12858=DIRECTION('ref_axis',(0.,-0.833649835818471,0.552293356143124));
#12859=DIRECTION('',(1.,0.,0.));
#12860=DIRECTION('center_axis',(0.,0.688749551073697,0.72499934889335));
#12861=DIRECTION('ref_axis',(0.,-0.72499934889335,0.688749551073697));
#12862=DIRECTION('',(1.,0.,0.));
#12863=DIRECTION('center_axis',(0.,0.803557255847551,0.595227466246942));
#12864=DIRECTION('ref_axis',(0.,-0.595227466246942,0.803557255847551));
#12865=DIRECTION('',(1.,0.,0.));
#12866=DIRECTION('center_axis',(0.,0.879706529840809,0.475517004275812));
#12867=DIRECTION('ref_axis',(0.,-0.475517004275812,0.879706529840809));
#12868=DIRECTION('center_axis',(-1.,0.,0.));
#12869=DIRECTION('ref_axis',(0.,0.,1.));
#12870=DIRECTION('',(0.,0.00749991728379062,-0.999971875224867));
#12871=DIRECTION('center_axis',(1.,0.,0.));
#12872=DIRECTION('ref_axis',(0.,-0.0074995131247217,0.99997187825603));
#12873=DIRECTION('',(0.,-0.999929006788206,-0.0119155941334252));
#12874=DIRECTION('center_axis',(1.,0.,0.));
#12875=DIRECTION('ref_axis',(0.,-0.00749939187696857,0.999971879165347));
#12876=DIRECTION('',(0.,-0.999971875224867,-0.0074999172837973));
#12877=DIRECTION('',(0.,-0.999971874447027,0.00750002099332544));
#12878=DIRECTION('',(0.,-0.999846910047345,0.0174973274752742));
#12879=DIRECTION('',(0.,-0.999550308144931,0.0299863550198148));
#12880=DIRECTION('',(0.,-0.999098089291062,0.0424618413984816));
#12881=DIRECTION('',(0.,-0.9986246932965,0.0524282551537855));
#12882=DIRECTION('',(0.,-0.997894147791015,0.0648634704933721));
#12883=DIRECTION('',(0.,-0.997382178074004,0.0723103786489629));
#12884=DIRECTION('',(0.,-0.99640690349894,0.0846952339842916));
#12885=DIRECTION('',(0.,-0.99574903050573,0.0921079163096098));
#12886=DIRECTION('',(0.,-0.995037055130198,0.0995050698096502));
#12887=DIRECTION('',(0.,-0.994004101541654,0.109342791798862));
#12888=DIRECTION('',(0.,-0.992876301455455,0.119149695795397));
#12889=DIRECTION('',(0.,-0.99196857265451,0.126484587463349));
#12890=DIRECTION('',(0.,-0.991007621079029,0.133805436972057));
#12891=DIRECTION('',(0.,-0.989643755781551,0.143545242493737));
#12892=DIRECTION('',(0.,-0.988920157355524,0.148448382867333));
#12893=DIRECTION('',(0.,-0.98779113037411,0.155784090183301));
#12894=DIRECTION('',(0.,-0.987176769114149,0.159630907161957));
#12895=DIRECTION('center_axis',(1.,0.,0.));
#12896=DIRECTION('ref_axis',(0.,0.999994990963937,0.00316512986082695));
#12897=DIRECTION('',(0.,-0.00316459677643699,0.999994992651085));
#12898=DIRECTION('center_axis',(1.,0.,0.));
#12899=DIRECTION('ref_axis',(0.,0.037451664339532,-0.999298440326111));
#12900=DIRECTION('',(0.,0.999298443988475,0.0374515666189486));
#12901=DIRECTION('',(0.,0.999299405653953,0.0374258982478254));
#12902=DIRECTION('',(0.,0.999401269643916,0.0345991652230076));
#12903=DIRECTION('',(0.,0.999325849336534,0.0367130337593414));
#12904=DIRECTION('',(0.,0.999386703885763,0.035017368495512));
#12905=DIRECTION('',(0.,0.999296821297095,0.0374948389184664));
#12906=DIRECTION('',(0.,0.999297142941291,0.0374862656098499));
#12907=DIRECTION('',(0.,0.999297317228403,0.0374816192301884));
#12908=DIRECTION('',(0.,0.999387879135288,0.0349838110769867));
#12909=DIRECTION('',(0.,0.999297479287759,0.0374772983168437));
#12910=DIRECTION('',(0.,0.999297518836327,0.0374762437760306));
#12911=DIRECTION('',(0.,0.999387998277127,0.0349804073680763));
#12912=DIRECTION('',(0.,0.999297563425574,0.0374750547926285));
#12913=DIRECTION('',(0.,0.99929757641995,0.0374747082872436));
#12914=DIRECTION('',(0.,0.999388036289443,0.0349793213417847));
#12915=DIRECTION('',(0.,0.99929759293578,0.0374742678748483));
#12916=DIRECTION('',(0.,0.999388047901354,0.0349789895783214));
#12917=DIRECTION('',(0.,0.999331394078908,0.0365617943802992));
#12918=DIRECTION('center_axis',(1.,0.,0.));
#12919=DIRECTION('ref_axis',(0.,-0.999971996755875,-0.00748369588295579));
#12920=DIRECTION('center_axis',(0.,-0.159630907161957,-0.987176769114149));
#12921=DIRECTION('ref_axis',(0.,0.987176769114149,-0.159630907161957));
#12922=DIRECTION('',(1.,0.,0.));
#12923=DIRECTION('',(0.,0.987176769114149,-0.159630907161957));
#12924=DIRECTION('',(1.,0.,0.));
#12925=DIRECTION('center_axis',(0.,-0.155784090183301,-0.98779113037411));
#12926=DIRECTION('ref_axis',(0.,0.98779113037411,-0.155784090183301));
#12927=DIRECTION('',(1.,0.,0.));
#12928=DIRECTION('',(0.,0.98779113037411,-0.155784090183301));
#12929=DIRECTION('center_axis',(0.,-0.148448382867333,-0.988920157355524));
#12930=DIRECTION('ref_axis',(0.,0.988920157355524,-0.148448382867333));
#12931=DIRECTION('',(1.,0.,0.));
#12932=DIRECTION('',(0.,0.988920157355524,-0.148448382867333));
#12933=DIRECTION('center_axis',(0.,-0.143545242493737,-0.989643755781551));
#12934=DIRECTION('ref_axis',(0.,0.989643755781551,-0.143545242493737));
#12935=DIRECTION('',(1.,0.,0.));
#12936=DIRECTION('',(0.,0.989643755781551,-0.143545242493737));
#12937=DIRECTION('center_axis',(0.,-0.133805436972057,-0.991007621079029));
#12938=DIRECTION('ref_axis',(0.,0.991007621079029,-0.133805436972057));
#12939=DIRECTION('',(1.,0.,0.));
#12940=DIRECTION('',(0.,0.991007621079029,-0.133805436972057));
#12941=DIRECTION('center_axis',(0.,-0.126484587463349,-0.99196857265451));
#12942=DIRECTION('ref_axis',(0.,0.99196857265451,-0.126484587463349));
#12943=DIRECTION('',(1.,0.,0.));
#12944=DIRECTION('',(0.,0.99196857265451,-0.126484587463349));
#12945=DIRECTION('center_axis',(0.,-0.119149695795397,-0.992876301455455));
#12946=DIRECTION('ref_axis',(0.,0.992876301455455,-0.119149695795397));
#12947=DIRECTION('',(1.,0.,0.));
#12948=DIRECTION('',(0.,0.992876301455455,-0.119149695795397));
#12949=DIRECTION('center_axis',(0.,-0.109342791798862,-0.994004101541654));
#12950=DIRECTION('ref_axis',(0.,0.994004101541654,-0.109342791798862));
#12951=DIRECTION('',(1.,0.,0.));
#12952=DIRECTION('',(0.,0.994004101541654,-0.109342791798862));
#12953=DIRECTION('center_axis',(0.,-0.0995050698096502,-0.995037055130198));
#12954=DIRECTION('ref_axis',(0.,0.995037055130198,-0.0995050698096502));
#12955=DIRECTION('',(1.,0.,0.));
#12956=DIRECTION('',(0.,0.995037055130198,-0.0995050698096502));
#12957=DIRECTION('center_axis',(0.,-0.0921079163096098,-0.99574903050573));
#12958=DIRECTION('ref_axis',(0.,0.99574903050573,-0.0921079163096098));
#12959=DIRECTION('',(1.,0.,0.));
#12960=DIRECTION('',(0.,0.99574903050573,-0.0921079163096098));
#12961=DIRECTION('center_axis',(0.,-0.0846952339842916,-0.99640690349894));
#12962=DIRECTION('ref_axis',(0.,0.99640690349894,-0.0846952339842916));
#12963=DIRECTION('',(1.,0.,0.));
#12964=DIRECTION('',(0.,0.99640690349894,-0.0846952339842916));
#12965=DIRECTION('center_axis',(0.,-0.0723103786489629,-0.997382178074004));
#12966=DIRECTION('ref_axis',(0.,0.997382178074004,-0.0723103786489629));
#12967=DIRECTION('',(1.,0.,0.));
#12968=DIRECTION('',(0.,0.997382178074004,-0.0723103786489629));
#12969=DIRECTION('center_axis',(0.,-0.0648634704933721,-0.997894147791015));
#12970=DIRECTION('ref_axis',(0.,0.997894147791015,-0.0648634704933721));
#12971=DIRECTION('',(1.,0.,0.));
#12972=DIRECTION('',(0.,0.997894147791015,-0.0648634704933721));
#12973=DIRECTION('center_axis',(0.,-0.0524282551537855,-0.9986246932965));
#12974=DIRECTION('ref_axis',(0.,0.9986246932965,-0.0524282551537855));
#12975=DIRECTION('',(1.,0.,0.));
#12976=DIRECTION('',(0.,0.9986246932965,-0.0524282551537855));
#12977=DIRECTION('center_axis',(0.,-0.0424618413984816,-0.999098089291062));
#12978=DIRECTION('ref_axis',(0.,0.999098089291062,-0.0424618413984816));
#12979=DIRECTION('',(1.,0.,0.));
#12980=DIRECTION('',(0.,0.999098089291062,-0.0424618413984816));
#12981=DIRECTION('center_axis',(0.,-0.0299863550198148,-0.999550308144931));
#12982=DIRECTION('ref_axis',(0.,0.999550308144931,-0.0299863550198148));
#12983=DIRECTION('',(1.,0.,0.));
#12984=DIRECTION('',(0.,0.999550308144931,-0.0299863550198148));
#12985=DIRECTION('center_axis',(0.,-0.0174973274752742,-0.999846910047345));
#12986=DIRECTION('ref_axis',(0.,0.999846910047345,-0.0174973274752742));
#12987=DIRECTION('',(1.,0.,0.));
#12988=DIRECTION('',(0.,0.999846910047345,-0.0174973274752742));
#12989=DIRECTION('center_axis',(0.,-0.00750002099332544,-0.999971874447027));
#12990=DIRECTION('ref_axis',(0.,0.999971874447027,-0.00750002099332544));
#12991=DIRECTION('',(1.,0.,0.));
#12992=DIRECTION('',(0.,0.999971874447027,-0.00750002099332544));
#12993=DIRECTION('center_axis',(0.,0.0074999172837973,-0.999971875224867));
#12994=DIRECTION('ref_axis',(0.,0.999971875224867,0.0074999172837973));
#12995=DIRECTION('',(1.,0.,0.));
#12996=DIRECTION('',(0.,0.999971875224867,0.0074999172837973));
#12997=DIRECTION('center_axis',(1.,0.,0.));
#12998=DIRECTION('ref_axis',(0.,-0.00749939187696857,0.999971879165347));
#12999=DIRECTION('',(1.,0.,0.));
#13000=DIRECTION('center_axis',(-1.,0.,0.));
#13001=DIRECTION('ref_axis',(0.,-0.00749939187696857,0.999971879165347));
#13002=DIRECTION('center_axis',(0.,0.0119155941334252,-0.999929006788206));
#13003=DIRECTION('ref_axis',(0.,0.999929006788206,0.0119155941334252));
#13004=DIRECTION('',(1.,0.,0.));
#13005=DIRECTION('',(0.,0.999929006788206,0.0119155941334252));
#13006=DIRECTION('center_axis',(1.,0.,0.));
#13007=DIRECTION('ref_axis',(0.,-0.0074995131247217,0.99997187825603));
#13008=DIRECTION('',(1.,0.,0.));
#13009=DIRECTION('center_axis',(-1.,0.,0.));
#13010=DIRECTION('ref_axis',(0.,-0.0074995131247217,0.99997187825603));
#13011=DIRECTION('center_axis',(-1.,0.,0.));
#13012=DIRECTION('ref_axis',(0.,0.,1.));
#13013=DIRECTION('',(0.,-0.00749991728379062,0.999971875224867));
#13014=DIRECTION('center_axis',(-1.,0.,0.));
#13015=DIRECTION('ref_axis',(0.,-0.999971996755875,-0.00748369588295579));
#13016=DIRECTION('',(0.,-0.999331394078908,-0.0365617943802992));
#13017=DIRECTION('',(0.,-0.999388047901354,-0.0349789895783214));
#13018=DIRECTION('',(0.,-0.99929759293578,-0.0374742678748483));
#13019=DIRECTION('',(0.,-0.999388036289443,-0.0349793213417847));
#13020=DIRECTION('',(0.,-0.99929757641995,-0.0374747082872436));
#13021=DIRECTION('',(0.,-0.999297563425574,-0.0374750547926285));
#13022=DIRECTION('',(0.,-0.999387998277127,-0.0349804073680763));
#13023=DIRECTION('',(0.,-0.999297518836327,-0.0374762437760306));
#13024=DIRECTION('',(0.,-0.999297479287759,-0.0374772983168437));
#13025=DIRECTION('',(0.,-0.999387879135288,-0.0349838110769867));
#13026=DIRECTION('',(0.,-0.999297317228403,-0.0374816192301884));
#13027=DIRECTION('',(0.,-0.999297142941291,-0.0374862656098499));
#13028=DIRECTION('',(0.,-0.999296821297095,-0.0374948389184664));
#13029=DIRECTION('',(0.,-0.999386703885763,-0.035017368495512));
#13030=DIRECTION('',(0.,-0.999325849336534,-0.0367130337593414));
#13031=DIRECTION('',(0.,-0.999401269643916,-0.0345991652230076));
#13032=DIRECTION('',(0.,-0.999299405653953,-0.0374258982478254));
#13033=DIRECTION('',(0.,-0.999298443988475,-0.0374515666189486));
#13034=DIRECTION('center_axis',(-1.,0.,0.));
#13035=DIRECTION('ref_axis',(0.,0.037451664339532,-0.999298440326111));
#13036=DIRECTION('',(0.,0.00316459677643699,-0.999994992651085));
#13037=DIRECTION('center_axis',(-1.,0.,0.));
#13038=DIRECTION('ref_axis',(0.,0.999994990963937,0.00316512986082695));
#13039=DIRECTION('center_axis',(0.,-0.999994992651085,-0.00316459677643699));
#13040=DIRECTION('ref_axis',(0.,0.00316459677643699,-0.999994992651085));
#13041=DIRECTION('',(1.,0.,0.));
#13042=DIRECTION('',(1.,0.,0.));
#13043=DIRECTION('center_axis',(1.,0.,0.));
#13044=DIRECTION('ref_axis',(0.,0.037451664339532,-0.999298440326111));
#13045=DIRECTION('',(1.,0.,0.));
#13046=DIRECTION('center_axis',(0.,-0.0374515666189486,0.999298443988475));
#13047=DIRECTION('ref_axis',(0.,-0.999298443988475,-0.0374515666189486));
#13048=DIRECTION('',(1.,0.,0.));
#13049=DIRECTION('center_axis',(0.,-0.0374258982478254,0.999299405653953));
#13050=DIRECTION('ref_axis',(0.,-0.999299405653953,-0.0374258982478254));
#13051=DIRECTION('',(1.,0.,0.));
#13052=DIRECTION('center_axis',(0.,-0.0345991652230076,0.999401269643916));
#13053=DIRECTION('ref_axis',(0.,-0.999401269643916,-0.0345991652230076));
#13054=DIRECTION('',(1.,0.,0.));
#13055=DIRECTION('center_axis',(0.,-0.0367130337593414,0.999325849336534));
#13056=DIRECTION('ref_axis',(0.,-0.999325849336534,-0.0367130337593414));
#13057=DIRECTION('',(1.,0.,0.));
#13058=DIRECTION('center_axis',(0.,-0.035017368495512,0.999386703885763));
#13059=DIRECTION('ref_axis',(0.,-0.999386703885763,-0.035017368495512));
#13060=DIRECTION('',(1.,0.,0.));
#13061=DIRECTION('center_axis',(0.,-0.0374948389184664,0.999296821297095));
#13062=DIRECTION('ref_axis',(0.,-0.999296821297095,-0.0374948389184664));
#13063=DIRECTION('',(1.,0.,0.));
#13064=DIRECTION('center_axis',(0.,-0.0374862656098499,0.999297142941291));
#13065=DIRECTION('ref_axis',(0.,-0.999297142941291,-0.0374862656098499));
#13066=DIRECTION('',(1.,0.,0.));
#13067=DIRECTION('center_axis',(0.,-0.0374816192301884,0.999297317228403));
#13068=DIRECTION('ref_axis',(0.,-0.999297317228403,-0.0374816192301884));
#13069=DIRECTION('',(1.,0.,0.));
#13070=DIRECTION('center_axis',(0.,-0.0349838110769867,0.999387879135288));
#13071=DIRECTION('ref_axis',(0.,-0.999387879135288,-0.0349838110769867));
#13072=DIRECTION('',(1.,0.,0.));
#13073=DIRECTION('center_axis',(0.,-0.0374772983168437,0.99929747928776));
#13074=DIRECTION('ref_axis',(0.,-0.999297479287759,-0.0374772983168437));
#13075=DIRECTION('',(1.,0.,0.));
#13076=DIRECTION('center_axis',(0.,-0.0374762437760306,0.999297518836327));
#13077=DIRECTION('ref_axis',(0.,-0.999297518836327,-0.0374762437760306));
#13078=DIRECTION('',(1.,0.,0.));
#13079=DIRECTION('center_axis',(0.,-0.0349804073680763,0.999387998277127));
#13080=DIRECTION('ref_axis',(0.,-0.999387998277127,-0.0349804073680763));
#13081=DIRECTION('',(1.,0.,0.));
#13082=DIRECTION('center_axis',(0.,-0.0374750547926285,0.999297563425574));
#13083=DIRECTION('ref_axis',(0.,-0.999297563425574,-0.0374750547926285));
#13084=DIRECTION('',(1.,0.,0.));
#13085=DIRECTION('center_axis',(0.,-0.0374747082872436,0.99929757641995));
#13086=DIRECTION('ref_axis',(0.,-0.99929757641995,-0.0374747082872436));
#13087=DIRECTION('',(1.,0.,0.));
#13088=DIRECTION('center_axis',(0.,-0.0349793213417847,0.999388036289443));
#13089=DIRECTION('ref_axis',(0.,-0.999388036289443,-0.0349793213417847));
#13090=DIRECTION('',(1.,0.,0.));
#13091=DIRECTION('center_axis',(0.,-0.0374742678748483,0.99929759293578));
#13092=DIRECTION('ref_axis',(0.,-0.99929759293578,-0.0374742678748483));
#13093=DIRECTION('',(1.,0.,0.));
#13094=DIRECTION('center_axis',(0.,-0.0349789895783214,0.999388047901354));
#13095=DIRECTION('ref_axis',(0.,-0.999388047901354,-0.0349789895783214));
#13096=DIRECTION('',(1.,0.,0.));
#13097=DIRECTION('center_axis',(0.,-0.0365617943802992,0.999331394078908));
#13098=DIRECTION('ref_axis',(0.,-0.999331394078908,-0.0365617943802992));
#13099=DIRECTION('',(1.,0.,0.));
#13100=DIRECTION('center_axis',(1.,0.,0.));
#13101=DIRECTION('ref_axis',(0.,-0.999971996755875,-0.00748369588295579));
#13102=DIRECTION('',(1.,0.,0.));
#13103=DIRECTION('center_axis',(0.,0.999971875224867,0.00749991728379062));
#13104=DIRECTION('ref_axis',(0.,-0.00749991728379062,0.999971875224867));
#13105=DIRECTION('center_axis',(1.,0.,0.));
#13106=DIRECTION('ref_axis',(0.,0.999994990963937,0.00316512986082695));
#13107=DIRECTION('center_axis',(0.,0.0374750547926245,-0.999297563425574));
#13108=DIRECTION('ref_axis',(0.,0.999297563425574,0.0374750547926245));
#13109=DIRECTION('',(1.,0.,0.));
#13110=DIRECTION('',(0.,-0.999297563425574,-0.0374750547926245));
#13111=DIRECTION('',(1.,0.,0.));
#13112=DIRECTION('',(0.,0.999297563425574,0.0374750547926245));
#13113=DIRECTION('center_axis',(0.,0.0349804073680761,-0.999387998277127));
#13114=DIRECTION('ref_axis',(0.,0.999387998277127,0.0349804073680761));
#13115=DIRECTION('',(0.,-0.999387998277127,-0.0349804073680761));
#13116=DIRECTION('',(1.,0.,0.));
#13117=DIRECTION('',(0.,0.999387998277127,0.0349804073680761));
#13118=DIRECTION('center_axis',(0.,0.0374762437760306,-0.999297518836327));
#13119=DIRECTION('ref_axis',(0.,0.999297518836327,0.0374762437760306));
#13120=DIRECTION('',(0.,-0.999297518836327,-0.0374762437760306));
#13121=DIRECTION('',(1.,0.,0.));
#13122=DIRECTION('',(0.,0.999297518836327,0.0374762437760306));
#13123=DIRECTION('center_axis',(0.,0.0374772983168039,-0.999297479287761));
#13124=DIRECTION('ref_axis',(0.,0.999297479287761,0.0374772983168039));
#13125=DIRECTION('',(0.,-0.999297479287761,-0.0374772983168039));
#13126=DIRECTION('',(1.,0.,0.));
#13127=DIRECTION('',(0.,0.999297479287761,0.0374772983168039));
#13128=DIRECTION('center_axis',(0.,0.0349838110769871,-0.999387879135288));
#13129=DIRECTION('ref_axis',(0.,0.999387879135288,0.0349838110769871));
#13130=DIRECTION('',(0.,-0.999387879135288,-0.0349838110769871));
#13131=DIRECTION('',(1.,0.,0.));
#13132=DIRECTION('',(0.,0.999387879135288,0.0349838110769871));
#13133=DIRECTION('center_axis',(0.,0.0374816192301883,-0.999297317228403));
#13134=DIRECTION('ref_axis',(0.,0.999297317228403,0.0374816192301883));
#13135=DIRECTION('',(0.,-0.999297317228403,-0.0374816192301883));
#13136=DIRECTION('',(1.,0.,0.));
#13137=DIRECTION('',(0.,0.999297317228403,0.0374816192301883));
#13138=DIRECTION('center_axis',(0.,0.0374862656090849,-0.99929714294132));
#13139=DIRECTION('ref_axis',(0.,0.99929714294132,0.0374862656090849));
#13140=DIRECTION('',(0.,-0.99929714294132,-0.0374862656090849));
#13141=DIRECTION('',(1.,0.,0.));
#13142=DIRECTION('',(0.,0.99929714294132,0.0374862656090849));
#13143=DIRECTION('center_axis',(0.,0.0374948389158617,-0.999296821297193));
#13144=DIRECTION('ref_axis',(0.,0.999296821297193,0.0374948389158617));
#13145=DIRECTION('',(0.,-0.999296821297193,-0.0374948389158617));
#13146=DIRECTION('',(1.,0.,0.));
#13147=DIRECTION('',(0.,0.999296821297193,0.0374948389158617));
#13148=DIRECTION('center_axis',(0.,0.0350173684955121,-0.999386703885763));
#13149=DIRECTION('ref_axis',(0.,0.999386703885763,0.0350173684955121));
#13150=DIRECTION('',(0.,-0.999386703885763,-0.0350173684955121));
#13151=DIRECTION('',(1.,0.,0.));
#13152=DIRECTION('',(0.,0.999386703885763,0.0350173684955121));
#13153=DIRECTION('center_axis',(0.,0.0367130337593414,-0.999325849336534));
#13154=DIRECTION('ref_axis',(0.,0.999325849336534,0.0367130337593414));
#13155=DIRECTION('',(0.,-0.999325849336534,-0.0367130337593414));
#13156=DIRECTION('',(1.,0.,0.));
#13157=DIRECTION('',(0.,0.999325849336534,0.0367130337593414));
#13158=DIRECTION('center_axis',(0.,0.0374699366469029,-0.999297755350064));
#13159=DIRECTION('ref_axis',(0.,0.999297755350064,0.0374699366469029));
#13160=DIRECTION('',(0.,-0.999297755350064,-0.0374699366469029));
#13161=DIRECTION('',(1.,0.,0.));
#13162=DIRECTION('',(0.,0.999297755350064,0.0374699366469029));
#13163=DIRECTION('center_axis',(0.,0.0374719935401988,-0.999297678222122));
#13164=DIRECTION('ref_axis',(0.,0.999297678222122,0.0374719935401988));
#13165=DIRECTION('',(0.,-0.999297678222122,-0.0374719935401988));
#13166=DIRECTION('',(1.,0.,0.));
#13167=DIRECTION('',(0.,0.999297678222122,0.0374719935401988));
#13168=DIRECTION('center_axis',(0.,0.0349778354045803,-0.999388088297239));
#13169=DIRECTION('ref_axis',(0.,0.999388088297239,0.0349778354045803));
#13170=DIRECTION('',(0.,-0.999388088297239,-0.0349778354045803));
#13171=DIRECTION('',(1.,0.,0.));
#13172=DIRECTION('',(0.,0.999388088297239,0.0349778354045803));
#13173=DIRECTION('center_axis',(0.,0.0367130337593414,-0.999325849336534));
#13174=DIRECTION('ref_axis',(0.,0.999325849336534,0.0367130337593414));
#13175=DIRECTION('',(0.,-0.999325849336534,-0.0367130337593414));
#13176=DIRECTION('',(1.,0.,0.));
#13177=DIRECTION('',(0.,0.999325849336534,0.0367130337593414));
#13178=DIRECTION('center_axis',(0.,0.0374735983634913,-0.999297618042639));
#13179=DIRECTION('ref_axis',(0.,0.999297618042639,0.0374735983634913));
#13180=DIRECTION('',(0.,-0.999297618042639,-0.0374735983634913));
#13181=DIRECTION('',(1.,0.,0.));
#13182=DIRECTION('',(0.,0.999297618042639,0.0374735983634913));
#13183=DIRECTION('center_axis',(0.,0.0349786940616599,-0.999388058244514));
#13184=DIRECTION('ref_axis',(0.,0.999388058244514,0.0349786940616599));
#13185=DIRECTION('',(0.,-0.999388058244514,-0.0349786940616599));
#13186=DIRECTION('',(1.,0.,0.));
#13187=DIRECTION('',(0.,0.999388058244514,0.0349786940616599));
#13188=DIRECTION('center_axis',(0.,0.0367130337593414,-0.999325849336534));
#13189=DIRECTION('ref_axis',(0.,0.999325849336534,0.0367130337593414));
#13190=DIRECTION('',(0.,-0.999325849336534,-0.0367130337593414));
#13191=DIRECTION('',(1.,0.,0.));
#13192=DIRECTION('',(0.,0.999325849336534,0.0367130337593414));
#13193=DIRECTION('center_axis',(0.,0.0374738900786925,-0.999297607103294));
#13194=DIRECTION('ref_axis',(0.,0.999297607103294,0.0374738900786925));
#13195=DIRECTION('',(0.,-0.999297607103294,-0.0374738900786925));
#13196=DIRECTION('',(1.,0.,0.));
#13197=DIRECTION('',(0.,0.999297607103294,0.0374738900786925));
#13198=DIRECTION('center_axis',(0.,0.028915819745821,-0.999581850259611));
#13199=DIRECTION('ref_axis',(0.,0.999581850259611,0.028915819745821));
#13200=DIRECTION('',(0.,-0.999581850259611,-0.028915819745821));
#13201=DIRECTION('',(1.,0.,0.));
#13202=DIRECTION('',(0.,0.999581850259611,0.028915819745821));
#13203=DIRECTION('center_axis',(0.,0.0367130337593414,-0.999325849336534));
#13204=DIRECTION('ref_axis',(0.,0.999325849336534,0.0367130337593414));
#13205=DIRECTION('',(0.,-0.999325849336534,-0.0367130337593414));
#13206=DIRECTION('',(1.,0.,0.));
#13207=DIRECTION('',(0.,0.999325849336534,0.0367130337593414));
#13208=DIRECTION('center_axis',(0.,0.22925728446543,0.973365860054449));
#13209=DIRECTION('ref_axis',(0.,-0.973365860054449,0.22925728446543));
#13210=DIRECTION('',(0.,0.973365860054449,-0.22925728446543));
#13211=DIRECTION('',(1.,0.,0.));
#13212=DIRECTION('',(0.,-0.973365860054449,0.22925728446543));
#13213=DIRECTION('center_axis',(0.,0.233950904271749,0.972248411873443));
#13214=DIRECTION('ref_axis',(0.,-0.972248411873442,0.233950904271749));
#13215=DIRECTION('',(0.,0.972248411873442,-0.233950904271749));
#13216=DIRECTION('',(1.,0.,0.));
#13217=DIRECTION('',(0.,-0.972248411873442,0.233950904271749));
#13218=DIRECTION('center_axis',(0.,0.229335333404997,0.973347473850947));
#13219=DIRECTION('ref_axis',(0.,-0.973347473850947,0.229335333404997));
#13220=DIRECTION('',(0.,0.973347473850947,-0.229335333404997));
#13221=DIRECTION('',(1.,0.,0.));
#13222=DIRECTION('',(0.,-0.973347473850947,0.229335333404997));
#13223=DIRECTION('center_axis',(0.,0.224703811945355,0.974427112152175));
#13224=DIRECTION('ref_axis',(0.,-0.974427112152174,0.224703811945355));
#13225=DIRECTION('',(0.,0.974427112152174,-0.224703811945355));
#13226=DIRECTION('',(1.,0.,0.));
#13227=DIRECTION('',(0.,-0.974427112152174,0.224703811945355));
#13228=DIRECTION('center_axis',(0.,0.224769168337052,0.974412038598185));
#13229=DIRECTION('ref_axis',(0.,-0.974412038598185,0.224769168337052));
#13230=DIRECTION('',(0.,0.974412038598185,-0.224769168337052));
#13231=DIRECTION('',(1.,0.,0.));
#13232=DIRECTION('',(0.,-0.974412038598185,0.224769168337052));
#13233=DIRECTION('center_axis',(0.,0.220119105567526,0.975473002888421));
#13234=DIRECTION('ref_axis',(0.,-0.975473002888421,0.220119105567526));
#13235=DIRECTION('',(0.,0.975473002888421,-0.220119105567526));
#13236=DIRECTION('',(1.,0.,0.));
#13237=DIRECTION('',(0.,-0.975473002888421,0.220119105567526));
#13238=DIRECTION('center_axis',(0.,0.21545333711859,0.976514136878962));
#13239=DIRECTION('ref_axis',(0.,-0.976514136878962,0.21545333711859));
#13240=DIRECTION('',(0.,0.976514136878962,-0.21545333711859));
#13241=DIRECTION('',(1.,0.,0.));
#13242=DIRECTION('',(0.,-0.976514136878962,0.21545333711859));
#13243=DIRECTION('center_axis',(0.,0.210771926141531,0.977535265425544));
#13244=DIRECTION('ref_axis',(0.,-0.977535265425544,0.210771926141531));
#13245=DIRECTION('',(0.,0.977535265425544,-0.210771926141531));
#13246=DIRECTION('',(1.,0.,0.));
#13247=DIRECTION('',(0.,-0.977535265425544,0.210771926141531));
#13248=DIRECTION('center_axis',(0.,0.203729674116695,0.979027180360334));
#13249=DIRECTION('ref_axis',(0.,-0.979027180360334,0.203729674116695));
#13250=DIRECTION('',(0.,0.979027180360334,-0.203729674116695));
#13251=DIRECTION('',(1.,0.,0.));
#13252=DIRECTION('',(0.,-0.979027180360334,0.203729674116695));
#13253=DIRECTION('center_axis',(0.,0.201362243713251,0.979516843554395));
#13254=DIRECTION('ref_axis',(0.,-0.979516843554395,0.201362243713251));
#13255=DIRECTION('',(0.,0.979516843554395,-0.201362243713251));
#13256=DIRECTION('',(1.,0.,0.));
#13257=DIRECTION('',(0.,-0.979516843554395,0.201362243713251));
#13258=DIRECTION('center_axis',(0.,0.194274892534605,0.980947127082121));
#13259=DIRECTION('ref_axis',(0.,-0.980947127082122,0.194274892534605));
#13260=DIRECTION('',(0.,0.980947127082122,-0.194274892534605));
#13261=DIRECTION('',(1.,0.,0.));
#13262=DIRECTION('',(0.,-0.980947127082122,0.194274892534605));
#13263=DIRECTION('center_axis',(0.,0.191889673411686,0.981416503446909));
#13264=DIRECTION('ref_axis',(0.,-0.981416503446909,0.191889673411686));
#13265=DIRECTION('',(0.,0.981416503446909,-0.191889673411686));
#13266=DIRECTION('',(1.,0.,0.));
#13267=DIRECTION('',(0.,-0.981416503446909,0.191889673411686));
#13268=DIRECTION('center_axis',(0.,0.184756901299448,0.982784252734152));
#13269=DIRECTION('ref_axis',(0.,-0.982784252734152,0.184756901299448));
#13270=DIRECTION('',(0.,0.982784252734152,-0.184756901299448));
#13271=DIRECTION('',(1.,0.,0.));
#13272=DIRECTION('',(0.,-0.982784252734152,0.184756901299448));
#13273=DIRECTION('center_axis',(0.,0.177590927520014,0.984104396119935));
#13274=DIRECTION('ref_axis',(0.,-0.984104396119935,0.177590927520014));
#13275=DIRECTION('',(0.,0.984104396119935,-0.177590927520014));
#13276=DIRECTION('',(1.,0.,0.));
#13277=DIRECTION('',(0.,-0.984104396119935,0.177590927520014));
#13278=DIRECTION('center_axis',(0.,0.172781525152374,0.984960174101481));
#13279=DIRECTION('ref_axis',(0.,-0.984960174101481,0.172781525152374));
#13280=DIRECTION('',(0.,0.984960174101481,-0.172781525152374));
#13281=DIRECTION('',(1.,0.,0.));
#13282=DIRECTION('',(0.,-0.984960174101481,0.172781525152374));
#13283=DIRECTION('center_axis',(0.,0.16819408542541,0.985753899118796));
#13284=DIRECTION('ref_axis',(0.,-0.985753899118796,0.16819408542541));
#13285=DIRECTION('',(0.,0.985753899118796,-0.16819408542541));
#13286=DIRECTION('',(1.,0.,0.));
#13287=DIRECTION('',(0.,-0.985753899118796,0.16819408542541));
#13288=DIRECTION('center_axis',(0.,0.163174343060348,0.986597250030033));
#13289=DIRECTION('ref_axis',(0.,-0.986597250030033,0.163174343060348));
#13290=DIRECTION('',(0.,0.986597250030033,-0.163174343060348));
#13291=DIRECTION('',(1.,0.,0.));
#13292=DIRECTION('',(0.,-0.986597250030033,0.163174343060348));
#13293=DIRECTION('center_axis',(0.,0.159309085771409,0.987228755249095));
#13294=DIRECTION('ref_axis',(0.,-0.987228755249095,0.159309085771409));
#13295=DIRECTION('',(0.,0.987228755249095,-0.159309085771409));
#13296=DIRECTION('',(1.,0.,0.));
#13297=DIRECTION('',(0.,-0.987228755249095,0.159309085771409));
#13298=DIRECTION('center_axis',(0.,0.155784090183471,0.987791130374083));
#13299=DIRECTION('ref_axis',(0.,-0.987791130374083,0.155784090183471));
#13300=DIRECTION('',(0.,0.987791130374083,-0.155784090183471));
#13301=DIRECTION('',(1.,0.,0.));
#13302=DIRECTION('',(0.,-0.987791130374083,0.155784090183471));
#13303=DIRECTION('center_axis',(0.,0.148448382867333,0.988920157355524));
#13304=DIRECTION('ref_axis',(0.,-0.988920157355524,0.148448382867333));
#13305=DIRECTION('',(0.,0.988920157355524,-0.148448382867333));
#13306=DIRECTION('',(1.,0.,0.));
#13307=DIRECTION('',(0.,-0.988920157355524,0.148448382867333));
#13308=DIRECTION('center_axis',(0.,0.143545242493737,0.989643755781551));
#13309=DIRECTION('ref_axis',(0.,-0.989643755781551,0.143545242493737));
#13310=DIRECTION('',(0.,0.989643755781551,-0.143545242493737));
#13311=DIRECTION('',(1.,0.,0.));
#13312=DIRECTION('',(0.,-0.989643755781551,0.143545242493737));
#13313=DIRECTION('center_axis',(0.,0.133805436972057,0.991007621079029));
#13314=DIRECTION('ref_axis',(0.,-0.991007621079029,0.133805436972057));
#13315=DIRECTION('',(0.,0.991007621079029,-0.133805436972057));
#13316=DIRECTION('',(1.,0.,0.));
#13317=DIRECTION('',(0.,-0.991007621079029,0.133805436972057));
#13318=DIRECTION('center_axis',(0.,0.126484587463349,0.99196857265451));
#13319=DIRECTION('ref_axis',(0.,-0.99196857265451,0.126484587463349));
#13320=DIRECTION('',(0.,0.99196857265451,-0.126484587463349));
#13321=DIRECTION('',(1.,0.,0.));
#13322=DIRECTION('',(0.,-0.99196857265451,0.126484587463349));
#13323=DIRECTION('center_axis',(0.,0.119149695795397,0.992876301455455));
#13324=DIRECTION('ref_axis',(0.,-0.992876301455455,0.119149695795397));
#13325=DIRECTION('',(0.,0.992876301455455,-0.119149695795397));
#13326=DIRECTION('',(1.,0.,0.));
#13327=DIRECTION('',(0.,-0.992876301455455,0.119149695795397));
#13328=DIRECTION('center_axis',(0.,0.109342791798862,0.994004101541654));
#13329=DIRECTION('ref_axis',(0.,-0.994004101541654,0.109342791798862));
#13330=DIRECTION('',(0.,0.994004101541654,-0.109342791798862));
#13331=DIRECTION('',(1.,0.,0.));
#13332=DIRECTION('',(0.,-0.994004101541654,0.109342791798862));
#13333=DIRECTION('center_axis',(0.,0.0995050698096503,0.995037055130198));
#13334=DIRECTION('ref_axis',(0.,-0.995037055130198,0.0995050698096503));
#13335=DIRECTION('',(0.,0.995037055130198,-0.0995050698096503));
#13336=DIRECTION('',(1.,0.,0.));
#13337=DIRECTION('',(0.,-0.995037055130198,0.0995050698096503));
#13338=DIRECTION('center_axis',(0.,0.09210791630961,0.99574903050573));
#13339=DIRECTION('ref_axis',(0.,-0.99574903050573,0.09210791630961));
#13340=DIRECTION('',(0.,0.99574903050573,-0.09210791630961));
#13341=DIRECTION('',(1.,0.,0.));
#13342=DIRECTION('',(0.,-0.99574903050573,0.09210791630961));
#13343=DIRECTION('center_axis',(0.,0.0846952339842917,0.99640690349894));
#13344=DIRECTION('ref_axis',(0.,-0.99640690349894,0.0846952339842917));
#13345=DIRECTION('',(0.,0.99640690349894,-0.0846952339842917));
#13346=DIRECTION('',(1.,0.,0.));
#13347=DIRECTION('',(0.,-0.99640690349894,0.0846952339842917));
#13348=DIRECTION('center_axis',(0.,0.0723103786489626,0.997382178074004));
#13349=DIRECTION('ref_axis',(0.,-0.997382178074004,0.0723103786489626));
#13350=DIRECTION('',(0.,0.997382178074004,-0.0723103786489626));
#13351=DIRECTION('',(1.,0.,0.));
#13352=DIRECTION('',(0.,-0.997382178074004,0.0723103786489626));
#13353=DIRECTION('center_axis',(0.,0.0648634704933723,0.997894147791015));
#13354=DIRECTION('ref_axis',(0.,-0.997894147791015,0.0648634704933723));
#13355=DIRECTION('',(0.,0.997894147791015,-0.0648634704933723));
#13356=DIRECTION('',(1.,0.,0.));
#13357=DIRECTION('',(0.,-0.997894147791015,0.0648634704933723));
#13358=DIRECTION('center_axis',(0.,0.0524282551537853,0.9986246932965));
#13359=DIRECTION('ref_axis',(0.,-0.9986246932965,0.0524282551537853));
#13360=DIRECTION('',(0.,0.9986246932965,-0.0524282551537853));
#13361=DIRECTION('',(1.,0.,0.));
#13362=DIRECTION('',(0.,-0.9986246932965,0.0524282551537853));
#13363=DIRECTION('center_axis',(0.,0.0424618413984817,0.999098089291062));
#13364=DIRECTION('ref_axis',(0.,-0.999098089291062,0.0424618413984817));
#13365=DIRECTION('',(0.,0.999098089291062,-0.0424618413984817));
#13366=DIRECTION('',(1.,0.,0.));
#13367=DIRECTION('',(0.,-0.999098089291062,0.0424618413984817));
#13368=DIRECTION('center_axis',(0.,0.0299863550198146,0.999550308144931));
#13369=DIRECTION('ref_axis',(0.,-0.999550308144931,0.0299863550198146));
#13370=DIRECTION('',(0.,0.999550308144931,-0.0299863550198146));
#13371=DIRECTION('',(1.,0.,0.));
#13372=DIRECTION('',(0.,-0.999550308144931,0.0299863550198146));
#13373=DIRECTION('center_axis',(0.,0.0174973274752742,0.999846910047345));
#13374=DIRECTION('ref_axis',(0.,-0.999846910047345,0.0174973274752742));
#13375=DIRECTION('',(0.,0.999846910047345,-0.0174973274752742));
#13376=DIRECTION('',(1.,0.,0.));
#13377=DIRECTION('',(0.,-0.999846910047345,0.0174973274752742));
#13378=DIRECTION('center_axis',(0.,0.00750002099332568,0.999971874447027));
#13379=DIRECTION('ref_axis',(0.,-0.999971874447027,0.00750002099332568));
#13380=DIRECTION('',(0.,0.999971874447027,-0.00750002099332568));
#13381=DIRECTION('',(1.,0.,0.));
#13382=DIRECTION('',(0.,-0.999971874447027,0.00750002099332568));
#13383=DIRECTION('center_axis',(0.,-0.00749991728379732,0.999971875224867));
#13384=DIRECTION('ref_axis',(0.,-0.999971875224867,-0.00749991728379732));
#13385=DIRECTION('',(0.,0.999971875224867,0.00749991728379732));
#13386=DIRECTION('',(-1.,0.,0.));
#13387=DIRECTION('',(1.,0.,0.));
#13388=DIRECTION('',(1.,0.,0.));
#13389=DIRECTION('',(0.,-0.999971875224867,-0.00749991728379732));
#13390=DIRECTION('center_axis',(0.,-0.011915594133425,0.999929006788206));
#13391=DIRECTION('ref_axis',(0.,-0.999929006788206,-0.011915594133425));
#13392=DIRECTION('',(0.,0.999929006788206,0.011915594133425));
#13393=DIRECTION('',(-1.,0.,0.));
#13394=DIRECTION('',(0.,-0.999929006788206,-0.011915594133425));
#13395=DIRECTION('center_axis',(0.,-0.0249922670640596,0.999687644510524));
#13396=DIRECTION('ref_axis',(0.,-0.999687644510523,-0.0249922670640596));
#13397=DIRECTION('',(0.,0.999687644510523,0.0249922670640596));
#13398=DIRECTION('',(1.,0.,0.));
#13399=DIRECTION('',(0.,-0.999687644510523,-0.0249922670640596));
#13400=DIRECTION('center_axis',(0.,-0.0349784189606889,0.999388067873041));
#13401=DIRECTION('ref_axis',(0.,-0.999388067873041,-0.0349784189606889));
#13402=DIRECTION('',(0.,0.999388067873041,0.0349784189606889));
#13403=DIRECTION('',(1.,0.,0.));
#13404=DIRECTION('',(0.,-0.999388067873041,-0.0349784189606889));
#13405=DIRECTION('center_axis',(0.,-0.0449545786281327,0.998989031901936));
#13406=DIRECTION('ref_axis',(0.,-0.998989031901936,-0.0449545786281327));
#13407=DIRECTION('',(0.,0.998989031901936,0.0449545786281327));
#13408=DIRECTION('',(1.,0.,0.));
#13409=DIRECTION('',(0.,-0.998989031901936,-0.0449545786281327));
#13410=DIRECTION('center_axis',(0.,-0.0623782875740512,0.998052578394209));
#13411=DIRECTION('ref_axis',(0.,-0.998052578394209,-0.0623782875740512));
#13412=DIRECTION('',(0.,0.998052578394209,0.0623782875740512));
#13413=DIRECTION('',(1.,0.,0.));
#13414=DIRECTION('',(0.,-0.998052578394209,-0.0623782875740512));
#13415=DIRECTION('center_axis',(0.,-0.0846946349255263,0.996406954419143));
#13416=DIRECTION('ref_axis',(0.,-0.996406954419143,-0.0846946349255263));
#13417=DIRECTION('',(0.,0.996406954419143,0.0846946349255263));
#13418=DIRECTION('',(1.,0.,0.));
#13419=DIRECTION('',(0.,-0.996406954419143,-0.0846946349255263));
#13420=DIRECTION('center_axis',(0.,-0.111794501503716,0.993731346709731));
#13421=DIRECTION('ref_axis',(0.,-0.993731346709731,-0.111794501503716));
#13422=DIRECTION('',(0.,0.993731346709731,0.111794501503716));
#13423=DIRECTION('',(1.,0.,0.));
#13424=DIRECTION('',(0.,-0.993731346709731,-0.111794501503716));
#13425=DIRECTION('center_axis',(0.,-0.141075248612431,0.989998875872564));
#13426=DIRECTION('ref_axis',(0.,-0.989998875872564,-0.141075248612431));
#13427=DIRECTION('',(0.,0.989998875872564,0.141075248612431));
#13428=DIRECTION('',(1.,0.,0.));
#13429=DIRECTION('',(0.,-0.989998875872564,-0.141075248612431));
#13430=DIRECTION('center_axis',(0.,-0.172380072669559,0.98503051249514));
#13431=DIRECTION('ref_axis',(0.,-0.98503051249514,-0.172380072669559));
#13432=DIRECTION('',(0.,0.98503051249514,0.172380072669559));
#13433=DIRECTION('',(1.,0.,0.));
#13434=DIRECTION('',(0.,-0.98503051249514,-0.172380072669559));
#13435=DIRECTION('center_axis',(0.,-0.200823789114022,0.979627381061742));
#13436=DIRECTION('ref_axis',(0.,-0.979627381061742,-0.200823789114022));
#13437=DIRECTION('',(0.,0.979627381061742,0.200823789114022));
#13438=DIRECTION('',(1.,0.,0.));
#13439=DIRECTION('',(0.,-0.979627381061742,-0.200823789114022));
#13440=DIRECTION('center_axis',(0.,-0.235669422691676,0.971833279533157));
#13441=DIRECTION('ref_axis',(0.,-0.971833279533157,-0.235669422691676));
#13442=DIRECTION('',(0.,0.971833279533157,0.235669422691676));
#13443=DIRECTION('',(1.,0.,0.));
#13444=DIRECTION('',(0.,-0.971833279533157,-0.235669422691676));
#13445=DIRECTION('center_axis',(0.,-0.269629919652862,0.962964021356972));
#13446=DIRECTION('ref_axis',(0.,-0.962964021356972,-0.269629919652862));
#13447=DIRECTION('',(0.,0.962964021356972,0.269629919652862));
#13448=DIRECTION('',(1.,0.,0.));
#13449=DIRECTION('',(0.,-0.962964021356972,-0.269629919652862));
#13450=DIRECTION('center_axis',(0.,-0.31123425408194,0.950333225287877));
#13451=DIRECTION('ref_axis',(0.,-0.950333225287877,-0.31123425408194));
#13452=DIRECTION('',(0.,0.950333225287877,0.31123425408194));
#13453=DIRECTION('',(1.,0.,0.));
#13454=DIRECTION('',(0.,-0.950333225287877,-0.31123425408194));
#13455=DIRECTION('center_axis',(0.,-0.359291751800806,0.933225287424161));
#13456=DIRECTION('ref_axis',(0.,-0.933225287424161,-0.359291751800806));
#13457=DIRECTION('',(0.,0.933225287424161,0.359291751800806));
#13458=DIRECTION('',(1.,0.,0.));
#13459=DIRECTION('',(0.,-0.933225287424161,-0.359291751800806));
#13460=DIRECTION('center_axis',(0.,-0.406562424180485,0.913623004988648));
#13461=DIRECTION('ref_axis',(0.,-0.913623004988648,-0.406562424180485));
#13462=DIRECTION('',(0.,0.913623004988648,0.406562424180485));
#13463=DIRECTION('',(1.,0.,0.));
#13464=DIRECTION('',(0.,-0.913623004988648,-0.406562424180485));
#13465=DIRECTION('center_axis',(0.,-0.457850066627771,0.889029423860057));
#13466=DIRECTION('ref_axis',(0.,-0.889029423860057,-0.457850066627771));
#13467=DIRECTION('',(0.,0.889029423860057,0.457850066627771));
#13468=DIRECTION('',(1.,0.,0.));
#13469=DIRECTION('',(0.,-0.889029423860057,-0.457850066627771));
#13470=DIRECTION('center_axis',(0.,-0.523859808651802,0.851804496864919));
#13471=DIRECTION('ref_axis',(0.,-0.851804496864919,-0.523859808651802));
#13472=DIRECTION('',(0.,0.851804496864919,0.523859808651802));
#13473=DIRECTION('',(1.,0.,0.));
#13474=DIRECTION('',(0.,-0.851804496864919,-0.523859808651802));
#13475=DIRECTION('center_axis',(0.,-0.607597459096481,0.794245130737042));
#13476=DIRECTION('ref_axis',(0.,-0.794245130737042,-0.607597459096481));
#13477=DIRECTION('',(0.,0.794245130737042,0.607597459096481));
#13478=DIRECTION('',(1.,0.,0.));
#13479=DIRECTION('',(0.,-0.794245130737042,-0.607597459096481));
#13480=DIRECTION('center_axis',(0.,-0.683941234092955,0.729537105504172));
#13481=DIRECTION('ref_axis',(0.,-0.729537105504172,-0.683941234092955));
#13482=DIRECTION('',(0.,0.729537105504172,0.683941234092955));
#13483=DIRECTION('',(1.,0.,0.));
#13484=DIRECTION('',(0.,-0.729537105504172,-0.683941234092955));
#13485=DIRECTION('center_axis',(0.,-0.715781914736946,0.698323886556597));
#13486=DIRECTION('ref_axis',(0.,-0.698323886556597,-0.715781914736946));
#13487=DIRECTION('',(0.,0.698323886556597,0.715781914736946));
#13488=DIRECTION('',(1.,0.,0.));
#13489=DIRECTION('',(0.,-0.698323886556597,-0.715781914736946));
#13490=DIRECTION('center_axis',(0.,-0.771470905163043,0.636264601000963));
#13491=DIRECTION('ref_axis',(0.,-0.636264601000963,-0.771470905163043));
#13492=DIRECTION('',(0.,0.636264601000963,0.771470905163043));
#13493=DIRECTION('',(1.,0.,0.));
#13494=DIRECTION('',(0.,-0.636264601000963,-0.771470905163043));
#13495=DIRECTION('center_axis',(0.,-0.840296673182243,0.542126831137193));
#13496=DIRECTION('ref_axis',(0.,-0.542126831137193,-0.840296673182243));
#13497=DIRECTION('',(0.,0.542126831137193,0.840296673182243));
#13498=DIRECTION('',(1.,0.,0.));
#13499=DIRECTION('',(0.,-0.542126831137193,-0.840296673182243));
#13500=DIRECTION('center_axis',(0.,-0.89876845614239,0.438423610499509));
#13501=DIRECTION('ref_axis',(0.,-0.438423610499509,-0.89876845614239));
#13502=DIRECTION('',(0.,0.438423610499509,0.89876845614239));
#13503=DIRECTION('',(1.,0.,0.));
#13504=DIRECTION('',(0.,-0.438423610499509,-0.89876845614239));
#13505=DIRECTION('center_axis',(0.,-0.941741937663497,0.336336324005902));
#13506=DIRECTION('ref_axis',(0.,-0.336336324005902,-0.941741937663497));
#13507=DIRECTION('',(0.,0.336336324005902,0.941741937663497));
#13508=DIRECTION('',(1.,0.,0.));
#13509=DIRECTION('',(0.,-0.336336324005902,-0.941741937663497));
#13510=DIRECTION('center_axis',(0.,-0.978105955396857,0.20810752032832));
#13511=DIRECTION('ref_axis',(0.,-0.20810752032832,-0.978105955396857));
#13512=DIRECTION('',(0.,0.20810752032832,0.978105955396857));
#13513=DIRECTION('',(1.,0.,0.));
#13514=DIRECTION('',(0.,-0.20810752032832,-0.978105955396857));
#13515=DIRECTION('center_axis',(0.,-0.994268655495148,-0.106910433073069));
#13516=DIRECTION('ref_axis',(0.,0.106910433073069,-0.994268655495148));
#13517=DIRECTION('',(0.,-0.106910433073069,0.994268655495148));
#13518=DIRECTION('',(1.,0.,0.));
#13519=DIRECTION('',(0.,0.106910433073069,-0.994268655495148));
#13520=DIRECTION('center_axis',(0.,-0.933345704929527,-0.35897882261995));
#13521=DIRECTION('ref_axis',(0.,0.35897882261995,-0.933345704929527));
#13522=DIRECTION('',(0.,-0.35897882261995,0.933345704929527));
#13523=DIRECTION('',(1.,0.,0.));
#13524=DIRECTION('',(0.,0.35897882261995,-0.933345704929527));
#13525=DIRECTION('center_axis',(0.,-0.879706529840812,-0.475517004275805));
#13526=DIRECTION('ref_axis',(0.,0.475517004275805,-0.879706529840812));
#13527=DIRECTION('',(0.,-0.475517004275805,0.879706529840812));
#13528=DIRECTION('',(1.,0.,0.));
#13529=DIRECTION('',(0.,0.475517004275805,-0.879706529840812));
#13530=DIRECTION('center_axis',(0.,-0.803557255847552,-0.59522746624694));
#13531=DIRECTION('ref_axis',(0.,0.59522746624694,-0.803557255847552));
#13532=DIRECTION('',(0.,-0.59522746624694,0.803557255847552));
#13533=DIRECTION('',(1.,0.,0.));
#13534=DIRECTION('',(0.,0.59522746624694,-0.803557255847552));
#13535=DIRECTION('center_axis',(0.,-0.688749551073695,-0.724999348893352));
#13536=DIRECTION('ref_axis',(0.,0.724999348893352,-0.688749551073694));
#13537=DIRECTION('',(0.,-0.724999348893352,0.688749551073694));
#13538=DIRECTION('',(1.,0.,0.));
#13539=DIRECTION('',(0.,0.724999348893352,-0.688749551073694));
#13540=DIRECTION('center_axis',(0.,-0.552293356143125,-0.83364983581847));
#13541=DIRECTION('ref_axis',(0.,0.83364983581847,-0.552293356143125));
#13542=DIRECTION('',(0.,-0.83364983581847,0.552293356143125));
#13543=DIRECTION('',(1.,0.,0.));
#13544=DIRECTION('',(0.,0.83364983581847,-0.552293356143125));
#13545=DIRECTION('center_axis',(0.,-0.381331125044481,-0.924438517735123));
#13546=DIRECTION('ref_axis',(0.,0.924438517735123,-0.381331125044481));
#13547=DIRECTION('',(0.,-0.924438517735123,0.381331125044481));
#13548=DIRECTION('',(1.,0.,0.));
#13549=DIRECTION('',(0.,0.924438517735123,-0.381331125044481));
#13550=DIRECTION('center_axis',(0.,-0.228768088431326,-0.973480950874478));
#13551=DIRECTION('ref_axis',(0.,0.973480950874478,-0.228768088431326));
#13552=DIRECTION('',(0.,-0.973480950874478,0.228768088431326));
#13553=DIRECTION('',(1.,0.,0.));
#13554=DIRECTION('',(0.,0.973480950874478,-0.228768088431326));
#13555=DIRECTION('center_axis',(0.,-0.186660856652753,-0.982424411643797));
#13556=DIRECTION('ref_axis',(0.,0.982424411643797,-0.186660856652753));
#13557=DIRECTION('',(0.,-0.982424411643797,0.186660856652753));
#13558=DIRECTION('',(1.,0.,0.));
#13559=DIRECTION('',(0.,0.982424411643797,-0.186660856652753));
#13560=DIRECTION('center_axis',(0.,-0.153171081126821,-0.988199686250932));
#13561=DIRECTION('ref_axis',(0.,0.988199686250932,-0.153171081126821));
#13562=DIRECTION('',(0.,-0.988199686250932,0.153171081126821));
#13563=DIRECTION('',(1.,0.,0.));
#13564=DIRECTION('',(0.,0.988199686250932,-0.153171081126821));
#13565=DIRECTION('center_axis',(0.,-0.109340529535168,-0.994004350393382));
#13566=DIRECTION('ref_axis',(0.,0.994004350393382,-0.109340529535168));
#13567=DIRECTION('',(0.,-0.994004350393382,0.109340529535168));
#13568=DIRECTION('',(1.,0.,0.));
#13569=DIRECTION('',(0.,0.994004350393382,-0.109340529535168));
#13570=DIRECTION('center_axis',(0.,-0.0648632970072817,-0.997894159067656));
#13571=DIRECTION('ref_axis',(0.,0.997894159067656,-0.0648632970072817));
#13572=DIRECTION('',(0.,-0.997894159067656,0.0648632970072817));
#13573=DIRECTION('',(1.,0.,0.));
#13574=DIRECTION('',(0.,0.997894159067656,-0.0648632970072817));
#13575=DIRECTION('center_axis',(0.,-0.0474466270923425,-0.998873774596951));
#13576=DIRECTION('ref_axis',(0.,0.998873774596951,-0.0474466270923425));
#13577=DIRECTION('',(0.,-0.998873774596951,0.0474466270923425));
#13578=DIRECTION('',(1.,0.,0.));
#13579=DIRECTION('',(0.,0.998873774596951,-0.0474466270923425));
#13580=DIRECTION('center_axis',(0.,-0.0261563583462238,-0.999657863930487));
#13581=DIRECTION('ref_axis',(0.,0.999657863930487,-0.0261563583462238));
#13582=DIRECTION('',(0.,-0.999657863930487,0.0261563583462238));
#13583=DIRECTION('',(1.,0.,0.));
#13584=DIRECTION('',(0.,0.999657863930487,-0.0261563583462238));
#13585=DIRECTION('center_axis',(0.,-0.0251493922435719,-0.999683704013314));
#13586=DIRECTION('ref_axis',(0.,0.999683704013314,-0.0251493922435718));
#13587=DIRECTION('',(0.,-0.999683704013314,0.0251493922435718));
#13588=DIRECTION('',(1.,0.,0.));
#13589=DIRECTION('',(0.,0.999683704013314,-0.0251493922435718));
#13590=DIRECTION('center_axis',(0.,-0.0149984998293298,-0.999887516175129));
#13591=DIRECTION('ref_axis',(0.,0.999887516175129,-0.0149984998293298));
#13592=DIRECTION('',(0.,-0.999887516175129,0.0149984998293298));
#13593=DIRECTION('',(1.,0.,0.));
#13594=DIRECTION('',(0.,0.999887516175129,-0.0149984998293298));
#13595=DIRECTION('center_axis',(0.,-6.61268281198606E-8,-0.999999999999998));
#13596=DIRECTION('ref_axis',(0.,0.999999999999998,-6.61268281198606E-8));
#13597=DIRECTION('',(0.,-0.999999999999998,6.61268281198606E-8));
#13598=DIRECTION('',(1.,0.,0.));
#13599=DIRECTION('',(0.,0.999999999999998,-6.61268281198606E-8));
#13600=DIRECTION('center_axis',(0.,0.00999944345831897,-0.999950004315478));
#13601=DIRECTION('ref_axis',(0.,0.999950004315478,0.00999944345831897));
#13602=DIRECTION('',(0.,-0.999950004315478,-0.00999944345831897));
#13603=DIRECTION('',(1.,0.,0.));
#13604=DIRECTION('',(0.,0.999950004315478,0.00999944345831897));
#13605=DIRECTION('center_axis',(0.,0.0199960764649122,-0.999800058474698));
#13606=DIRECTION('ref_axis',(0.,0.999800058474698,0.0199960764649122));
#13607=DIRECTION('',(0.,-0.999800058474698,-0.0199960764649122));
#13608=DIRECTION('',(1.,0.,0.));
#13609=DIRECTION('',(0.,0.999800058474698,0.0199960764649122));
#13610=DIRECTION('center_axis',(0.,0.024992169077033,-0.999687646960202));
#13611=DIRECTION('ref_axis',(0.,0.999687646960202,0.024992169077033));
#13612=DIRECTION('',(0.,-0.999687646960202,-0.024992169077033));
#13613=DIRECTION('',(1.,0.,0.));
#13614=DIRECTION('',(0.,0.999687646960202,0.024992169077033));
#13615=DIRECTION('center_axis',(0.,0.032482911066732,-0.999472291005924));
#13616=DIRECTION('ref_axis',(0.,0.999472291005924,0.032482911066732));
#13617=DIRECTION('',(0.,-0.999472291005924,-0.032482911066732));
#13618=DIRECTION('',(1.,0.,0.));
#13619=DIRECTION('',(0.,0.999472291005924,0.032482911066732));
#13620=DIRECTION('center_axis',(0.,0.0349786197262071,-0.999388060846261));
#13621=DIRECTION('ref_axis',(0.,0.999388060846261,0.0349786197262071));
#13622=DIRECTION('',(0.,-0.999388060846261,-0.0349786197262071));
#13623=DIRECTION('',(1.,0.,0.));
#13624=DIRECTION('',(0.,0.999388060846261,0.0349786197262071));
#13625=DIRECTION('center_axis',(0.,0.0374738010376808,-0.999297610442349));
#13626=DIRECTION('ref_axis',(0.,0.999297610442349,0.0374738010376808));
#13627=DIRECTION('',(0.,-0.999297610442349,-0.0374738010376808));
#13628=DIRECTION('',(1.,0.,0.));
#13629=DIRECTION('',(0.,0.999297610442349,0.0374738010376808));
#13630=DIRECTION('center_axis',(0.,0.0374737382658029,-0.999297612796301));
#13631=DIRECTION('ref_axis',(0.,0.999297612796301,0.0374737382658029));
#13632=DIRECTION('',(0.,-0.999297612796301,-0.0374737382658029));
#13633=DIRECTION('',(1.,0.,0.));
#13634=DIRECTION('',(0.,0.999297612796301,0.0374737382658029));
#13635=DIRECTION('center_axis',(0.,0.0374739267310459,-0.999297605728822));
#13636=DIRECTION('ref_axis',(0.,0.999297605728822,0.0374739267310459));
#13637=DIRECTION('',(0.,-0.999297605728822,-0.0374739267310459));
#13638=DIRECTION('',(1.,0.,0.));
#13639=DIRECTION('',(0.,0.999297605728822,0.0374739267310459));
#13640=DIRECTION('center_axis',(1.,0.,0.));
#13641=DIRECTION('ref_axis',(0.,0.0373531896194379,-0.999302126098636));
#13642=DIRECTION('center_axis',(-1.,0.,0.));
#13643=DIRECTION('ref_axis',(0.,0.0373531896194379,-0.999302126098636));
#13644=DIRECTION('',(1.,0.,0.));
#13645=DIRECTION('center_axis',(1.,0.,0.));
#13646=DIRECTION('ref_axis',(0.,0.0373531896194379,-0.999302126098636));
#13647=DIRECTION('center_axis',(0.,0.0374740139820762,-0.999297602456881));
#13648=DIRECTION('ref_axis',(0.,0.999297602456881,0.0374740139820762));
#13649=DIRECTION('',(0.,-0.999297602456881,-0.0374740139820762));
#13650=DIRECTION('',(1.,0.,0.));
#13651=DIRECTION('',(0.,0.999297602456881,0.0374740139820762));
#13652=DIRECTION('center_axis',(0.,0.0365617943802994,-0.999331394078908));
#13653=DIRECTION('ref_axis',(0.,0.999331394078908,0.0365617943802994));
#13654=DIRECTION('',(0.,-0.999331394078908,-0.0365617943802994));
#13655=DIRECTION('',(1.,0.,0.));
#13656=DIRECTION('',(0.,0.999331394078908,0.0365617943802994));
#13657=DIRECTION('center_axis',(0.,0.034978989578321,-0.999388047901354));
#13658=DIRECTION('ref_axis',(0.,0.999388047901354,0.034978989578321));
#13659=DIRECTION('',(0.,-0.999388047901354,-0.034978989578321));
#13660=DIRECTION('',(1.,0.,0.));
#13661=DIRECTION('',(0.,0.999388047901354,0.034978989578321));
#13662=DIRECTION('center_axis',(0.,0.0374742678748485,-0.99929759293578));
#13663=DIRECTION('ref_axis',(0.,0.99929759293578,0.0374742678748485));
#13664=DIRECTION('',(0.,-0.99929759293578,-0.0374742678748485));
#13665=DIRECTION('',(1.,0.,0.));
#13666=DIRECTION('',(0.,0.99929759293578,0.0374742678748485));
#13667=DIRECTION('center_axis',(0.,0.0349793213417849,-0.999388036289443));
#13668=DIRECTION('ref_axis',(0.,0.999388036289443,0.0349793213417849));
#13669=DIRECTION('',(0.,-0.999388036289443,-0.0349793213417849));
#13670=DIRECTION('',(1.,0.,0.));
#13671=DIRECTION('',(0.,0.999388036289443,0.0349793213417849));
#13672=DIRECTION('center_axis',(0.,0.0374747082872434,-0.99929757641995));
#13673=DIRECTION('ref_axis',(0.,0.99929757641995,0.0374747082872434));
#13674=DIRECTION('',(0.,-0.99929757641995,-0.0374747082872434));
#13675=DIRECTION('',(0.,0.99929757641995,0.0374747082872434));
#13676=DIRECTION('center_axis',(-1.,0.,0.));
#13677=DIRECTION('ref_axis',(0.,0.,1.));
#13678=DIRECTION('center_axis',(-1.,0.,0.));
#13679=DIRECTION('ref_axis',(0.,0.,1.));
#13680=DIRECTION('center_axis',(-1.,0.,0.));
#13681=DIRECTION('ref_axis',(0.,0.,1.));
#13682=DIRECTION('',(0.,-0.999297755350038,-0.0374699366475986));
#13683=DIRECTION('',(0.,-0.999297678222116,-0.0374719935403488));
#13684=DIRECTION('',(0.,0.999332592503244,0.036529023539454));
#13685=DIRECTION('center_axis',(1.,0.,0.));
#13686=DIRECTION('ref_axis',(0.,-0.999994992749015,-0.00316456583091634));
#13687=DIRECTION('',(0.,0.00316459677643683,-0.999994992651085));
#13688=DIRECTION('center_axis',(1.,0.,0.));
#13689=DIRECTION('ref_axis',(0.,0.163088643716217,0.986611420109663));
#13690=DIRECTION('',(0.,-0.987228755249095,0.159309085771409));
#13691=DIRECTION('',(0.,-0.986597250030033,0.163174343060349));
#13692=DIRECTION('',(0.,-0.985753899118796,0.16819408542541));
#13693=DIRECTION('',(0.,-0.984960174101481,0.172781525152374));
#13694=DIRECTION('',(0.,-0.984104396119935,0.177590927520014));
#13695=DIRECTION('',(0.,-0.982784252734152,0.184756901299448));
#13696=DIRECTION('',(0.,-0.981416503446909,0.191889673411686));
#13697=DIRECTION('',(0.,-0.980947127082122,0.194274892534605));
#13698=DIRECTION('',(0.,-0.979516843554395,0.201362243713251));
#13699=DIRECTION('',(0.,-0.979027180360334,0.203729674116695));
#13700=DIRECTION('',(0.,-0.977535265425544,0.210771926141531));
#13701=DIRECTION('',(0.,-0.976514136878962,0.21545333711859));
#13702=DIRECTION('',(0.,-0.975473002888421,0.220119105567526));
#13703=DIRECTION('',(0.,-0.974412038598185,0.224769168337052));
#13704=DIRECTION('',(0.,-0.974427112152174,0.224703811945355));
#13705=DIRECTION('',(0.,-0.973347473850946,0.229335333404997));
#13706=DIRECTION('',(0.,-0.972248411873443,0.233950904271748));
#13707=DIRECTION('',(0.,-0.973365860054449,0.22925728446543));
#13708=DIRECTION('',(0.,0.999414681524303,0.0342095652365689));
#13709=DIRECTION('',(0.,0.999235505757673,0.0390948082640974));
#13710=DIRECTION('',(0.,0.99941757200978,0.0341250166018378));
#13711=DIRECTION('',(0.,0.999416869277516,0.0341455912751168));
#13712=DIRECTION('',(0.,0.999330086027779,0.0365975294208711));
#13713=DIRECTION('',(0.,0.999328554116024,0.0366393358069948));
#13714=DIRECTION('',(0.,0.999415167556793,0.0341953630983537));
#13715=DIRECTION('',(0.,0.999581850259611,0.028915819745821));
#13716=DIRECTION('',(0.,0.999297607103294,0.0374738900786928));
#13717=DIRECTION('',(0.,0.999297609364483,0.0374738297806381));
#13718=DIRECTION('',(0.,0.999388058244514,0.0349786940616598));
#13719=DIRECTION('',(0.,0.999325849336534,0.0367130337593414));
#13720=DIRECTION('',(0.,0.999297618042639,0.0374735983634932));
#13721=DIRECTION('',(0.,0.999297627092124,0.0374733570427117));
#13722=DIRECTION('',(0.,0.999388088297239,0.0349778354045802));
#13723=DIRECTION('',(0.,0.999325849336534,0.0367130337593414));
#13724=DIRECTION('center_axis',(0.,0.0374699366475986,-0.999297755350038));
#13725=DIRECTION('ref_axis',(0.,0.999297755350038,0.0374699366475986));
#13726=DIRECTION('',(1.,0.,0.));
#13727=DIRECTION('',(0.,0.999297755350038,0.0374699366475986));
#13728=DIRECTION('',(1.,0.,0.));
#13729=DIRECTION('center_axis',(0.,-0.0367130337593414,0.999325849336534));
#13730=DIRECTION('ref_axis',(0.,-0.999325849336534,-0.0367130337593414));
#13731=DIRECTION('',(1.,0.,0.));
#13732=DIRECTION('',(0.,-0.999325849336534,-0.0367130337593414));
#13733=DIRECTION('',(1.,0.,0.));
#13734=DIRECTION('center_axis',(0.,-0.0349778354045802,0.999388088297239));
#13735=DIRECTION('ref_axis',(0.,-0.999388088297239,-0.0349778354045802));
#13736=DIRECTION('',(1.,0.,0.));
#13737=DIRECTION('',(0.,-0.999388088297239,-0.0349778354045802));
#13738=DIRECTION('center_axis',(0.,-0.0374733570427117,0.999297627092124));
#13739=DIRECTION('ref_axis',(0.,-0.999297627092124,-0.0374733570427117));
#13740=DIRECTION('',(1.,0.,0.));
#13741=DIRECTION('',(0.,-0.999297627092124,-0.0374733570427117));
#13742=DIRECTION('center_axis',(0.,-0.0374735983634932,0.999297618042639));
#13743=DIRECTION('ref_axis',(0.,-0.999297618042639,-0.0374735983634932));
#13744=DIRECTION('',(1.,0.,0.));
#13745=DIRECTION('',(0.,-0.999297618042639,-0.0374735983634932));
#13746=DIRECTION('center_axis',(0.,-0.0367130337593414,0.999325849336534));
#13747=DIRECTION('ref_axis',(0.,-0.999325849336534,-0.0367130337593414));
#13748=DIRECTION('',(1.,0.,0.));
#13749=DIRECTION('',(0.,-0.999325849336534,-0.0367130337593414));
#13750=DIRECTION('center_axis',(0.,-0.0349786940616598,0.999388058244514));
#13751=DIRECTION('ref_axis',(0.,-0.999388058244514,-0.0349786940616598));
#13752=DIRECTION('',(1.,0.,0.));
#13753=DIRECTION('',(0.,-0.999388058244514,-0.0349786940616598));
#13754=DIRECTION('center_axis',(0.,-0.0374738297806381,0.999297609364483));
#13755=DIRECTION('ref_axis',(0.,-0.999297609364483,-0.0374738297806381));
#13756=DIRECTION('',(1.,0.,0.));
#13757=DIRECTION('',(0.,-0.999297609364483,-0.0374738297806381));
#13758=DIRECTION('center_axis',(0.,-0.0374738900786928,0.999297607103294));
#13759=DIRECTION('ref_axis',(0.,-0.999297607103294,-0.0374738900786928));
#13760=DIRECTION('',(1.,0.,0.));
#13761=DIRECTION('',(0.,-0.999297607103294,-0.0374738900786928));
#13762=DIRECTION('center_axis',(0.,-0.028915819745821,0.999581850259611));
#13763=DIRECTION('ref_axis',(0.,-0.999581850259611,-0.028915819745821));
#13764=DIRECTION('',(1.,0.,0.));
#13765=DIRECTION('',(0.,-0.999581850259611,-0.028915819745821));
#13766=DIRECTION('center_axis',(0.,-0.0341953630983537,0.999415167556793));
#13767=DIRECTION('ref_axis',(0.,-0.999415167556793,-0.0341953630983537));
#13768=DIRECTION('',(1.,0.,0.));
#13769=DIRECTION('',(0.,-0.999415167556793,-0.0341953630983537));
#13770=DIRECTION('center_axis',(0.,-0.0366393358069948,0.999328554116024));
#13771=DIRECTION('ref_axis',(0.,-0.999328554116024,-0.0366393358069948));
#13772=DIRECTION('',(1.,0.,0.));
#13773=DIRECTION('',(0.,-0.999328554116024,-0.0366393358069948));
#13774=DIRECTION('center_axis',(0.,-0.0365975294208711,0.999330086027779));
#13775=DIRECTION('ref_axis',(0.,-0.999330086027779,-0.0365975294208711));
#13776=DIRECTION('',(1.,0.,0.));
#13777=DIRECTION('',(0.,-0.999330086027779,-0.0365975294208711));
#13778=DIRECTION('center_axis',(0.,-0.0341455912751168,0.999416869277517));
#13779=DIRECTION('ref_axis',(0.,-0.999416869277516,-0.0341455912751168));
#13780=DIRECTION('',(1.,0.,0.));
#13781=DIRECTION('',(0.,-0.999416869277516,-0.0341455912751168));
#13782=DIRECTION('center_axis',(0.,-0.0341250166018378,0.99941757200978));
#13783=DIRECTION('ref_axis',(0.,-0.99941757200978,-0.0341250166018378));
#13784=DIRECTION('',(1.,0.,0.));
#13785=DIRECTION('',(0.,-0.99941757200978,-0.0341250166018378));
#13786=DIRECTION('center_axis',(0.,-0.0390948082640974,0.999235505757674));
#13787=DIRECTION('ref_axis',(0.,-0.999235505757673,-0.0390948082640974));
#13788=DIRECTION('',(1.,0.,0.));
#13789=DIRECTION('',(0.,-0.999235505757673,-0.0390948082640974));
#13790=DIRECTION('center_axis',(0.,-0.0342095652365689,0.999414681524303));
#13791=DIRECTION('ref_axis',(0.,-0.999414681524303,-0.0342095652365689));
#13792=DIRECTION('',(1.,0.,0.));
#13793=DIRECTION('',(0.,-0.999414681524303,-0.0342095652365689));
#13794=DIRECTION('center_axis',(0.,-0.22925728446543,-0.973365860054449));
#13795=DIRECTION('ref_axis',(0.,0.973365860054449,-0.22925728446543));
#13796=DIRECTION('',(1.,0.,0.));
#13797=DIRECTION('',(0.,0.973365860054449,-0.22925728446543));
#13798=DIRECTION('center_axis',(0.,-0.233950904271748,-0.972248411873443));
#13799=DIRECTION('ref_axis',(0.,0.972248411873443,-0.233950904271748));
#13800=DIRECTION('',(1.,0.,0.));
#13801=DIRECTION('',(0.,0.972248411873443,-0.233950904271748));
#13802=DIRECTION('center_axis',(0.,-0.229335333404997,-0.973347473850946));
#13803=DIRECTION('ref_axis',(0.,0.973347473850946,-0.229335333404997));
#13804=DIRECTION('',(1.,0.,0.));
#13805=DIRECTION('',(0.,0.973347473850946,-0.229335333404997));
#13806=DIRECTION('center_axis',(-1.,0.,0.));
#13807=DIRECTION('ref_axis',(0.,0.,1.));
#13808=DIRECTION('',(0.,0.974427112152174,-0.224703811945355));
#13809=DIRECTION('',(0.,0.974412038598185,-0.224769168337052));
#13810=DIRECTION('',(0.,0.975473002888421,-0.220119105567526));
#13811=DIRECTION('',(0.,0.976514136878962,-0.21545333711859));
#13812=DIRECTION('',(0.,0.977535265425544,-0.210771926141531));
#13813=DIRECTION('',(0.,0.979027180360334,-0.203729674116695));
#13814=DIRECTION('',(0.,0.979516843554395,-0.201362243713251));
#13815=DIRECTION('',(0.,0.980947127082122,-0.194274892534605));
#13816=DIRECTION('',(0.,0.981416503446909,-0.191889673411686));
#13817=DIRECTION('',(0.,0.982784252734152,-0.184756901299448));
#13818=DIRECTION('',(0.,0.984104396119935,-0.177590927520014));
#13819=DIRECTION('',(0.,0.984960174101481,-0.172781525152374));
#13820=DIRECTION('',(0.,0.985753899118796,-0.16819408542541));
#13821=DIRECTION('',(0.,0.986597250030033,-0.163174343060349));
#13822=DIRECTION('',(0.,0.987228755249095,-0.159309085771409));
#13823=DIRECTION('center_axis',(-1.,0.,0.));
#13824=DIRECTION('ref_axis',(0.,0.163088643716217,0.986611420109663));
#13825=DIRECTION('',(0.,-0.00316459677643683,0.999994992651085));
#13826=DIRECTION('center_axis',(-1.,0.,0.));
#13827=DIRECTION('ref_axis',(0.,-0.999994992749015,-0.00316456583091634));
#13828=DIRECTION('',(0.,-0.999332592503244,-0.036529023539454));
#13829=DIRECTION('',(0.,0.999297678222116,0.0374719935403488));
#13830=DIRECTION('center_axis',(0.,-0.224703811945355,-0.974427112152175));
#13831=DIRECTION('ref_axis',(0.,0.974427112152174,-0.224703811945355));
#13832=DIRECTION('',(1.,0.,0.));
#13833=DIRECTION('center_axis',(-1.,0.,0.));
#13834=DIRECTION('ref_axis',(0.,0.,1.));
#13835=DIRECTION('',(0.,0.999297755350038,0.0374699366475986));
#13836=DIRECTION('',(0.,0.999339480416988,0.0363401001636497));
#13837=DIRECTION('',(0.,-0.999325849336534,-0.0367130337593414));
#13838=DIRECTION('center_axis',(-1.,0.,0.));
#13839=DIRECTION('ref_axis',(0.,0.,1.));
#13840=DIRECTION('',(0.,0.999297755350038,0.0374699366475986));
#13841=DIRECTION('',(0.,0.999325849336534,0.0367130337593414));
#13842=DIRECTION('',(0.,0.999339480416988,0.0363401001636497));
#13843=DIRECTION('center_axis',(0.,-0.224769168337052,-0.974412038598185));
#13844=DIRECTION('ref_axis',(0.,0.974412038598185,-0.224769168337052));
#13845=DIRECTION('',(1.,0.,0.));
#13846=DIRECTION('center_axis',(0.,-0.220119105567526,-0.975473002888421));
#13847=DIRECTION('ref_axis',(0.,0.975473002888421,-0.220119105567526));
#13848=DIRECTION('',(1.,0.,0.));
#13849=DIRECTION('center_axis',(0.,-0.21545333711859,-0.976514136878962));
#13850=DIRECTION('ref_axis',(0.,0.976514136878962,-0.21545333711859));
#13851=DIRECTION('',(1.,0.,0.));
#13852=DIRECTION('center_axis',(0.,-0.210771926141531,-0.977535265425544));
#13853=DIRECTION('ref_axis',(0.,0.977535265425544,-0.210771926141531));
#13854=DIRECTION('',(1.,0.,0.));
#13855=DIRECTION('center_axis',(0.,-0.203729674116695,-0.979027180360334));
#13856=DIRECTION('ref_axis',(0.,0.979027180360334,-0.203729674116695));
#13857=DIRECTION('',(1.,0.,0.));
#13858=DIRECTION('center_axis',(0.,-0.201362243713251,-0.979516843554395));
#13859=DIRECTION('ref_axis',(0.,0.979516843554395,-0.201362243713251));
#13860=DIRECTION('',(1.,0.,0.));
#13861=DIRECTION('center_axis',(0.,-0.194274892534605,-0.980947127082121));
#13862=DIRECTION('ref_axis',(0.,0.980947127082122,-0.194274892534605));
#13863=DIRECTION('',(1.,0.,0.));
#13864=DIRECTION('center_axis',(0.,-0.191889673411686,-0.981416503446909));
#13865=DIRECTION('ref_axis',(0.,0.981416503446909,-0.191889673411686));
#13866=DIRECTION('',(1.,0.,0.));
#13867=DIRECTION('center_axis',(0.,-0.0374699366475986,0.999297755350038));
#13868=DIRECTION('ref_axis',(0.,-0.999297755350038,-0.0374699366475986));
#13869=DIRECTION('',(1.,0.,0.));
#13870=DIRECTION('',(1.,0.,0.));
#13871=DIRECTION('',(1.,0.,0.));
#13872=DIRECTION('center_axis',(0.,-0.184756901299448,-0.982784252734152));
#13873=DIRECTION('ref_axis',(0.,0.982784252734152,-0.184756901299448));
#13874=DIRECTION('',(1.,0.,0.));
#13875=DIRECTION('center_axis',(0.,-0.177590927520014,-0.984104396119935));
#13876=DIRECTION('ref_axis',(0.,0.984104396119935,-0.177590927520014));
#13877=DIRECTION('',(1.,0.,0.));
#13878=DIRECTION('center_axis',(0.,-0.172781525152374,-0.984960174101481));
#13879=DIRECTION('ref_axis',(0.,0.984960174101481,-0.172781525152374));
#13880=DIRECTION('',(1.,0.,0.));
#13881=DIRECTION('center_axis',(0.,-0.16819408542541,-0.985753899118796));
#13882=DIRECTION('ref_axis',(0.,0.985753899118796,-0.16819408542541));
#13883=DIRECTION('',(1.,0.,0.));
#13884=DIRECTION('center_axis',(0.,-0.163174343060349,-0.986597250030033));
#13885=DIRECTION('ref_axis',(0.,0.986597250030033,-0.163174343060349));
#13886=DIRECTION('',(1.,0.,0.));
#13887=DIRECTION('center_axis',(0.,-0.159309085771409,-0.987228755249095));
#13888=DIRECTION('ref_axis',(0.,0.987228755249095,-0.159309085771409));
#13889=DIRECTION('',(1.,0.,0.));
#13890=DIRECTION('center_axis',(1.,0.,0.));
#13891=DIRECTION('ref_axis',(0.,0.163088643716217,0.986611420109663));
#13892=DIRECTION('',(1.,0.,0.));
#13893=DIRECTION('center_axis',(0.,0.999994992651085,0.00316459677643683));
#13894=DIRECTION('ref_axis',(0.,-0.00316459677643683,0.999994992651085));
#13895=DIRECTION('',(1.,0.,0.));
#13896=DIRECTION('center_axis',(1.,0.,0.));
#13897=DIRECTION('ref_axis',(0.,-0.999994992749015,-0.00316456583091634));
#13898=DIRECTION('',(1.,0.,0.));
#13899=DIRECTION('center_axis',(0.,-0.036529023539454,0.999332592503244));
#13900=DIRECTION('ref_axis',(0.,-0.999332592503244,-0.036529023539454));
#13901=DIRECTION('',(1.,0.,0.));
#13902=DIRECTION('center_axis',(0.,0.0374719935403488,-0.999297678222116));
#13903=DIRECTION('ref_axis',(0.,0.999297678222116,0.0374719935403488));
#13904=DIRECTION('center_axis',(0.,0.0367130337593414,-0.999325849336534));
#13905=DIRECTION('ref_axis',(0.,0.999325849336534,0.0367130337593414));
#13906=DIRECTION('',(1.,0.,0.));
#13907=DIRECTION('center_axis',(0.,-0.0363401001636497,0.999339480416988));
#13908=DIRECTION('ref_axis',(0.,-0.999339480416988,-0.0363401001636497));
#13909=DIRECTION('center_axis',(-1.,0.,0.));
#13910=DIRECTION('ref_axis',(0.,0.,1.));
#13911=DIRECTION('center_axis',(1.,0.,0.));
#13912=DIRECTION('ref_axis',(0.,-0.999887517651532,0.0149984014033631));
#13913=DIRECTION('',(0.,-0.0149984998293304,-0.999887516175129));
#13914=DIRECTION('',(0.,-4.58485744357398E-5,-0.999999998948954));
#13915=DIRECTION('center_axis',(1.,0.,0.));
#13916=DIRECTION('ref_axis',(0.,-0.200823789114037,0.979627381061739));
#13917=DIRECTION('',(0.,-0.979627381061742,-0.200823789114022));
#13918=DIRECTION('',(0.,-0.98503051249514,-0.172380072669559));
#13919=DIRECTION('',(0.,-0.989998875872564,-0.141075248612431));
#13920=DIRECTION('',(0.,-0.993731346709731,-0.111794501503716));
#13921=DIRECTION('',(0.,-0.996406954419143,-0.0846946349255266));
#13922=DIRECTION('',(0.,-0.998052578394209,-0.0623782875740512));
#13923=DIRECTION('',(0.,-0.998989031901936,-0.0449545786281327));
#13924=DIRECTION('',(0.,-0.999388067873041,-0.034978418960689));
#13925=DIRECTION('',(0.,-0.999687644510523,-0.0249922670640592));
#13926=DIRECTION('center_axis',(1.,0.,0.));
#13927=DIRECTION('ref_axis',(0.,0.999639399486707,0.0268527651063497));
#13928=DIRECTION('',(0.,0.00398550449790534,0.99999205784541));
#13929=DIRECTION('center_axis',(1.,0.,0.));
#13930=DIRECTION('ref_axis',(0.,0.0374740139820779,-0.999297602456881));
#13931=DIRECTION('',(0.,0.999297605728822,0.0374739267310477));
#13932=DIRECTION('',(0.,0.999297612796301,0.0374737382658028));
#13933=DIRECTION('',(0.,0.999297610442349,0.0374738010376807));
#13934=DIRECTION('',(0.,0.999388060846261,0.0349786197262074));
#13935=DIRECTION('',(0.,0.999472291005924,0.0324829110667319));
#13936=DIRECTION('',(0.,0.999687646960202,0.0249921690770327));
#13937=DIRECTION('',(0.,0.999800058474698,0.0199960764649124));
#13938=DIRECTION('',(0.,0.999950004315478,0.00999944345831905));
#13939=DIRECTION('',(0.,0.999999999999998,-6.61268282722254E-8));
#13940=DIRECTION('center_axis',(1.,0.,0.));
#13941=DIRECTION('ref_axis',(0.,0.999639399486707,0.0268527651063497));
#13942=DIRECTION('',(1.,0.,0.));
#13943=DIRECTION('center_axis',(-1.,0.,0.));
#13944=DIRECTION('ref_axis',(0.,0.999639399486707,0.0268527651063497));
#13945=DIRECTION('',(1.,0.,0.));
#13946=DIRECTION('center_axis',(0.,0.0249922670640592,-0.999687644510523));
#13947=DIRECTION('ref_axis',(0.,0.999687644510523,0.0249922670640592));
#13948=DIRECTION('',(1.,0.,0.));
#13949=DIRECTION('',(0.,0.999687644510523,0.0249922670640592));
#13950=DIRECTION('',(1.,0.,0.));
#13951=DIRECTION('center_axis',(0.,0.034978418960689,-0.999388067873041));
#13952=DIRECTION('ref_axis',(0.,0.999388067873041,0.034978418960689));
#13953=DIRECTION('',(1.,0.,0.));
#13954=DIRECTION('',(0.,0.999388067873041,0.034978418960689));
#13955=DIRECTION('center_axis',(0.,0.0449545786281327,-0.998989031901936));
#13956=DIRECTION('ref_axis',(0.,0.998989031901936,0.0449545786281327));
#13957=DIRECTION('',(1.,0.,0.));
#13958=DIRECTION('',(0.,0.998989031901936,0.0449545786281327));
#13959=DIRECTION('center_axis',(0.,0.0623782875740512,-0.998052578394209));
#13960=DIRECTION('ref_axis',(0.,0.998052578394209,0.0623782875740512));
#13961=DIRECTION('',(1.,0.,0.));
#13962=DIRECTION('',(0.,0.998052578394209,0.0623782875740512));
#13963=DIRECTION('center_axis',(0.,0.0846946349255266,-0.996406954419143));
#13964=DIRECTION('ref_axis',(0.,0.996406954419143,0.0846946349255266));
#13965=DIRECTION('',(1.,0.,0.));
#13966=DIRECTION('',(0.,0.996406954419143,0.0846946349255266));
#13967=DIRECTION('center_axis',(0.,0.111794501503716,-0.993731346709731));
#13968=DIRECTION('ref_axis',(0.,0.993731346709731,0.111794501503716));
#13969=DIRECTION('',(1.,0.,0.));
#13970=DIRECTION('',(0.,0.993731346709731,0.111794501503716));
#13971=DIRECTION('center_axis',(0.,0.141075248612431,-0.989998875872564));
#13972=DIRECTION('ref_axis',(0.,0.989998875872564,0.141075248612431));
#13973=DIRECTION('',(1.,0.,0.));
#13974=DIRECTION('',(0.,0.989998875872564,0.141075248612431));
#13975=DIRECTION('center_axis',(0.,0.172380072669559,-0.98503051249514));
#13976=DIRECTION('ref_axis',(0.,0.98503051249514,0.172380072669559));
#13977=DIRECTION('',(1.,0.,0.));
#13978=DIRECTION('',(0.,0.98503051249514,0.172380072669559));
#13979=DIRECTION('center_axis',(0.,0.200823789114022,-0.979627381061742));
#13980=DIRECTION('ref_axis',(0.,0.979627381061742,0.200823789114022));
#13981=DIRECTION('',(1.,0.,0.));
#13982=DIRECTION('',(0.,0.979627381061742,0.200823789114022));
#13983=DIRECTION('center_axis',(1.,0.,0.));
#13984=DIRECTION('ref_axis',(0.,-0.200823789114037,0.979627381061739));
#13985=DIRECTION('',(1.,0.,0.));
#13986=DIRECTION('center_axis',(-1.,0.,0.));
#13987=DIRECTION('ref_axis',(0.,-0.200823789114037,0.979627381061739));
#13988=DIRECTION('center_axis',(0.,0.999999998948954,-4.58485744357398E-5));
#13989=DIRECTION('ref_axis',(0.,4.58485744357398E-5,0.999999998948954));
#13990=DIRECTION('',(1.,0.,0.));
#13991=DIRECTION('',(0.,4.58485744357398E-5,0.999999998948954));
#13992=DIRECTION('center_axis',(0.,0.999887516175129,-0.0149984998293304));
#13993=DIRECTION('ref_axis',(0.,0.0149984998293304,0.999887516175129));
#13994=DIRECTION('',(1.,0.,0.));
#13995=DIRECTION('',(0.,0.0149984998293304,0.999887516175129));
#13996=DIRECTION('center_axis',(-1.,0.,0.));
#13997=DIRECTION('ref_axis',(0.,0.,1.));
#13998=DIRECTION('center_axis',(-1.,0.,0.));
#13999=DIRECTION('ref_axis',(0.,-0.999887517651532,0.0149984014033631));
#14000=DIRECTION('',(0.,-0.999999999999998,6.61268282722254E-8));
#14001=DIRECTION('',(0.,-0.999950004315478,-0.00999944345831905));
#14002=DIRECTION('',(0.,-0.999800058474698,-0.0199960764649124));
#14003=DIRECTION('',(0.,-0.999687646960202,-0.0249921690770327));
#14004=DIRECTION('',(0.,-0.999472291005924,-0.0324829110667319));
#14005=DIRECTION('',(0.,-0.999388060846261,-0.0349786197262074));
#14006=DIRECTION('',(0.,-0.999297610442349,-0.0374738010376807));
#14007=DIRECTION('',(0.,-0.999297612796301,-0.0374737382658028));
#14008=DIRECTION('',(0.,-0.999297605728822,-0.0374739267310477));
#14009=DIRECTION('center_axis',(-1.,0.,0.));
#14010=DIRECTION('ref_axis',(0.,0.0374740139820779,-0.999297602456881));
#14011=DIRECTION('',(0.,-0.00398550449790534,-0.99999205784541));
#14012=DIRECTION('center_axis',(0.,-0.99999205784541,0.00398550449790534));
#14013=DIRECTION('ref_axis',(0.,-0.00398550449790534,-0.99999205784541));
#14014=DIRECTION('',(1.,0.,0.));
#14015=DIRECTION('center_axis',(1.,0.,0.));
#14016=DIRECTION('ref_axis',(0.,0.0374740139820779,-0.999297602456881));
#14017=DIRECTION('',(1.,0.,0.));
#14018=DIRECTION('center_axis',(0.,-0.0374739267310477,0.999297605728822));
#14019=DIRECTION('ref_axis',(0.,-0.999297605728822,-0.0374739267310477));
#14020=DIRECTION('',(1.,0.,0.));
#14021=DIRECTION('center_axis',(0.,-0.0374737382658028,0.999297612796301));
#14022=DIRECTION('ref_axis',(0.,-0.999297612796301,-0.0374737382658028));
#14023=DIRECTION('',(1.,0.,0.));
#14024=DIRECTION('center_axis',(0.,-0.0374738010376807,0.999297610442349));
#14025=DIRECTION('ref_axis',(0.,-0.999297610442349,-0.0374738010376807));
#14026=DIRECTION('',(1.,0.,0.));
#14027=DIRECTION('center_axis',(0.,-0.0349786197262074,0.999388060846261));
#14028=DIRECTION('ref_axis',(0.,-0.999388060846261,-0.0349786197262074));
#14029=DIRECTION('',(1.,0.,0.));
#14030=DIRECTION('center_axis',(0.,-0.0324829110667319,0.999472291005924));
#14031=DIRECTION('ref_axis',(0.,-0.999472291005924,-0.0324829110667319));
#14032=DIRECTION('',(1.,0.,0.));
#14033=DIRECTION('center_axis',(0.,-0.0249921690770327,0.999687646960202));
#14034=DIRECTION('ref_axis',(0.,-0.999687646960202,-0.0249921690770327));
#14035=DIRECTION('',(1.,0.,0.));
#14036=DIRECTION('center_axis',(0.,-0.0199960764649124,0.999800058474698));
#14037=DIRECTION('ref_axis',(0.,-0.999800058474698,-0.0199960764649124));
#14038=DIRECTION('',(1.,0.,0.));
#14039=DIRECTION('center_axis',(0.,-0.00999944345831905,0.999950004315478));
#14040=DIRECTION('ref_axis',(0.,-0.999950004315478,-0.00999944345831905));
#14041=DIRECTION('',(1.,0.,0.));
#14042=DIRECTION('center_axis',(0.,6.61268282722254E-8,0.999999999999998));
#14043=DIRECTION('ref_axis',(0.,-0.999999999999998,6.61268282722254E-8));
#14044=DIRECTION('',(1.,0.,0.));
#14045=DIRECTION('center_axis',(0.,0.0149981493643819,-0.999887521432108));
#14046=DIRECTION('ref_axis',(0.,0.999887521432108,0.0149981493643819));
#14047=DIRECTION('',(0.,-0.999887521432108,-0.0149981493643819));
#14048=DIRECTION('',(1.,0.,0.));
#14049=DIRECTION('',(0.,0.999887521432108,0.0149981493643819));
#14050=DIRECTION('',(1.,0.,0.));
#14051=DIRECTION('center_axis',(0.,-0.0249922670640592,0.999687644510523));
#14052=DIRECTION('ref_axis',(0.,-0.999687644510523,-0.0249922670640592));
#14053=DIRECTION('',(0.,0.999687644510523,0.0249922670640592));
#14054=DIRECTION('',(0.,-0.999687644510523,-0.0249922670640592));
#14055=DIRECTION('',(1.,0.,0.));
#14056=DIRECTION('',(1.,0.,0.));
#14057=DIRECTION('center_axis',(1.,0.,0.));
#14058=DIRECTION('ref_axis',(0.,0.999639399486707,0.0268527651063497));
#14059=DIRECTION('center_axis',(-1.,0.,0.));
#14060=DIRECTION('ref_axis',(0.,0.999639399486707,0.0268527651063497));
#14061=DIRECTION('center_axis',(1.,0.,0.));
#14062=DIRECTION('ref_axis',(0.,0.999639399486707,0.0268527651063497));
#14063=DIRECTION('center_axis',(1.,0.,0.));
#14064=DIRECTION('ref_axis',(0.,-0.999887517651532,0.0149984014033631));
#14065=DIRECTION('center_axis',(-1.,0.,0.));
#14066=DIRECTION('ref_axis',(0.,0.,1.));
#14067=DIRECTION('center_axis',(-1.,0.,0.));
#14068=DIRECTION('ref_axis',(0.,0.,1.));
#14069=DIRECTION('center_axis',(-1.,0.,0.));
#14070=DIRECTION('ref_axis',(0.,0.,1.));
#14071=DIRECTION('',(0.,0.475517004275812,-0.879706529840809));
#14072=DIRECTION('',(0.,0.358978822619933,-0.933345704929533));
#14073=DIRECTION('',(0.,0.106910433073063,-0.994268655495148));
#14074=DIRECTION('',(0.,-0.208107520328302,-0.978105955396861));
#14075=DIRECTION('',(0.,-0.336336324005892,-0.9417419376635));
#14076=DIRECTION('',(0.,-0.438423610499512,-0.898768456142389));
#14077=DIRECTION('',(0.,-0.542126831137198,-0.84029667318224));
#14078=DIRECTION('',(0.,-0.63626460100096,-0.771470905163046));
#14079=DIRECTION('',(0.,-0.6983238865566,-0.715781914736943));
#14080=DIRECTION('',(0.,-0.729537105504171,-0.683941234092956));
#14081=DIRECTION('',(0.,-0.794245130737042,-0.60759745909648));
#14082=DIRECTION('',(0.,-0.851804496864919,-0.523859808651802));
#14083=DIRECTION('',(0.,-0.889029423860057,-0.457850066627771));
#14084=DIRECTION('',(0.,-0.913623004988648,-0.406562424180485));
#14085=DIRECTION('',(0.,-0.933225287424161,-0.359291751800806));
#14086=DIRECTION('',(0.,-0.950333225287877,-0.31123425408194));
#14087=DIRECTION('',(0.,-0.962964021356972,-0.269629919652861));
#14088=DIRECTION('center_axis',(1.,0.,0.));
#14089=DIRECTION('ref_axis',(0.,1.,-5.5511151231258E-15));
#14090=DIRECTION('',(0.,0.,1.));
#14091=DIRECTION('center_axis',(1.,0.,0.));
#14092=DIRECTION('ref_axis',(0.,-0.0276732278852674,-0.999617022893473));
#14093=DIRECTION('',(0.,0.999683704013314,-0.02514939224357));
#14094=DIRECTION('',(0.,0.999657863930487,-0.0261563583462217));
#14095=DIRECTION('',(0.,0.998873774596951,-0.0474466270923434));
#14096=DIRECTION('',(0.,0.997894159067656,-0.0648632970072814));
#14097=DIRECTION('',(0.,0.994004350393382,-0.109340529535168));
#14098=DIRECTION('',(0.,0.988199686250932,-0.153171081126821));
#14099=DIRECTION('',(0.,0.982424411643797,-0.186660856652753));
#14100=DIRECTION('',(0.,0.973480950874478,-0.228768088431326));
#14101=DIRECTION('',(0.,0.924438517735123,-0.381331125044481));
#14102=DIRECTION('',(0.,0.833649835818471,-0.552293356143124));
#14103=DIRECTION('',(0.,0.72499934889335,-0.688749551073697));
#14104=DIRECTION('',(0.,0.595227466246942,-0.803557255847551));
#14105=DIRECTION('center_axis',(0.,0.269629919652861,-0.962964021356972));
#14106=DIRECTION('ref_axis',(0.,0.962964021356972,0.269629919652861));
#14107=DIRECTION('',(1.,0.,0.));
#14108=DIRECTION('',(0.,0.962964021356972,0.269629919652861));
#14109=DIRECTION('',(1.,0.,0.));
#14110=DIRECTION('center_axis',(0.,0.31123425408194,-0.950333225287877));
#14111=DIRECTION('ref_axis',(0.,0.950333225287877,0.31123425408194));
#14112=DIRECTION('',(1.,0.,0.));
#14113=DIRECTION('',(0.,0.950333225287877,0.31123425408194));
#14114=DIRECTION('center_axis',(0.,0.359291751800806,-0.933225287424161));
#14115=DIRECTION('ref_axis',(0.,0.933225287424161,0.359291751800806));
#14116=DIRECTION('',(1.,0.,0.));
#14117=DIRECTION('',(0.,0.933225287424161,0.359291751800806));
#14118=DIRECTION('center_axis',(0.,0.406562424180485,-0.913623004988648));
#14119=DIRECTION('ref_axis',(0.,0.913623004988648,0.406562424180485));
#14120=DIRECTION('',(1.,0.,0.));
#14121=DIRECTION('',(0.,0.913623004988648,0.406562424180485));
#14122=DIRECTION('center_axis',(0.,0.457850066627771,-0.889029423860057));
#14123=DIRECTION('ref_axis',(0.,0.889029423860057,0.457850066627771));
#14124=DIRECTION('',(1.,0.,0.));
#14125=DIRECTION('',(0.,0.889029423860057,0.457850066627771));
#14126=DIRECTION('center_axis',(0.,0.523859808651802,-0.851804496864918));
#14127=DIRECTION('ref_axis',(0.,0.851804496864919,0.523859808651802));
#14128=DIRECTION('',(1.,0.,0.));
#14129=DIRECTION('',(0.,0.851804496864919,0.523859808651802));
#14130=DIRECTION('center_axis',(0.,0.60759745909648,-0.794245130737042));
#14131=DIRECTION('ref_axis',(0.,0.794245130737042,0.60759745909648));
#14132=DIRECTION('',(1.,0.,0.));
#14133=DIRECTION('',(0.,0.794245130737042,0.60759745909648));
#14134=DIRECTION('center_axis',(0.,0.683941234092956,-0.729537105504171));
#14135=DIRECTION('ref_axis',(0.,0.729537105504171,0.683941234092956));
#14136=DIRECTION('',(1.,0.,0.));
#14137=DIRECTION('',(0.,0.729537105504171,0.683941234092956));
#14138=DIRECTION('center_axis',(0.,0.715781914736943,-0.6983238865566));
#14139=DIRECTION('ref_axis',(0.,0.6983238865566,0.715781914736943));
#14140=DIRECTION('',(1.,0.,0.));
#14141=DIRECTION('',(0.,0.6983238865566,0.715781914736943));
#14142=DIRECTION('center_axis',(0.,0.771470905163046,-0.63626460100096));
#14143=DIRECTION('ref_axis',(0.,0.63626460100096,0.771470905163046));
#14144=DIRECTION('',(1.,0.,0.));
#14145=DIRECTION('',(0.,0.63626460100096,0.771470905163046));
#14146=DIRECTION('center_axis',(0.,0.84029667318224,-0.542126831137198));
#14147=DIRECTION('ref_axis',(0.,0.542126831137198,0.84029667318224));
#14148=DIRECTION('',(1.,0.,0.));
#14149=DIRECTION('',(0.,0.542126831137198,0.84029667318224));
#14150=DIRECTION('center_axis',(0.,0.898768456142388,-0.438423610499512));
#14151=DIRECTION('ref_axis',(0.,0.438423610499512,0.898768456142389));
#14152=DIRECTION('',(1.,0.,0.));
#14153=DIRECTION('',(0.,0.438423610499512,0.898768456142389));
#14154=DIRECTION('center_axis',(0.,0.9417419376635,-0.336336324005892));
#14155=DIRECTION('ref_axis',(0.,0.336336324005892,0.9417419376635));
#14156=DIRECTION('',(1.,0.,0.));
#14157=DIRECTION('',(0.,0.336336324005892,0.9417419376635));
#14158=DIRECTION('center_axis',(0.,0.978105955396861,-0.208107520328302));
#14159=DIRECTION('ref_axis',(0.,0.208107520328302,0.978105955396861));
#14160=DIRECTION('',(1.,0.,0.));
#14161=DIRECTION('',(0.,0.208107520328302,0.978105955396861));
#14162=DIRECTION('center_axis',(0.,0.994268655495148,0.106910433073063));
#14163=DIRECTION('ref_axis',(0.,-0.106910433073063,0.994268655495148));
#14164=DIRECTION('',(1.,0.,0.));
#14165=DIRECTION('',(0.,-0.106910433073063,0.994268655495148));
#14166=DIRECTION('center_axis',(0.,0.933345704929533,0.358978822619933));
#14167=DIRECTION('ref_axis',(0.,-0.358978822619933,0.933345704929533));
#14168=DIRECTION('',(1.,0.,0.));
#14169=DIRECTION('',(0.,-0.358978822619933,0.933345704929533));
#14170=DIRECTION('center_axis',(-1.,0.,0.));
#14171=DIRECTION('ref_axis',(0.,0.,1.));
#14172=DIRECTION('',(0.,-0.475517004275812,0.879706529840809));
#14173=DIRECTION('',(0.,-0.595227466246942,0.803557255847551));
#14174=DIRECTION('',(0.,-0.72499934889335,0.688749551073697));
#14175=DIRECTION('',(0.,-0.833649835818471,0.552293356143124));
#14176=DIRECTION('',(0.,-0.924438517735123,0.381331125044481));
#14177=DIRECTION('',(0.,-0.973480950874478,0.228768088431326));
#14178=DIRECTION('',(0.,-0.982424411643797,0.186660856652753));
#14179=DIRECTION('',(0.,-0.988199686250932,0.153171081126821));
#14180=DIRECTION('',(0.,-0.994004350393382,0.109340529535168));
#14181=DIRECTION('',(0.,-0.997894159067656,0.0648632970072814));
#14182=DIRECTION('',(0.,-0.998873774596951,0.0474466270923434));
#14183=DIRECTION('',(0.,-0.999657863930487,0.0261563583462217));
#14184=DIRECTION('',(0.,-0.999683704013314,0.02514939224357));
#14185=DIRECTION('center_axis',(-1.,0.,0.));
#14186=DIRECTION('ref_axis',(0.,-0.0276732278852674,-0.999617022893473));
#14187=DIRECTION('',(0.,0.,-1.));
#14188=DIRECTION('center_axis',(-1.,0.,0.));
#14189=DIRECTION('ref_axis',(0.,1.,-5.5511151231258E-15));
#14190=DIRECTION('center_axis',(1.,0.,0.));
#14191=DIRECTION('ref_axis',(0.,1.,-5.5511151231258E-15));
#14192=DIRECTION('',(1.,0.,0.));
#14193=DIRECTION('center_axis',(0.,-1.,0.));
#14194=DIRECTION('ref_axis',(0.,0.,-1.));
#14195=DIRECTION('',(1.,0.,0.));
#14196=DIRECTION('center_axis',(1.,0.,0.));
#14197=DIRECTION('ref_axis',(0.,-0.0276732278852674,-0.999617022893473));
#14198=DIRECTION('',(1.,0.,0.));
#14199=DIRECTION('center_axis',(0.,0.02514939224357,0.999683704013314));
#14200=DIRECTION('ref_axis',(0.,-0.999683704013314,0.02514939224357));
#14201=DIRECTION('',(1.,0.,0.));
#14202=DIRECTION('center_axis',(0.,0.0261563583462217,0.999657863930487));
#14203=DIRECTION('ref_axis',(0.,-0.999657863930487,0.0261563583462217));
#14204=DIRECTION('',(1.,0.,0.));
#14205=DIRECTION('center_axis',(0.,0.0474466270923434,0.998873774596951));
#14206=DIRECTION('ref_axis',(0.,-0.998873774596951,0.0474466270923434));
#14207=DIRECTION('',(1.,0.,0.));
#14208=DIRECTION('center_axis',(0.,0.0648632970072814,0.997894159067656));
#14209=DIRECTION('ref_axis',(0.,-0.997894159067656,0.0648632970072814));
#14210=DIRECTION('',(1.,0.,0.));
#14211=DIRECTION('center_axis',(0.,0.109340529535168,0.994004350393382));
#14212=DIRECTION('ref_axis',(0.,-0.994004350393382,0.109340529535168));
#14213=DIRECTION('',(1.,0.,0.));
#14214=DIRECTION('center_axis',(0.,0.153171081126821,0.988199686250932));
#14215=DIRECTION('ref_axis',(0.,-0.988199686250932,0.153171081126821));
#14216=DIRECTION('',(1.,0.,0.));
#14217=DIRECTION('center_axis',(0.,0.186660856652753,0.982424411643797));
#14218=DIRECTION('ref_axis',(0.,-0.982424411643797,0.186660856652753));
#14219=DIRECTION('',(1.,0.,0.));
#14220=DIRECTION('center_axis',(0.,0.228768088431326,0.973480950874478));
#14221=DIRECTION('ref_axis',(0.,-0.973480950874478,0.228768088431326));
#14222=DIRECTION('',(1.,0.,0.));
#14223=DIRECTION('center_axis',(0.,0.381331125044481,0.924438517735123));
#14224=DIRECTION('ref_axis',(0.,-0.924438517735123,0.381331125044481));
#14225=DIRECTION('',(1.,0.,0.));
#14226=DIRECTION('center_axis',(0.,0.552293356143124,0.833649835818471));
#14227=DIRECTION('ref_axis',(0.,-0.833649835818471,0.552293356143124));
#14228=DIRECTION('',(1.,0.,0.));
#14229=DIRECTION('center_axis',(0.,0.688749551073697,0.72499934889335));
#14230=DIRECTION('ref_axis',(0.,-0.72499934889335,0.688749551073697));
#14231=DIRECTION('',(1.,0.,0.));
#14232=DIRECTION('center_axis',(0.,0.803557255847551,0.595227466246942));
#14233=DIRECTION('ref_axis',(0.,-0.595227466246942,0.803557255847551));
#14234=DIRECTION('',(1.,0.,0.));
#14235=DIRECTION('center_axis',(0.,0.879706529840809,0.475517004275812));
#14236=DIRECTION('ref_axis',(0.,-0.475517004275812,0.879706529840809));
#14237=DIRECTION('center_axis',(-1.,0.,0.));
#14238=DIRECTION('ref_axis',(0.,0.,1.));
#14239=DIRECTION('',(0.,0.00749991728379062,-0.999971875224867));
#14240=DIRECTION('center_axis',(1.,0.,0.));
#14241=DIRECTION('ref_axis',(0.,-0.0074995131247217,0.99997187825603));
#14242=DIRECTION('',(0.,-0.999929006788206,-0.0119155941334252));
#14243=DIRECTION('center_axis',(1.,0.,0.));
#14244=DIRECTION('ref_axis',(0.,-0.00749939187696857,0.999971879165347));
#14245=DIRECTION('',(0.,-0.999971875224867,-0.0074999172837973));
#14246=DIRECTION('',(0.,-0.999971874447027,0.00750002099332544));
#14247=DIRECTION('',(0.,-0.999846910047345,0.0174973274752742));
#14248=DIRECTION('',(0.,-0.999550308144931,0.0299863550198148));
#14249=DIRECTION('',(0.,-0.999098089291062,0.0424618413984816));
#14250=DIRECTION('',(0.,-0.9986246932965,0.0524282551537855));
#14251=DIRECTION('',(0.,-0.997894147791015,0.0648634704933721));
#14252=DIRECTION('',(0.,-0.997382178074004,0.0723103786489629));
#14253=DIRECTION('',(0.,-0.99640690349894,0.0846952339842916));
#14254=DIRECTION('',(0.,-0.99574903050573,0.0921079163096098));
#14255=DIRECTION('',(0.,-0.995037055130198,0.0995050698096502));
#14256=DIRECTION('',(0.,-0.994004101541654,0.109342791798862));
#14257=DIRECTION('',(0.,-0.992876301455455,0.119149695795397));
#14258=DIRECTION('',(0.,-0.99196857265451,0.126484587463349));
#14259=DIRECTION('',(0.,-0.991007621079029,0.133805436972057));
#14260=DIRECTION('',(0.,-0.989643755781551,0.143545242493737));
#14261=DIRECTION('',(0.,-0.988920157355524,0.148448382867333));
#14262=DIRECTION('',(0.,-0.98779113037411,0.155784090183301));
#14263=DIRECTION('',(0.,-0.987176769114149,0.159630907161957));
#14264=DIRECTION('center_axis',(1.,0.,0.));
#14265=DIRECTION('ref_axis',(0.,0.999994990963937,0.00316512986082695));
#14266=DIRECTION('',(0.,-0.00316459677643699,0.999994992651085));
#14267=DIRECTION('center_axis',(1.,0.,0.));
#14268=DIRECTION('ref_axis',(0.,0.037451664339532,-0.999298440326111));
#14269=DIRECTION('',(0.,0.999298443988475,0.0374515666189486));
#14270=DIRECTION('',(0.,0.999299405653953,0.0374258982478254));
#14271=DIRECTION('',(0.,0.999401269643916,0.0345991652230076));
#14272=DIRECTION('',(0.,0.999325849336534,0.0367130337593414));
#14273=DIRECTION('',(0.,0.999386703885763,0.035017368495512));
#14274=DIRECTION('',(0.,0.999296821297095,0.0374948389184664));
#14275=DIRECTION('',(0.,0.999297142941291,0.0374862656098499));
#14276=DIRECTION('',(0.,0.999297317228403,0.0374816192301884));
#14277=DIRECTION('',(0.,0.999387879135288,0.0349838110769867));
#14278=DIRECTION('',(0.,0.999297479287759,0.0374772983168437));
#14279=DIRECTION('',(0.,0.999297518836327,0.0374762437760306));
#14280=DIRECTION('',(0.,0.999387998277127,0.0349804073680763));
#14281=DIRECTION('',(0.,0.999297563425574,0.0374750547926285));
#14282=DIRECTION('',(0.,0.99929757641995,0.0374747082872436));
#14283=DIRECTION('',(0.,0.999388036289443,0.0349793213417847));
#14284=DIRECTION('',(0.,0.99929759293578,0.0374742678748483));
#14285=DIRECTION('',(0.,0.999388047901354,0.0349789895783214));
#14286=DIRECTION('',(0.,0.999331394078908,0.0365617943802992));
#14287=DIRECTION('center_axis',(1.,0.,0.));
#14288=DIRECTION('ref_axis',(0.,-0.999971996755875,-0.00748369588295579));
#14289=DIRECTION('center_axis',(0.,-0.159630907161957,-0.987176769114149));
#14290=DIRECTION('ref_axis',(0.,0.987176769114149,-0.159630907161957));
#14291=DIRECTION('',(1.,0.,0.));
#14292=DIRECTION('',(0.,0.987176769114149,-0.159630907161957));
#14293=DIRECTION('',(1.,0.,0.));
#14294=DIRECTION('center_axis',(0.,-0.155784090183301,-0.98779113037411));
#14295=DIRECTION('ref_axis',(0.,0.98779113037411,-0.155784090183301));
#14296=DIRECTION('',(1.,0.,0.));
#14297=DIRECTION('',(0.,0.98779113037411,-0.155784090183301));
#14298=DIRECTION('center_axis',(0.,-0.148448382867333,-0.988920157355524));
#14299=DIRECTION('ref_axis',(0.,0.988920157355524,-0.148448382867333));
#14300=DIRECTION('',(1.,0.,0.));
#14301=DIRECTION('',(0.,0.988920157355524,-0.148448382867333));
#14302=DIRECTION('center_axis',(0.,-0.143545242493737,-0.989643755781551));
#14303=DIRECTION('ref_axis',(0.,0.989643755781551,-0.143545242493737));
#14304=DIRECTION('',(1.,0.,0.));
#14305=DIRECTION('',(0.,0.989643755781551,-0.143545242493737));
#14306=DIRECTION('center_axis',(0.,-0.133805436972057,-0.991007621079029));
#14307=DIRECTION('ref_axis',(0.,0.991007621079029,-0.133805436972057));
#14308=DIRECTION('',(1.,0.,0.));
#14309=DIRECTION('',(0.,0.991007621079029,-0.133805436972057));
#14310=DIRECTION('center_axis',(0.,-0.126484587463349,-0.99196857265451));
#14311=DIRECTION('ref_axis',(0.,0.99196857265451,-0.126484587463349));
#14312=DIRECTION('',(1.,0.,0.));
#14313=DIRECTION('',(0.,0.99196857265451,-0.126484587463349));
#14314=DIRECTION('center_axis',(0.,-0.119149695795397,-0.992876301455455));
#14315=DIRECTION('ref_axis',(0.,0.992876301455455,-0.119149695795397));
#14316=DIRECTION('',(1.,0.,0.));
#14317=DIRECTION('',(0.,0.992876301455455,-0.119149695795397));
#14318=DIRECTION('center_axis',(0.,-0.109342791798862,-0.994004101541654));
#14319=DIRECTION('ref_axis',(0.,0.994004101541654,-0.109342791798862));
#14320=DIRECTION('',(1.,0.,0.));
#14321=DIRECTION('',(0.,0.994004101541654,-0.109342791798862));
#14322=DIRECTION('center_axis',(0.,-0.0995050698096502,-0.995037055130198));
#14323=DIRECTION('ref_axis',(0.,0.995037055130198,-0.0995050698096502));
#14324=DIRECTION('',(1.,0.,0.));
#14325=DIRECTION('',(0.,0.995037055130198,-0.0995050698096502));
#14326=DIRECTION('center_axis',(0.,-0.0921079163096098,-0.99574903050573));
#14327=DIRECTION('ref_axis',(0.,0.99574903050573,-0.0921079163096098));
#14328=DIRECTION('',(1.,0.,0.));
#14329=DIRECTION('',(0.,0.99574903050573,-0.0921079163096098));
#14330=DIRECTION('center_axis',(0.,-0.0846952339842916,-0.99640690349894));
#14331=DIRECTION('ref_axis',(0.,0.99640690349894,-0.0846952339842916));
#14332=DIRECTION('',(1.,0.,0.));
#14333=DIRECTION('',(0.,0.99640690349894,-0.0846952339842916));
#14334=DIRECTION('center_axis',(0.,-0.0723103786489629,-0.997382178074004));
#14335=DIRECTION('ref_axis',(0.,0.997382178074004,-0.0723103786489629));
#14336=DIRECTION('',(1.,0.,0.));
#14337=DIRECTION('',(0.,0.997382178074004,-0.0723103786489629));
#14338=DIRECTION('center_axis',(0.,-0.0648634704933721,-0.997894147791015));
#14339=DIRECTION('ref_axis',(0.,0.997894147791015,-0.0648634704933721));
#14340=DIRECTION('',(1.,0.,0.));
#14341=DIRECTION('',(0.,0.997894147791015,-0.0648634704933721));
#14342=DIRECTION('center_axis',(0.,-0.0524282551537855,-0.9986246932965));
#14343=DIRECTION('ref_axis',(0.,0.9986246932965,-0.0524282551537855));
#14344=DIRECTION('',(1.,0.,0.));
#14345=DIRECTION('',(0.,0.9986246932965,-0.0524282551537855));
#14346=DIRECTION('center_axis',(0.,-0.0424618413984816,-0.999098089291062));
#14347=DIRECTION('ref_axis',(0.,0.999098089291062,-0.0424618413984816));
#14348=DIRECTION('',(1.,0.,0.));
#14349=DIRECTION('',(0.,0.999098089291062,-0.0424618413984816));
#14350=DIRECTION('center_axis',(0.,-0.0299863550198148,-0.999550308144931));
#14351=DIRECTION('ref_axis',(0.,0.999550308144931,-0.0299863550198148));
#14352=DIRECTION('',(1.,0.,0.));
#14353=DIRECTION('',(0.,0.999550308144931,-0.0299863550198148));
#14354=DIRECTION('center_axis',(0.,-0.0174973274752742,-0.999846910047345));
#14355=DIRECTION('ref_axis',(0.,0.999846910047345,-0.0174973274752742));
#14356=DIRECTION('',(1.,0.,0.));
#14357=DIRECTION('',(0.,0.999846910047345,-0.0174973274752742));
#14358=DIRECTION('center_axis',(0.,-0.00750002099332544,-0.999971874447027));
#14359=DIRECTION('ref_axis',(0.,0.999971874447027,-0.00750002099332544));
#14360=DIRECTION('',(1.,0.,0.));
#14361=DIRECTION('',(0.,0.999971874447027,-0.00750002099332544));
#14362=DIRECTION('center_axis',(0.,0.0074999172837973,-0.999971875224867));
#14363=DIRECTION('ref_axis',(0.,0.999971875224867,0.0074999172837973));
#14364=DIRECTION('',(1.,0.,0.));
#14365=DIRECTION('',(0.,0.999971875224867,0.0074999172837973));
#14366=DIRECTION('center_axis',(1.,0.,0.));
#14367=DIRECTION('ref_axis',(0.,-0.00749939187696857,0.999971879165347));
#14368=DIRECTION('',(1.,0.,0.));
#14369=DIRECTION('center_axis',(-1.,0.,0.));
#14370=DIRECTION('ref_axis',(0.,-0.00749939187696857,0.999971879165347));
#14371=DIRECTION('center_axis',(0.,0.0119155941334252,-0.999929006788206));
#14372=DIRECTION('ref_axis',(0.,0.999929006788206,0.0119155941334252));
#14373=DIRECTION('',(1.,0.,0.));
#14374=DIRECTION('',(0.,0.999929006788206,0.0119155941334252));
#14375=DIRECTION('center_axis',(1.,0.,0.));
#14376=DIRECTION('ref_axis',(0.,-0.0074995131247217,0.99997187825603));
#14377=DIRECTION('',(1.,0.,0.));
#14378=DIRECTION('center_axis',(-1.,0.,0.));
#14379=DIRECTION('ref_axis',(0.,-0.0074995131247217,0.99997187825603));
#14380=DIRECTION('center_axis',(-1.,0.,0.));
#14381=DIRECTION('ref_axis',(0.,0.,1.));
#14382=DIRECTION('',(0.,-0.00749991728379062,0.999971875224867));
#14383=DIRECTION('center_axis',(-1.,0.,0.));
#14384=DIRECTION('ref_axis',(0.,-0.999971996755875,-0.00748369588295579));
#14385=DIRECTION('',(0.,-0.999331394078908,-0.0365617943802992));
#14386=DIRECTION('',(0.,-0.999388047901354,-0.0349789895783214));
#14387=DIRECTION('',(0.,-0.99929759293578,-0.0374742678748483));
#14388=DIRECTION('',(0.,-0.999388036289443,-0.0349793213417847));
#14389=DIRECTION('',(0.,-0.99929757641995,-0.0374747082872436));
#14390=DIRECTION('',(0.,-0.999297563425574,-0.0374750547926285));
#14391=DIRECTION('',(0.,-0.999387998277127,-0.0349804073680763));
#14392=DIRECTION('',(0.,-0.999297518836327,-0.0374762437760306));
#14393=DIRECTION('',(0.,-0.999297479287759,-0.0374772983168437));
#14394=DIRECTION('',(0.,-0.999387879135288,-0.0349838110769867));
#14395=DIRECTION('',(0.,-0.999297317228403,-0.0374816192301884));
#14396=DIRECTION('',(0.,-0.999297142941291,-0.0374862656098499));
#14397=DIRECTION('',(0.,-0.999296821297095,-0.0374948389184664));
#14398=DIRECTION('',(0.,-0.999386703885763,-0.035017368495512));
#14399=DIRECTION('',(0.,-0.999325849336534,-0.0367130337593414));
#14400=DIRECTION('',(0.,-0.999401269643916,-0.0345991652230076));
#14401=DIRECTION('',(0.,-0.999299405653953,-0.0374258982478254));
#14402=DIRECTION('',(0.,-0.999298443988475,-0.0374515666189486));
#14403=DIRECTION('center_axis',(-1.,0.,0.));
#14404=DIRECTION('ref_axis',(0.,0.037451664339532,-0.999298440326111));
#14405=DIRECTION('',(0.,0.00316459677643699,-0.999994992651085));
#14406=DIRECTION('center_axis',(-1.,0.,0.));
#14407=DIRECTION('ref_axis',(0.,0.999994990963937,0.00316512986082695));
#14408=DIRECTION('center_axis',(0.,-0.999994992651085,-0.00316459677643699));
#14409=DIRECTION('ref_axis',(0.,0.00316459677643699,-0.999994992651085));
#14410=DIRECTION('',(1.,0.,0.));
#14411=DIRECTION('',(1.,0.,0.));
#14412=DIRECTION('center_axis',(1.,0.,0.));
#14413=DIRECTION('ref_axis',(0.,0.037451664339532,-0.999298440326111));
#14414=DIRECTION('',(1.,0.,0.));
#14415=DIRECTION('center_axis',(0.,-0.0374515666189486,0.999298443988475));
#14416=DIRECTION('ref_axis',(0.,-0.999298443988475,-0.0374515666189486));
#14417=DIRECTION('',(1.,0.,0.));
#14418=DIRECTION('center_axis',(0.,-0.0374258982478254,0.999299405653953));
#14419=DIRECTION('ref_axis',(0.,-0.999299405653953,-0.0374258982478254));
#14420=DIRECTION('',(1.,0.,0.));
#14421=DIRECTION('center_axis',(0.,-0.0345991652230076,0.999401269643916));
#14422=DIRECTION('ref_axis',(0.,-0.999401269643916,-0.0345991652230076));
#14423=DIRECTION('',(1.,0.,0.));
#14424=DIRECTION('center_axis',(0.,-0.0367130337593414,0.999325849336534));
#14425=DIRECTION('ref_axis',(0.,-0.999325849336534,-0.0367130337593414));
#14426=DIRECTION('',(1.,0.,0.));
#14427=DIRECTION('center_axis',(0.,-0.035017368495512,0.999386703885763));
#14428=DIRECTION('ref_axis',(0.,-0.999386703885763,-0.035017368495512));
#14429=DIRECTION('',(1.,0.,0.));
#14430=DIRECTION('center_axis',(0.,-0.0374948389184664,0.999296821297095));
#14431=DIRECTION('ref_axis',(0.,-0.999296821297095,-0.0374948389184664));
#14432=DIRECTION('',(1.,0.,0.));
#14433=DIRECTION('center_axis',(0.,-0.0374862656098499,0.999297142941291));
#14434=DIRECTION('ref_axis',(0.,-0.999297142941291,-0.0374862656098499));
#14435=DIRECTION('',(1.,0.,0.));
#14436=DIRECTION('center_axis',(0.,-0.0374816192301884,0.999297317228403));
#14437=DIRECTION('ref_axis',(0.,-0.999297317228403,-0.0374816192301884));
#14438=DIRECTION('',(1.,0.,0.));
#14439=DIRECTION('center_axis',(0.,-0.0349838110769867,0.999387879135288));
#14440=DIRECTION('ref_axis',(0.,-0.999387879135288,-0.0349838110769867));
#14441=DIRECTION('',(1.,0.,0.));
#14442=DIRECTION('center_axis',(0.,-0.0374772983168437,0.99929747928776));
#14443=DIRECTION('ref_axis',(0.,-0.999297479287759,-0.0374772983168437));
#14444=DIRECTION('',(1.,0.,0.));
#14445=DIRECTION('center_axis',(0.,-0.0374762437760306,0.999297518836327));
#14446=DIRECTION('ref_axis',(0.,-0.999297518836327,-0.0374762437760306));
#14447=DIRECTION('',(1.,0.,0.));
#14448=DIRECTION('center_axis',(0.,-0.0349804073680763,0.999387998277127));
#14449=DIRECTION('ref_axis',(0.,-0.999387998277127,-0.0349804073680763));
#14450=DIRECTION('',(1.,0.,0.));
#14451=DIRECTION('center_axis',(0.,-0.0374750547926285,0.999297563425574));
#14452=DIRECTION('ref_axis',(0.,-0.999297563425574,-0.0374750547926285));
#14453=DIRECTION('',(1.,0.,0.));
#14454=DIRECTION('center_axis',(0.,-0.0374747082872436,0.99929757641995));
#14455=DIRECTION('ref_axis',(0.,-0.99929757641995,-0.0374747082872436));
#14456=DIRECTION('',(1.,0.,0.));
#14457=DIRECTION('center_axis',(0.,-0.0349793213417847,0.999388036289443));
#14458=DIRECTION('ref_axis',(0.,-0.999388036289443,-0.0349793213417847));
#14459=DIRECTION('',(1.,0.,0.));
#14460=DIRECTION('center_axis',(0.,-0.0374742678748483,0.99929759293578));
#14461=DIRECTION('ref_axis',(0.,-0.99929759293578,-0.0374742678748483));
#14462=DIRECTION('',(1.,0.,0.));
#14463=DIRECTION('center_axis',(0.,-0.0349789895783214,0.999388047901354));
#14464=DIRECTION('ref_axis',(0.,-0.999388047901354,-0.0349789895783214));
#14465=DIRECTION('',(1.,0.,0.));
#14466=DIRECTION('center_axis',(0.,-0.0365617943802992,0.999331394078908));
#14467=DIRECTION('ref_axis',(0.,-0.999331394078908,-0.0365617943802992));
#14468=DIRECTION('',(1.,0.,0.));
#14469=DIRECTION('center_axis',(1.,0.,0.));
#14470=DIRECTION('ref_axis',(0.,-0.999971996755875,-0.00748369588295579));
#14471=DIRECTION('',(1.,0.,0.));
#14472=DIRECTION('center_axis',(0.,0.999971875224867,0.00749991728379062));
#14473=DIRECTION('ref_axis',(0.,-0.00749991728379062,0.999971875224867));
#14474=DIRECTION('center_axis',(1.,0.,0.));
#14475=DIRECTION('ref_axis',(0.,0.999994990963937,0.00316512986082695));
#14476=CARTESIAN_POINT('',(0.,0.,0.));
#14477=CARTESIAN_POINT('Origin',(0.,-53.1854690348067,-11.7005963033096));
#14478=CARTESIAN_POINT('',(-0.299999999999994,-53.1854690348067,-11.7005963033096));
#14479=CARTESIAN_POINT('',(470.,-53.1854690348067,-11.7005963033096));
#14480=CARTESIAN_POINT('',(0.,-53.1854690348067,-11.7005963033096));
#14481=CARTESIAN_POINT('',(-0.299999999999994,-48.9520072768924,-11.5418355726255));
#14482=CARTESIAN_POINT('',(-0.299999999999994,-43.5542688535508,-11.3394128403238));
#14483=CARTESIAN_POINT('',(470.,-48.9520072768924,-11.5418355726255));
#14484=CARTESIAN_POINT('',(0.,-48.9520072768924,-11.5418355726255));
#14485=CARTESIAN_POINT('',(470.,-41.4375379745936,-11.2600324749818));
#14486=CARTESIAN_POINT('Origin',(0.,-48.9520072768924,-11.5418355726255));
#14487=CARTESIAN_POINT('',(-0.299999999999994,-44.7186818279019,-11.3936614410744));
#14488=CARTESIAN_POINT('',(-0.299999999999994,-41.4471042129685,-11.2791502423168));
#14489=CARTESIAN_POINT('',(470.,-44.7186818279019,-11.3936614410744));
#14490=CARTESIAN_POINT('',(0.,-44.7186818279019,-11.3936614410744));
#14491=CARTESIAN_POINT('',(470.,-39.3304414884732,-11.2050631765412));
#14492=CARTESIAN_POINT('Origin',(0.,-44.7186818279019,-11.3936614410744));
#14493=CARTESIAN_POINT('',(-0.299999999999994,-40.4854694945451,-11.2349050203186));
#14494=CARTESIAN_POINT('',(-0.299999999999994,-39.3206724808932,-11.1912221170687));
#14495=CARTESIAN_POINT('',(470.,-40.4854694945451,-11.2349050203186));
#14496=CARTESIAN_POINT('',(0.,-40.4854694945451,-11.2349050203186));
#14497=CARTESIAN_POINT('',(470.,-37.2040663142148,-11.1118439066908));
#14498=CARTESIAN_POINT('Origin',(0.,-40.4854694945451,-11.2349050203186));
#14499=CARTESIAN_POINT('',(-0.299999999999994,-36.2520059444377,-11.0761347045026));
#14500=CARTESIAN_POINT('',(-0.299999999999994,-37.204062117277,-11.1118402816139));
#14501=CARTESIAN_POINT('',(470.,-36.2520059444377,-11.0761347045026));
#14502=CARTESIAN_POINT('',(0.,-36.2520059444377,-11.0761347045026));
#14503=CARTESIAN_POINT('',(470.,-35.0873303422233,-11.0324551237058));
#14504=CARTESIAN_POINT('Origin',(0.,-36.2520059444377,-11.0761347045026));
#14505=CARTESIAN_POINT('',(-0.299999999999994,-32.0186844289146,-10.9279462751458));
#14506=CARTESIAN_POINT('',(-0.299999999999994,-35.0974598828645,-11.0357195442419));
#14507=CARTESIAN_POINT('',(470.,-32.0186844289146,-10.9279462751458));
#14508=CARTESIAN_POINT('',(0.,-32.0186844289146,-10.9279462751458));
#14509=CARTESIAN_POINT('',(470.,-32.9807991251029,-10.9616253295636));
#14510=CARTESIAN_POINT('Origin',(0.,-32.0186844289146,-10.9279462751458));
#14511=CARTESIAN_POINT('',(-0.299999999999994,-27.7854705548901,-10.7691669931337));
#14512=CARTESIAN_POINT('',(-0.299999999999994,-32.970453627263,-10.9636452108604));
#14513=CARTESIAN_POINT('',(470.,-27.7854705548901,-10.7691669931337));
#14514=CARTESIAN_POINT('',(0.,-27.7854705548901,-10.7691669931337));
#14515=CARTESIAN_POINT('',(470.,-30.8538466902508,-10.8842555698544));
#14516=CARTESIAN_POINT('Origin',(0.,-27.7854705548901,-10.7691669931337));
#14517=CARTESIAN_POINT('',(-0.299999999999994,-23.5521378283041,-10.6103635420067));
#14518=CARTESIAN_POINT('',(-0.299999999999994,-30.8538270663051,-10.8842691206468));
#14519=CARTESIAN_POINT('',(470.,-23.5521378283041,-10.6103635420067));
#14520=CARTESIAN_POINT('',(0.,-23.5521378283041,-10.6103635420067));
#14521=CARTESIAN_POINT('',(470.,-28.7371607030121,-10.8048673950833));
#14522=CARTESIAN_POINT('Origin',(0.,-23.5521378283041,-10.6103635420067));
#14523=CARTESIAN_POINT('',(-0.299999999999994,-19.318666156529,-10.4515185071731));
#14524=CARTESIAN_POINT('',(-0.299999999999994,-28.7371238120068,-10.8049105575647));
#14525=CARTESIAN_POINT('',(470.,-19.318666156529,-10.4515185071731));
#14526=CARTESIAN_POINT('',(0.,-19.318666156529,-10.4515185071731));
#14527=CARTESIAN_POINT('',(470.,-26.6203879761192,-10.7254880401479));
#14528=CARTESIAN_POINT('Origin',(0.,-19.318666156529,-10.4515185071731));
#14529=CARTESIAN_POINT('',(-0.299999999999994,-14.7076624426566,-10.2899542042311));
#14530=CARTESIAN_POINT('',(-0.299999999999994,-26.6312010971626,-10.7077413783168));
#14531=CARTESIAN_POINT('',(470.,-14.7076624426566,-10.2899542042311));
#14532=CARTESIAN_POINT('',(0.,-14.7076624426566,-10.2899542042311));
#14533=CARTESIAN_POINT('',(470.,-24.3256992402264,-10.6269592268458));
#14534=CARTESIAN_POINT('Origin',(0.,-14.7076624426566,-10.2899542042311));
#14535=CARTESIAN_POINT('',(-0.299999999999994,14.0876155313263,-9.23207902460842));
#14536=CARTESIAN_POINT('',(-0.299999999999994,-24.3181642726704,-10.6430229038587));
#14537=CARTESIAN_POINT('',(470.,14.0876155313263,-9.23207902460842));
#14538=CARTESIAN_POINT('',(0.,14.0876155313263,-9.23207902460842));
#14539=CARTESIAN_POINT('',(470.,-9.92052528567889,-10.1140853140474));
#14540=CARTESIAN_POINT('Origin',(0.,14.0876155313263,-9.23207902460842));
#14541=CARTESIAN_POINT('',(-0.299999999999994,14.5483345630845,-9.21480378022848));
#14542=CARTESIAN_POINT('',(-0.299999999999994,-9.91673523365108,-10.1321525988742));
#14543=CARTESIAN_POINT('',(470.,14.5483345630845,-9.21480378022848));
#14544=CARTESIAN_POINT('',(0.,14.5483345630845,-9.21480378022848));
#14545=CARTESIAN_POINT('',(470.,-9.68637571777196,-10.1235149766843));
#14546=CARTESIAN_POINT('Origin',(0.,14.5483345630845,-9.21480378022848));
#14547=CARTESIAN_POINT('',(-0.299999999999994,18.7817952713112,-9.05605607594721));
#14548=CARTESIAN_POINT('',(-0.299999999999994,-9.68636536304354,-10.1235645417827));
#14549=CARTESIAN_POINT('',(470.,18.7817952713112,-9.05605607594721));
#14550=CARTESIAN_POINT('',(0.,18.7817952713112,-9.05605607594721));
#14551=CARTESIAN_POINT('',(470.,-7.5696350089302,-10.0441906896421));
#14552=CARTESIAN_POINT('Origin',(0.,18.7817952713112,-9.05605607594721));
#14553=CARTESIAN_POINT('',(-0.299999999999994,20.8347199277463,-8.98420524885447));
#14554=CARTESIAN_POINT('',(-0.299999999999994,-7.58222541595445,-9.97877707592762));
#14555=CARTESIAN_POINT('',(470.,20.8347199277463,-8.98420524885447));
#14556=CARTESIAN_POINT('',(0.,20.8347199277463,-8.98420524885447));
#14557=CARTESIAN_POINT('',(470.,-6.5557630877369,-9.94285166238125));
#14558=CARTESIAN_POINT('Origin',(0.,20.8347199277463,-8.98420524885447));
#14559=CARTESIAN_POINT('',(-0.299999999999994,27.9903007971491,-8.72132494589774));
#14560=CARTESIAN_POINT('',(-0.299999999999994,-6.54697308746889,-9.99014842617039));
#14561=CARTESIAN_POINT('',(470.,27.9903007971491,-8.72132494589774));
#14562=CARTESIAN_POINT('',(0.,27.9903007971491,-8.72132494589774));
#14563=CARTESIAN_POINT('',(470.,-2.96918265276748,-9.85870827469202));
#14564=CARTESIAN_POINT('Origin',(0.,27.9903007971491,-8.72132494589774));
#14565=CARTESIAN_POINT('',(-0.299999999999994,31.4817958198423,-8.59039410026557));
#14566=CARTESIAN_POINT('',(-0.299999999999994,-2.96517580755683,-9.88215338828647));
#14567=CARTESIAN_POINT('',(470.,31.4817958198423,-8.59039410026557));
#14568=CARTESIAN_POINT('',(0.,31.4817958198423,-8.59039410026557));
#14569=CARTESIAN_POINT('',(470.,-1.21942829621022,-9.81668796547038));
#14570=CARTESIAN_POINT('Origin',(0.,31.4817958198423,-8.59039410026557));
#14571=CARTESIAN_POINT('',(-0.299999999999994,33.0131392226673,-8.53679690951582));
#14572=CARTESIAN_POINT('',(-0.299999999999994,-1.23259072104291,-9.73540129620761));
#14573=CARTESIAN_POINT('',(470.,33.0131392226673,-8.53679690951582));
#14574=CARTESIAN_POINT('',(0.,33.0131392226673,-8.53679690951582));
#14575=CARTESIAN_POINT('',(470.,-0.46691901963043,-9.70860270083273));
#14576=CARTESIAN_POINT('Origin',(0.,33.0131392226673,-8.53679690951582));
#14577=CARTESIAN_POINT('',(-0.299999999999994,41.8736887880862,-8.21127980662339));
#14578=CARTESIAN_POINT('',(-0.299999999999994,-0.457763440008387,-9.76644425650106));
#14579=CARTESIAN_POINT('',(470.,41.8736887880862,-8.21127980662339));
#14580=CARTESIAN_POINT('',(0.,41.8736887880862,-8.21127980662339));
#14581=CARTESIAN_POINT('',(470.,3.97251134270107,-9.60368570505485));
#14582=CARTESIAN_POINT('Origin',(0.,41.8736887880862,-8.21127980662339));
#14583=CARTESIAN_POINT('',(-0.299999999999994,44.1803905412862,-8.12477796039731));
#14584=CARTESIAN_POINT('',(-0.299999999999994,3.97671792479843,-9.63242492930902));
#14585=CARTESIAN_POINT('',(470.,44.1803905412862,-8.12477796039731));
#14586=CARTESIAN_POINT('',(0.,44.1803905412862,-8.12477796039731));
#14587=CARTESIAN_POINT('',(470.,5.1300688013984,-9.58917400619598));
#14588=CARTESIAN_POINT('Origin',(0.,44.1803905412862,-8.12477796039731));
#14589=CARTESIAN_POINT('',(-0.299999999999994,44.4055791736817,-8.1182637225673));
#14590=CARTESIAN_POINT('',(-0.299999999999994,5.08499746346748,-9.25572620524251));
#14591=CARTESIAN_POINT('',(470.,44.4055791736817,-8.11826372256729));
#14592=CARTESIAN_POINT('',(0.,44.4055791736817,-8.1182637225673));
#14593=CARTESIAN_POINT('',(470.,5.19759177966526,-9.2524690863275));
#14594=CARTESIAN_POINT('Origin',(0.,44.4055791736817,-8.1182637225673));
#14595=CARTESIAN_POINT('',(-0.299999999999994,69.6409394923328,-7.19117208781885));
#14596=CARTESIAN_POINT('',(-0.299999999999994,5.23845653549881,-9.5571776630268));
#14597=CARTESIAN_POINT('',(470.,69.6409394923328,-7.19117208781885));
#14598=CARTESIAN_POINT('',(0.,69.6409394923328,-7.19117208781885));
#14599=CARTESIAN_POINT('',(470.,17.8561366948244,-9.09363184565258));
#14600=CARTESIAN_POINT('Origin',(0.,69.6409394923328,-7.19117208781885));
#14601=CARTESIAN_POINT('',(-0.299999999999994,67.4389704827519,-6.67254136906187));
#14602=CARTESIAN_POINT('',(-0.299999999999994,19.9438178660136,4.51401258874338));
#14603=CARTESIAN_POINT('',(470.,67.4389704827519,-6.67254136906187));
#14604=CARTESIAN_POINT('',(0.,67.4389704827519,-6.67254136906187));
#14605=CARTESIAN_POINT('',(470.,18.8428333612231,4.77332794812186));
#14606=CARTESIAN_POINT('Origin',(0.,67.4389704827519,-6.67254136906187));
#14607=CARTESIAN_POINT('',(-0.299999999999994,65.3207035919312,-6.162825489309));
#14608=CARTESIAN_POINT('',(-0.299999999999994,18.9449893681701,4.99650390264214));
#14609=CARTESIAN_POINT('',(470.,65.3207035919312,-6.162825489309));
#14610=CARTESIAN_POINT('',(0.,65.3207035919312,-6.162825489309));
#14611=CARTESIAN_POINT('',(470.,17.8858559227597,5.25136184251858));
#14612=CARTESIAN_POINT('Origin',(0.,65.3207035919312,-6.162825489309));
#14613=CARTESIAN_POINT('',(-0.299999999999994,63.2050543294078,-5.66434663974746));
#14614=CARTESIAN_POINT('',(-0.299999999999994,17.7865654191503,5.0369338143693));
#14615=CARTESIAN_POINT('',(470.,63.2050543294078,-5.66434663974746));
#14616=CARTESIAN_POINT('',(0.,63.2050543294078,-5.66434663974746));
#14617=CARTESIAN_POINT('',(470.,16.7287407878885,5.28617323915007));
#14618=CARTESIAN_POINT('Origin',(0.,63.2050543294078,-5.66434663974746));
#14619=CARTESIAN_POINT('',(-0.299999999999994,61.0897494981079,-5.17655534875012));
#14620=CARTESIAN_POINT('',(-0.299999999999994,16.6324263169702,5.07534534562234));
#14621=CARTESIAN_POINT('',(470.,61.0897494981079,-5.17655534875012));
#14622=CARTESIAN_POINT('',(0.,61.0897494981079,-5.17655534875012));
#14623=CARTESIAN_POINT('',(470.,15.5747739013202,5.31924099112101));
#14624=CARTESIAN_POINT('Origin',(0.,61.0897494981079,-5.17655534875012));
#14625=CARTESIAN_POINT('',(-0.299999999999994,56.8567814482268,-4.20012990398874));
#14626=CARTESIAN_POINT('',(-0.299999999999994,15.5761019611805,5.32214981870466));
#14627=CARTESIAN_POINT('',(470.,56.8567814482268,-4.20012990398874));
#14628=CARTESIAN_POINT('',(0.,56.8567814482268,-4.20012990398874));
#14629=CARTESIAN_POINT('',(470.,13.4596179362399,5.81036254108535));
#14630=CARTESIAN_POINT('Origin',(0.,56.8567814482268,-4.20012990398874));
#14631=CARTESIAN_POINT('',(-0.299999999999994,52.6247053386283,-3.24514621384034));
#14632=CARTESIAN_POINT('',(-0.299999999999994,13.3684327295112,5.61317748045694));
#14633=CARTESIAN_POINT('',(470.,52.6247053386283,-3.24514621384034));
#14634=CARTESIAN_POINT('',(0.,52.6247053386283,-3.24514621384034));
#14635=CARTESIAN_POINT('',(470.,11.2523946747119,6.09066932553114));
#14636=CARTESIAN_POINT('Origin',(0.,52.6247053386283,-3.24514621384034));
#14637=CARTESIAN_POINT('',(-0.299999999999994,48.3925818860867,-2.31139104685195));
#14638=CARTESIAN_POINT('',(-0.299999999999994,11.1651258869466,5.90229406485101));
#14639=CARTESIAN_POINT('',(470.,48.3925818860867,-2.31139104685195));
#14640=CARTESIAN_POINT('',(0.,48.3925818860867,-2.31139104685195));
#14641=CARTESIAN_POINT('',(470.,9.04906416067577,6.36917164834521));
#14642=CARTESIAN_POINT('Origin',(0.,48.3925818860867,-2.31139104685195));
#14643=CARTESIAN_POINT('',(-0.299999999999994,44.1603851542302,-1.39886309156129));
#14644=CARTESIAN_POINT('',(-0.299999999999994,8.965594875325,6.18968537272642));
#14645=CARTESIAN_POINT('',(470.,44.1603851542302,-1.39886309156129));
#14646=CARTESIAN_POINT('',(0.,44.1603851542302,-1.39886309156129));
#14647=CARTESIAN_POINT('',(470.,6.84949650939677,6.64594935037175));
#14648=CARTESIAN_POINT('Origin',(0.,44.1603851542302,-1.39886309156129));
#14649=CARTESIAN_POINT('',(-0.299999999999994,39.9284661993148,-0.518226182935467));
#14650=CARTESIAN_POINT('',(-0.299999999999994,6.73051251171626,6.39006852204533));
#14651=CARTESIAN_POINT('',(470.,39.9284661993148,-0.518226182935466));
#14652=CARTESIAN_POINT('',(0.,39.9284661993148,-0.518226182935467));
#14653=CARTESIAN_POINT('',(470.,4.61455303425855,6.83038697635824));
#14654=CARTESIAN_POINT('Origin',(0.,39.9284661993148,-0.518226182935467));
#14655=CARTESIAN_POINT('',(-0.299999999999994,35.6959539198863,0.351864183287286));
#14656=CARTESIAN_POINT('',(-0.299999999999994,4.57647388593571,6.74918993022124));
#14657=CARTESIAN_POINT('',(470.,35.6959539198863,0.351864183287286));
#14658=CARTESIAN_POINT('',(0.,35.6959539198863,0.351864183287286));
#14659=CARTESIAN_POINT('',(470.,2.46021774622149,7.18423511333262));
#14660=CARTESIAN_POINT('Origin',(0.,35.6959539198863,0.351864183287286));
#14661=CARTESIAN_POINT('',(-0.299999999999994,31.4638351684361,1.19002802813929));
#14662=CARTESIAN_POINT('',(-0.299999999999994,2.35171642701178,6.95563310898418));
#14663=CARTESIAN_POINT('',(470.,31.4638351684361,1.19002802813929));
#14664=CARTESIAN_POINT('',(0.,31.4638351684361,1.19002802813929));
#14665=CARTESIAN_POINT('',(470.,0.23565705128667,7.37471503141019));
#14666=CARTESIAN_POINT('Origin',(0.,31.4638351684361,1.19002802813929));
#14667=CARTESIAN_POINT('',(-0.299999999999994,27.2313194346823,2.01758295411347));
#14668=CARTESIAN_POINT('',(-0.299999999999994,0.200926831262943,7.30265121070243));
#14669=CARTESIAN_POINT('',(470.,27.2313194346823,2.01758295411347));
#14670=CARTESIAN_POINT('',(0.,27.2313194346823,2.01758295411347));
#14671=CARTESIAN_POINT('',(470.,-1.91533103561398,7.71642867368952));
#14672=CARTESIAN_POINT('Origin',(0.,27.2313194346823,2.01758295411347));
#14673=CARTESIAN_POINT('',(-0.299999999999994,22.9991815918453,2.81319671322627));
#14674=CARTESIAN_POINT('',(-0.299999999999994,-2.01410483371701,7.51552815417637));
#14675=CARTESIAN_POINT('',(470.,22.9991815918453,2.81319671322627));
#14676=CARTESIAN_POINT('',(0.,22.9991815918453,2.81319671322627));
#14677=CARTESIAN_POINT('',(470.,-4.13017375513547,7.91333503373277));
#14678=CARTESIAN_POINT('Origin',(0.,22.9991815918453,2.81319671322627));
#14679=CARTESIAN_POINT('',(-0.299999999999994,18.7668942878932,3.57695290698322));
#14680=CARTESIAN_POINT('',(-0.299999999999994,-4.22354256620973,7.72579425055228));
#14681=CARTESIAN_POINT('',(470.,18.7668942878932,3.57695290698322));
#14682=CARTESIAN_POINT('',(0.,18.7668942878932,3.57695290698322));
#14683=CARTESIAN_POINT('',(470.,-6.33968621818579,8.10767234743075));
#14684=CARTESIAN_POINT('Origin',(0.,18.7668942878932,3.57695290698322));
#14685=CARTESIAN_POINT('',(-0.299999999999994,14.5343745041312,4.31942071705799));
#14686=CARTESIAN_POINT('',(-0.299999999999994,-6.3989315331558,7.99153725405739));
#14687=CARTESIAN_POINT('',(470.,14.5343745041312,4.31942071705799));
#14688=CARTESIAN_POINT('',(0.,14.5343745041312,4.31942071705799));
#14689=CARTESIAN_POINT('',(470.,-8.5151914250368,8.36277115909478));
#14690=CARTESIAN_POINT('Origin',(0.,14.5343745041312,4.31942071705799));
#14691=CARTESIAN_POINT('',(-0.299999999999994,10.3021774128569,5.04153860037886));
#14692=CARTESIAN_POINT('',(-0.299999999999994,-8.5689142410013,8.26141529022724));
#14693=CARTESIAN_POINT('',(470.,10.3021774128569,5.04153860037886));
#14694=CARTESIAN_POINT('',(0.,10.3021774128569,5.04153860037886));
#14695=CARTESIAN_POINT('',(470.,-10.6850127866385,8.62247423188767));
#14696=CARTESIAN_POINT('Origin',(0.,10.3021774128569,5.04153860037886));
#14697=CARTESIAN_POINT('',(-0.299999999999994,9.12307707882053,5.23655122828023));
#14698=CARTESIAN_POINT('',(-0.299999999999994,-10.740883667461,8.52187231066958));
#14699=CARTESIAN_POINT('',(470.,9.12307707882053,5.23655122828023));
#14700=CARTESIAN_POINT('',(0.,9.12307707882053,5.23655122828023));
#14701=CARTESIAN_POINT('',(470.,-11.3304338344792,8.61937862462027));
#14702=CARTESIAN_POINT('Origin',(0.,9.12307707882053,5.23655122828023));
#14703=CARTESIAN_POINT('',(-0.299999999999994,3.11203467015523,6.20655302934812));
#14704=CARTESIAN_POINT('',(-0.299999999999994,-11.3723512550817,8.54389811521684));
#14705=CARTESIAN_POINT('',(470.,3.11203467015523,6.20655302934812));
#14706=CARTESIAN_POINT('',(0.,3.11203467015523,6.20655302934812));
#14707=CARTESIAN_POINT('',(470.,-14.3778724594144,9.02889901575078));
#14708=CARTESIAN_POINT('Origin',(0.,3.11203467015523,6.20655302934812));
#14709=CARTESIAN_POINT('',(-0.299999999999994,1.8367792253487,6.40767298589751));
#14710=CARTESIAN_POINT('',(-0.299999999999994,-14.4138677696324,8.97055513695222));
#14711=CARTESIAN_POINT('',(470.,1.8367792253487,6.40767298589751));
#14712=CARTESIAN_POINT('',(0.,1.8367792253487,6.40767298589751));
#14713=CARTESIAN_POINT('',(470.,-15.0514954920357,9.07111511522691));
#14714=CARTESIAN_POINT('Origin',(0.,1.8367792253487,6.40767298589751));
#14715=CARTESIAN_POINT('',(-0.299999999999994,-2.39588461969354,7.0430449098532));
#14716=CARTESIAN_POINT('',(-0.299999999999994,-15.1242896733797,8.95372610352293));
#14717=CARTESIAN_POINT('',(470.,-2.39588461969354,7.0430449098532));
#14718=CARTESIAN_POINT('',(0.,-2.39588461969354,7.0430449098532));
#14719=CARTESIAN_POINT('',(470.,-17.2406215959009,9.27141206550078));
#14720=CARTESIAN_POINT('Origin',(0.,-2.39588461969354,7.0430449098532));
#14721=CARTESIAN_POINT('',(-0.299999999999994,-6.62847744765672,7.65697144686996));
#14722=CARTESIAN_POINT('',(-0.299999999999994,-17.2867350309802,9.20292387714689));
#14723=CARTESIAN_POINT('',(470.,-6.62847744765672,7.65697144686996));
#14724=CARTESIAN_POINT('',(0.,-6.62847744765672,7.65697144686996));
#14725=CARTESIAN_POINT('',(470.,-19.4030314449617,9.50988714565527));
#14726=CARTESIAN_POINT('Origin',(0.,-6.62847744765672,7.65697144686996));
#14727=CARTESIAN_POINT('',(-0.299999999999994,-10.8609457949383,8.22843756340878));
#14728=CARTESIAN_POINT('',(-0.299999999999994,-19.4897007937091,9.39348847581068));
#14729=CARTESIAN_POINT('',(470.,-10.8609457949383,8.22843756340878));
#14730=CARTESIAN_POINT('',(0.,-10.8609457949383,8.22843756340878));
#14731=CARTESIAN_POINT('',(470.,-21.6059349673499,9.67922153408009));
#14732=CARTESIAN_POINT('Origin',(0.,-10.8609457949383,8.22843756340878));
#14733=CARTESIAN_POINT('',(-0.299999999999994,-15.093542146626,8.76813026960962));
#14734=CARTESIAN_POINT('',(-0.299999999999994,-21.6674950430863,9.60636622086276));
#14735=CARTESIAN_POINT('',(470.,-15.093542146626,8.76813026960962));
#14736=CARTESIAN_POINT('',(0.,-15.093542146626,8.76813026960962));
#14737=CARTESIAN_POINT('',(470.,-23.7837932189301,9.87621257396318));
#14738=CARTESIAN_POINT('Origin',(0.,-15.093542146626,8.76813026960962));
#14739=CARTESIAN_POINT('',(-0.299999999999994,-19.3260177001167,9.27604668771792));
#14740=CARTESIAN_POINT('',(-0.299999999999994,-23.8424504406454,9.81803926657747));
#14741=CARTESIAN_POINT('',(470.,-19.3260177001167,9.27604668771792));
#14742=CARTESIAN_POINT('',(0.,-19.3260177001167,9.27604668771792));
#14743=CARTESIAN_POINT('',(470.,-25.9586882173908,10.0719974756316));
#14744=CARTESIAN_POINT('Origin',(0.,-19.3260177001167,9.27604668771792));
#14745=CARTESIAN_POINT('',(-0.299999999999994,-23.5583668729394,9.74161506284463));
#14746=CARTESIAN_POINT('',(-0.299999999999994,-26.0333795082165,10.0138722807564));
#14747=CARTESIAN_POINT('',(470.,-23.5583668729394,9.74161506284463));
#14748=CARTESIAN_POINT('',(0.,-23.5583668729394,9.74161506284463));
#14749=CARTESIAN_POINT('',(470.,-28.1495540946279,10.2466564683198));
#14750=CARTESIAN_POINT('Origin',(0.,-23.5583668729394,9.74161506284463));
#14751=CARTESIAN_POINT('',(-0.299999999999994,-27.7908357967699,10.1648677583715));
#14752=CARTESIAN_POINT('',(-0.299999999999994,-28.2211375905819,10.20789852774));
#14753=CARTESIAN_POINT('',(470.,-27.7908357967699,10.1648677583715));
#14754=CARTESIAN_POINT('',(0.,-27.7908357967699,10.1648677583715));
#14755=CARTESIAN_POINT('',(470.,-30.3373720524971,10.4195248755034));
#14756=CARTESIAN_POINT('Origin',(0.,-27.7908357967699,10.1648677583715));
#14757=CARTESIAN_POINT('',(-0.299999999999994,-32.0234278988978,10.5563873352648));
#14758=CARTESIAN_POINT('',(-0.299999999999994,-30.3891821196243,10.4052177444792));
#14759=CARTESIAN_POINT('',(470.,-32.0234278988978,10.5563873352648));
#14760=CARTESIAN_POINT('',(0.,-32.0234278988978,10.5563873352648));
#14761=CARTESIAN_POINT('',(470.,-32.5054781706883,10.6009775329259));
#14762=CARTESIAN_POINT('Origin',(0.,-32.0234278988978,10.5563873352648));
#14763=CARTESIAN_POINT('',(-0.299999999999994,-36.2557730474929,10.916139421891));
#14764=CARTESIAN_POINT('',(-0.299999999999994,-32.555802918603,10.6016395577283));
#14765=CARTESIAN_POINT('',(470.,-36.2557730474929,10.916139421891));
#14766=CARTESIAN_POINT('',(0.,-36.2557730474929,10.916139421891));
#14767=CARTESIAN_POINT('',(470.,-34.6719754929005,10.7815156010414));
#14768=CARTESIAN_POINT('Origin',(0.,-36.2557730474929,10.916139421891));
#14769=CARTESIAN_POINT('',(-0.299999999999994,-40.4881120909422,11.2229847270614));
#14770=CARTESIAN_POINT('',(-0.299999999999994,-34.7540829506181,10.8072666327982));
#14771=CARTESIAN_POINT('',(470.,-40.4881120909422,11.2229847270614));
#14772=CARTESIAN_POINT('',(0.,-40.4881120909422,11.2229847270614));
#14773=CARTESIAN_POINT('',(470.,-36.8702524723427,10.9606892853833));
#14774=CARTESIAN_POINT('Origin',(0.,-40.4881120909422,11.2229847270614));
#14775=CARTESIAN_POINT('',(-0.299999999999994,-44.7204528819101,11.4980883666814));
#14776=CARTESIAN_POINT('',(-0.299999999999994,-36.9188580729078,10.9909819608415));
#14777=CARTESIAN_POINT('',(470.,-44.7204528819101,11.4980883666814));
#14778=CARTESIAN_POINT('',(0.,-44.7204528819101,11.4980883666814));
#14779=CARTESIAN_POINT('',(470.,-39.0350284683918,11.1285337806515));
#14780=CARTESIAN_POINT('Origin',(0.,-44.7204528819101,11.4980883666814));
#14781=CARTESIAN_POINT('',(-0.299999999999994,-48.9526648137012,11.7202814373258));
#14782=CARTESIAN_POINT('',(-0.299999999999994,-39.115745941736,11.2038386775899));
#14783=CARTESIAN_POINT('',(470.,-48.9526648137012,11.7202814373258));
#14784=CARTESIAN_POINT('',(0.,-48.9526648137012,11.7202814373258));
#14785=CARTESIAN_POINT('',(470.,-41.2318519076315,11.314935212912));
#14786=CARTESIAN_POINT('Origin',(0.,-48.9526648137012,11.7202814373258));
#14787=CARTESIAN_POINT('',(-0.299999999999994,-53.1848765749655,11.900151168334));
#14788=CARTESIAN_POINT('',(-0.299999999999994,-41.2969452869538,11.3949120348413));
#14789=CARTESIAN_POINT('',(470.,-53.1848765749655,11.900151168334));
#14790=CARTESIAN_POINT('',(0.,-53.1848765749655,11.900151168334));
#14791=CARTESIAN_POINT('',(470.,-43.413051167586,11.4848469003454));
#14792=CARTESIAN_POINT('Origin',(0.,-53.1848765749655,11.900151168334));
#14793=CARTESIAN_POINT('',(-0.299999999999994,-57.4169613525924,12.0271130586779));
#14794=CARTESIAN_POINT('',(-0.299999999999994,-43.4959271010671,11.609484179063));
#14795=CARTESIAN_POINT('',(470.,-57.4169613525924,12.0271130586779));
#14796=CARTESIAN_POINT('',(0.,-57.4169613525924,12.0271130586779));
#14797=CARTESIAN_POINT('',(470.,-45.6119694898805,11.6729651242349));
#14798=CARTESIAN_POINT('Origin',(0.,-57.4169613525924,12.0271130586779));
#14799=CARTESIAN_POINT('',(-0.299999999999994,-61.649169374738,12.1011767267883));
#14800=CARTESIAN_POINT('',(-0.299999999999994,-45.6975305749654,11.8220229433018));
#14801=CARTESIAN_POINT('',(470.,-61.649169374738,12.1011767267883));
#14802=CARTESIAN_POINT('',(0.,-61.649169374738,12.1011767267883));
#14803=CARTESIAN_POINT('',(470.,-47.8136345860382,11.8590547773571));
#14804=CARTESIAN_POINT('Origin',(0.,-61.649169374738,12.1011767267883));
#14805=CARTESIAN_POINT('',(-0.299999999999994,-65.8812535474379,12.1329183396794));
#14806=CARTESIAN_POINT('',(-0.299999999999994,-47.8846184598494,11.9979394023561));
#14807=CARTESIAN_POINT('',(470.,-65.8812535474379,12.1329183396794));
#14808=CARTESIAN_POINT('',(0.,-65.8812535474379,12.1329183396794));
#14809=CARTESIAN_POINT('',(470.,-50.0006605461994,12.0138102088016));
#14810=CARTESIAN_POINT('Origin',(0.,-65.8812535474379,12.1329183396794));
#14811=CARTESIAN_POINT('',(-0.299999999999994,-67.1604585904215,12.1233241378333));
#14812=CARTESIAN_POINT('',(-0.299999999999994,-50.1125675511397,12.2511855065633));
#14813=CARTESIAN_POINT('',(0.,-67.1604585904215,12.1233241378333));
#14814=CARTESIAN_POINT('',(0.,-67.1604585904215,12.1233241378333));
#14815=CARTESIAN_POINT('',(469.7,-67.1604585904215,12.1233241378333));
#14816=CARTESIAN_POINT('',(0.,-67.1604585904215,12.1233241378333));
#14817=CARTESIAN_POINT('',(470.,-67.1604585904215,12.1233241378333));
#14818=CARTESIAN_POINT('',(469.7,-67.1604585904215,12.1233241378333));
#14819=CARTESIAN_POINT('',(470.,-50.7521700726315,12.2463884056402));
#14820=CARTESIAN_POINT('Origin',(0.,-67.1604585684842,12.1233212129096));
#14821=CARTESIAN_POINT('',(-0.299999999999994,-74.3454575084117,12.0377016032812));
#14822=CARTESIAN_POINT('',(-0.299999999999994,-50.7864998070609,12.3184405120139));
#14823=CARTESIAN_POINT('',(470.,-74.3454575084117,12.0377016032812));
#14824=CARTESIAN_POINT('',(0.,-74.3454575084117,12.0377016032812));
#14825=CARTESIAN_POINT('',(470.,-54.3789992770247,12.2756307071997));
#14826=CARTESIAN_POINT('Origin',(0.,-74.3454575084117,12.0377016032812));
#14827=CARTESIAN_POINT('',(-0.299999999999994,-78.5782535230934,11.9318813813274));
#14828=CARTESIAN_POINT('',(-0.299999999999994,-54.4855668276703,12.5342003791555));
#14829=CARTESIAN_POINT('',(470.,-78.5782535230934,11.9318813813274));
#14830=CARTESIAN_POINT('',(469.7,-78.5782535230934,11.9318813813274));
#14831=CARTESIAN_POINT('',(470.,-56.6019648350112,12.4812902681786));
#14832=CARTESIAN_POINT('Origin',(0.,-78.5782535230934,11.9318813813274));
#14833=CARTESIAN_POINT('',(-0.299999999999994,-82.8105885894975,11.7837503460532));
#14834=CARTESIAN_POINT('',(-0.299999999999994,-56.6886442361411,12.6980141270929));
#14835=CARTESIAN_POINT('',(470.,-82.8105885894975,11.7837503460532));
#14836=CARTESIAN_POINT('',(469.7,-82.8105885894975,11.7837503460532));
#14837=CARTESIAN_POINT('',(470.,-58.8048117693432,12.6239486094558));
#14838=CARTESIAN_POINT('Origin',(0.,-82.8105885894975,11.7837503460532));
#14839=CARTESIAN_POINT('',(-0.299999999999994,-87.0425530455844,11.5933116397038));
#14840=CARTESIAN_POINT('',(-0.299999999999994,-58.8966937297905,12.8598773428921));
#14841=CARTESIAN_POINT('',(470.,-87.0425530455844,11.5933116397038));
#14842=CARTESIAN_POINT('',(469.7,-87.0425530455844,11.5933116397038));
#14843=CARTESIAN_POINT('',(470.,-61.0126759578339,12.7646579897174));
#14844=CARTESIAN_POINT('Origin',(0.,-87.0425530455844,11.5933116397038));
#14845=CARTESIAN_POINT('',(-0.299999999999994,-91.2738996440537,11.3288524712606));
#14846=CARTESIAN_POINT('',(-0.299999999999994,-61.1868046516667,13.2092959512248));
#14847=CARTESIAN_POINT('',(470.,-91.2738996440537,11.3288524712606));
#14848=CARTESIAN_POINT('',(469.7,-91.2738996440537,11.3288524712606));
#14849=CARTESIAN_POINT('',(470.,-63.3024779509014,13.0770663670032));
#14850=CARTESIAN_POINT('Origin',(0.,-91.2738996440537,11.3288524712606));
#14851=CARTESIAN_POINT('',(-0.299999999999994,-95.5047619512487,10.9692289891694));
#14852=CARTESIAN_POINT('',(-0.299999999999994,-63.5523236888692,13.6851876460319));
#14853=CARTESIAN_POINT('',(470.,-95.5047619512487,10.9692289891694));
#14854=CARTESIAN_POINT('',(469.7,-95.5047619512487,10.9692289891694));
#14855=CARTESIAN_POINT('',(470.,-65.6677548424667,13.5053759049863));
#14856=CARTESIAN_POINT('Origin',(0.,-95.5047619512487,10.9692289891694));
#14857=CARTESIAN_POINT('',(-0.299999999999994,-99.7352754619099,10.493297389955));
#14858=CARTESIAN_POINT('',(-0.299999999999994,-66.0145820637119,14.2868660655261));
#14859=CARTESIAN_POINT('',(470.,-99.7352754619099,10.493297389955));
#14860=CARTESIAN_POINT('',(469.7,-99.7352754619099,10.493297389955));
#14861=CARTESIAN_POINT('',(470.,-68.1298388190425,14.0489002659189));
#14862=CARTESIAN_POINT('Origin',(0.,-99.7352754619099,10.493297389955));
#14863=CARTESIAN_POINT('',(-0.299999999999994,-103.965578435041,9.8904774694633));
#14864=CARTESIAN_POINT('',(-0.299999999999994,-68.5620803815408,14.9354905612662));
#14865=CARTESIAN_POINT('',(470.,-103.965578435041,9.8904774694633));
#14866=CARTESIAN_POINT('',(469.7,-103.965578435041,9.8904774694633));
#14867=CARTESIAN_POINT('',(470.,-70.6772318681061,14.6340806010203));
#14868=CARTESIAN_POINT('Origin',(0.,-103.965578435041,9.8904774694633));
#14869=CARTESIAN_POINT('',(-0.299999999999994,-108.195923606472,9.15016821120346));
#14870=CARTESIAN_POINT('',(-0.299999999999994,-71.2104191559548,15.6226214642004));
#14871=CARTESIAN_POINT('',(470.,-108.195923606472,9.15016821120346));
#14872=CARTESIAN_POINT('',(469.7,-108.195923606472,9.15016821120346));
#14873=CARTESIAN_POINT('',(470.,-73.3255917416702,15.2524668350705));
#14874=CARTESIAN_POINT('Origin',(0.,-108.195923606472,9.15016821120347));
#14875=CARTESIAN_POINT('',(-0.299999999999994,-112.426085593282,8.28298424393142));
#14876=CARTESIAN_POINT('',(-0.299999999999994,-73.8789473071472,16.1851545178307));
#14877=CARTESIAN_POINT('',(470.,-112.426085593282,8.28298424393142));
#14878=CARTESIAN_POINT('',(469.7,-112.426085593282,8.28298424393142));
#14879=CARTESIAN_POINT('',(470.,-75.9940283005526,15.7515625341946));
#14880=CARTESIAN_POINT('Origin',(0.,-112.426085593282,8.28298424393142));
#14881=CARTESIAN_POINT('',(-0.299999999999994,-116.655977472348,7.25723610566383));
#14882=CARTESIAN_POINT('',(-0.299999999999994,-76.7675018663253,16.9301853821469));
#14883=CARTESIAN_POINT('',(470.,-116.655977472348,7.25723610566383));
#14884=CARTESIAN_POINT('',(469.7,-116.655977472348,7.25723610566383));
#14885=CARTESIAN_POINT('',(470.,-78.8824478058582,16.4173113130131));
#14886=CARTESIAN_POINT('Origin',(0.,-116.655977472348,7.25723610566383));
#14887=CARTESIAN_POINT('',(-0.299999999999994,-120.88552652393,6.07296239901076));
#14888=CARTESIAN_POINT('',(-0.299999999999994,-79.7434326215445,17.5927484213574));
#14889=CARTESIAN_POINT('',(470.,-120.88552652393,6.07296239901076));
#14890=CARTESIAN_POINT('',(469.7,-120.88552652393,6.07296239901076));
#14891=CARTESIAN_POINT('',(470.,-81.8582071473357,17.0006115680309));
#14892=CARTESIAN_POINT('Origin',(0.,-120.88552652393,6.07296239901076));
#14893=CARTESIAN_POINT('',(-0.299999999999994,-125.114368463361,4.68801611740476));
#14894=CARTESIAN_POINT('',(-0.299999999999994,-83.0653764570531,18.4590664329573));
#14895=CARTESIAN_POINT('',(470.,-125.114368463361,4.68801611740476));
#14896=CARTESIAN_POINT('',(469.7,-125.114368463361,4.68801611740476));
#14897=CARTESIAN_POINT('',(470.,-85.1797974267684,17.7665932921543));
#14898=CARTESIAN_POINT('Origin',(0.,-125.114368463361,4.68801611740476));
#14899=CARTESIAN_POINT('',(-0.299999999999994,-129.342931714027,3.06001919275448));
#14900=CARTESIAN_POINT('',(-0.299999999999994,-86.791864754679,19.4421807081324));
#14901=CARTESIAN_POINT('',(470.,-129.342931714027,3.06001919275448));
#14902=CARTESIAN_POINT('',(469.7,-129.342931714027,3.06001919275448));
#14903=CARTESIAN_POINT('',(470.,-88.9061463800122,18.6281822458073));
#14904=CARTESIAN_POINT('Origin',(0.,-129.342931714027,3.06001919275448));
#14905=CARTESIAN_POINT('',(-0.299999999999994,-131.454660254428,2.12029956013948));
#14906=CARTESIAN_POINT('',(-0.299999999999994,-90.7334993371384,20.2412245013659));
#14907=CARTESIAN_POINT('',(470.,-131.454660254428,2.12029956013948));
#14908=CARTESIAN_POINT('',(469.7,-131.454660254428,2.12029956013948));
#14909=CARTESIAN_POINT('',(470.,-91.7893636073389,19.7713646850584));
#14910=CARTESIAN_POINT('Origin',(0.,-131.454660254428,2.12029956013948));
#14911=CARTESIAN_POINT('',(-0.299999999999994,-133.565426200679,1.03325530357218));
#14912=CARTESIAN_POINT('',(-0.299999999999994,-94.0318929569621,21.3930210704655));
#14913=CARTESIAN_POINT('',(470.,-133.565426200679,1.03325530357218));
#14914=CARTESIAN_POINT('',(469.7,-133.565426200679,1.03325530357218));
#14915=CARTESIAN_POINT('',(470.,-95.0872759300873,20.8494989421818));
#14916=CARTESIAN_POINT('Origin',(0.,-133.565426200679,1.03325530357218));
#14917=CARTESIAN_POINT('',(-0.299999999999994,-135.674529255692,-0.263843181928379));
#14918=CARTESIAN_POINT('',(-0.299999999999994,-98.3807331527237,22.6718433075248));
#14919=CARTESIAN_POINT('',(470.,-135.674529255692,-0.263843181928378));
#14920=CARTESIAN_POINT('',(469.7,-135.674529255692,-0.263843181928378));
#14921=CARTESIAN_POINT('',(470.,-99.4352846802302,22.0232940647745));
#14922=CARTESIAN_POINT('Origin',(0.,-135.674529255692,-0.263843181928379));
#14923=CARTESIAN_POINT('',(-0.299999999999994,-137.783175508036,-1.87695738996731));
#14924=CARTESIAN_POINT('',(-0.299999999999994,-104.286877659092,23.7477076844927));
#14925=CARTESIAN_POINT('',(470.,-137.783175508036,-1.87695738996731));
#14926=CARTESIAN_POINT('',(469.7,-137.783175508036,-1.87695738996731));
#14927=CARTESIAN_POINT('',(470.,-105.341200785264,22.9411505804732));
#14928=CARTESIAN_POINT('Origin',(0.,-137.783175508036,-1.87695738996731));
#14929=CARTESIAN_POINT('',(-0.299999999999994,-139.471226320422,-3.45950548399042));
#14930=CARTESIAN_POINT('',(-0.299999999999994,-110.453876526888,23.7442678102832));
#14931=CARTESIAN_POINT('',(470.,-139.471226320422,-3.45950548399042));
#14932=CARTESIAN_POINT('',(469.7,-139.471226320422,-3.45950548399042));
#14933=CARTESIAN_POINT('',(470.,-111.297901933081,22.9529937632717));
#14934=CARTESIAN_POINT('Origin',(0.,-139.471226320422,-3.45950548399042));
#14935=CARTESIAN_POINT('',(-0.299999999999994,-140.313421464265,-4.3227554232343));
#14936=CARTESIAN_POINT('',(-0.299999999999994,-113.6428027008,23.014626174674));
#14937=CARTESIAN_POINT('',(470.,-140.313421464265,-4.3227554232343));
#14938=CARTESIAN_POINT('',(469.7,-140.313421464265,-4.3227554232343));
#14939=CARTESIAN_POINT('',(470.,-114.063900272722,22.583001205052));
#14940=CARTESIAN_POINT('Origin',(0.,-140.313421464265,-4.3227554232343));
#14941=CARTESIAN_POINT('',(-0.299999999999994,-141.153716307723,-5.34161302189083));
#14942=CARTESIAN_POINT('',(-0.299999999999994,-118.463892987998,22.1698004795354));
#14943=CARTESIAN_POINT('',(470.,-141.153716307723,-5.34161302189083));
#14944=CARTESIAN_POINT('',(469.7,-141.153716307723,-5.34161302189083));
#14945=CARTESIAN_POINT('',(470.,-118.884040409727,21.6603716802071));
#14946=CARTESIAN_POINT('Origin',(0.,-141.153716307723,-5.34161302189083));
#14947=CARTESIAN_POINT('',(-0.299999999999994,-141.570649930091,-5.98786020187093));
#14948=CARTESIAN_POINT('',(-0.299999999999994,-124.859692633807,19.9141262249995));
#14949=CARTESIAN_POINT('',(470.,-141.570649930091,-5.98786020187093));
#14950=CARTESIAN_POINT('',(469.7,-141.570649930091,-5.98786020187093));
#14951=CARTESIAN_POINT('',(470.,-125.068159444992,19.5910026350095));
#14952=CARTESIAN_POINT('Origin',(0.,-141.570649930091,-5.98786020187093));
#14953=CARTESIAN_POINT('',(-0.299999999999994,-141.777270017911,-6.4114314076416));
#14954=CARTESIAN_POINT('',(-0.299999999999994,-130.624073034959,16.452623796865));
#14955=CARTESIAN_POINT('',(470.,-141.777270017911,-6.4114314076416));
#14956=CARTESIAN_POINT('',(469.7,-141.777270017911,-6.4114314076416));
#14957=CARTESIAN_POINT('',(470.,-130.727383078868,16.2408381939796));
#14958=CARTESIAN_POINT('Origin',(0.,-141.777270017911,-6.4114314076416));
#14959=CARTESIAN_POINT('',(-0.299999999999994,-141.878990843277,-6.69624978836374));
#14960=CARTESIAN_POINT('',(-0.299999999999994,-135.120525991194,12.2274564281538));
#14961=CARTESIAN_POINT('',(470.,-141.878990843277,-6.69624978836374));
#14962=CARTESIAN_POINT('',(469.7,-141.878990843277,-6.69624978836374));
#14963=CARTESIAN_POINT('',(470.,-135.171386403878,12.0850472377928));
#14964=CARTESIAN_POINT('Origin',(0.,-141.878990843277,-6.69624978836374));
#14965=CARTESIAN_POINT('',(-0.299999999999994,-141.980108926274,-7.17150507477047));
#14966=CARTESIAN_POINT('',(-0.299999999999994,-139.150210397252,6.12902630457484));
#14967=CARTESIAN_POINT('',(470.,-141.980108926274,-7.17150507477047));
#14968=CARTESIAN_POINT('',(469.7,-141.980108926274,-7.17150507477047));
#14969=CARTESIAN_POINT('',(470.,-139.20076943875,5.89139866137148));
#14970=CARTESIAN_POINT('Origin',(0.,-141.980108926274,-7.17150507477047));
#14971=CARTESIAN_POINT('',(-0.299999999999994,-141.877381776719,-8.12686912984924));
#14972=CARTESIAN_POINT('',(-0.299999999999994,-141.597278413221,-10.731834675488));
#14973=CARTESIAN_POINT('',(470.,-141.877381776719,-8.12686912984923));
#14974=CARTESIAN_POINT('',(469.7,-141.877381776719,-8.12686912984923));
#14975=CARTESIAN_POINT('',(470.,-141.545914838443,-11.2095167030274));
#14976=CARTESIAN_POINT('Origin',(0.,-141.877381776719,-8.12686912984924));
#14977=CARTESIAN_POINT('',(-0.299999999999994,-141.778549439408,-8.38383341778125));
#14978=CARTESIAN_POINT('',(-0.299999999999994,-135.835675489168,-23.8353183714376));
#14979=CARTESIAN_POINT('',(470.,-141.778549439408,-8.38383341778125));
#14980=CARTESIAN_POINT('',(469.7,-141.778549439408,-8.38383341778125));
#14981=CARTESIAN_POINT('',(470.,-135.786259320513,-23.9638005154036));
#14982=CARTESIAN_POINT('Origin',(0.,-141.778549439408,-8.38383341778125));
#14983=CARTESIAN_POINT('',(-0.299999999999994,-141.573322922799,-8.76350250455198));
#14984=CARTESIAN_POINT('',(-0.299999999999994,-130.78963202809,-28.7133322909923));
#14985=CARTESIAN_POINT('',(470.,-141.573322922799,-8.76350250455198));
#14986=CARTESIAN_POINT('',(469.7,-141.573322922799,-8.76350250455198));
#14987=CARTESIAN_POINT('',(470.,-130.687018769785,-28.9031668343777));
#14988=CARTESIAN_POINT('Origin',(0.,-141.573322922799,-8.76350250455198));
#14989=CARTESIAN_POINT('',(-0.299999999999994,-141.15940259481,-9.32229507001557));
#14990=CARTESIAN_POINT('',(-0.299999999999994,-123.986636535229,-32.5055343401326));
#14991=CARTESIAN_POINT('',(470.,-141.15940259481,-9.32229507001557));
#14992=CARTESIAN_POINT('',(469.7,-141.15940259481,-9.32229507001557));
#14993=CARTESIAN_POINT('',(470.,-123.779676371235,-32.7849306228644));
#14994=CARTESIAN_POINT('Origin',(0.,-141.15940259481,-9.32229507001557));
#14995=CARTESIAN_POINT('',(-0.299999999999994,-140.325391679712,-10.1146056344884));
#14996=CARTESIAN_POINT('',(-0.299999999999994,-114.688423028747,-34.4697318510778));
#14997=CARTESIAN_POINT('',(470.,-140.325391679712,-10.1146056344884));
#14998=CARTESIAN_POINT('',(469.7,-140.325391679712,-10.1146056344884));
#14999=CARTESIAN_POINT('',(470.,-114.271417571198,-34.8658871333142));
#15000=CARTESIAN_POINT('Origin',(0.,-140.325391679712,-10.1146056344884));
#15001=CARTESIAN_POINT('',(-0.299999999999994,-139.494137114582,-10.6653121228237));
#15002=CARTESIAN_POINT('',(-0.299999999999994,-105.145333656142,-33.4214084194628));
#15003=CARTESIAN_POINT('',(470.,-139.494137114582,-10.6653121228237));
#15004=CARTESIAN_POINT('',(469.7,-139.494137114582,-10.6653121228237));
#15005=CARTESIAN_POINT('',(470.,-104.729706373577,-33.6967616636305));
#15006=CARTESIAN_POINT('Origin',(0.,-139.494137114582,-10.6653121228237));
#15007=CARTESIAN_POINT('',(-0.299999999999994,-137.817227898059,-11.3570376036061));
#15008=CARTESIAN_POINT('',(-0.299999999999994,-95.9039171187167,-28.6462890218439));
#15009=CARTESIAN_POINT('',(470.,-137.817227898059,-11.3570376036061));
#15010=CARTESIAN_POINT('',(469.7,-137.817227898059,-11.3570376036061));
#15011=CARTESIAN_POINT('',(470.,-95.0654625104553,-28.9921517622351));
#15012=CARTESIAN_POINT('Origin',(0.,-137.817227898059,-11.3570376036061));
#15013=CARTESIAN_POINT('',(-0.299999999999994,-135.710470677943,-11.8521256909507));
#15014=CARTESIAN_POINT('',(-0.299999999999994,-89.6884292989672,-22.6673084867908));
#15015=CARTESIAN_POINT('',(470.,-135.710470677943,-11.8521256909507));
#15016=CARTESIAN_POINT('',(469.7,-135.710470677943,-11.8521256909507));
#15017=CARTESIAN_POINT('',(470.,-88.6350506889093,-22.9148525304631));
#15018=CARTESIAN_POINT('Origin',(0.,-135.710470677943,-11.8521256909507));
#15019=CARTESIAN_POINT('',(-0.299999999999994,-133.597589028445,-12.2535736741511));
#15020=CARTESIAN_POINT('',(-0.299999999999994,-87.5692793450313,-20.9989627483177));
#15021=CARTESIAN_POINT('',(470.,-133.597589028445,-12.2535736741511));
#15022=CARTESIAN_POINT('',(469.7,-133.597589028445,-12.2535736741511));
#15023=CARTESIAN_POINT('',(470.,-86.5128385202819,-21.1996867399179));
#15024=CARTESIAN_POINT('Origin',(0.,-133.597589028445,-12.2535736741511));
#15025=CARTESIAN_POINT('',(-0.299999999999994,-131.484790860043,-12.5810576676794));
#15026=CARTESIAN_POINT('',(-0.299999999999994,-85.795873978343,-19.6628457836356));
#15027=CARTESIAN_POINT('',(470.,-131.484790860043,-12.5810576676794));
#15028=CARTESIAN_POINT('',(469.7,-131.484790860043,-12.5810576676794));
#15029=CARTESIAN_POINT('',(470.,-84.7394748941423,-19.8265877803997));
#15030=CARTESIAN_POINT('Origin',(0.,-131.484790860043,-12.5810576676794));
#15031=CARTESIAN_POINT('',(-0.299999999999994,-129.372544037806,-12.8134049264826));
#15032=CARTESIAN_POINT('',(-0.299999999999994,-83.9710012268124,-17.807576964767));
#15033=CARTESIAN_POINT('',(470.,-129.372544037806,-12.8134049264826));
#15034=CARTESIAN_POINT('',(469.7,-129.372544037806,-12.8134049264826));
#15035=CARTESIAN_POINT('',(470.,-82.9148778156936,-17.9237505941686));
#15036=CARTESIAN_POINT('Origin',(0.,-129.372544037806,-12.8134049264826));
#15037=CARTESIAN_POINT('',(-0.299999999999994,-125.142304175521,-13.0883712664558));
#15038=CARTESIAN_POINT('',(-0.299999999999994,-82.3259527305817,-15.8714416906138));
#15039=CARTESIAN_POINT('',(470.,-125.142304175521,-13.0883712664558));
#15040=CARTESIAN_POINT('',(469.7,-125.142304175521,-13.0883712664558));
#15041=CARTESIAN_POINT('',(470.,-80.2108327994394,-16.0089248606004));
#15042=CARTESIAN_POINT('Origin',(0.,-125.142304175521,-13.0883712664558));
#15043=CARTESIAN_POINT('',(-0.299999999999994,-120.704698018521,-13.2991581044613));
#15044=CARTESIAN_POINT('',(-0.299999999999994,-80.0326513276302,-15.231085322396));
#15045=CARTESIAN_POINT('',(470.,-120.704698018521,-13.2991581044613));
#15046=CARTESIAN_POINT('',(469.7,-120.704698018521,-13.2991581044613));
#15047=CARTESIAN_POINT('',(470.,-77.8138482491301,-15.3364787413987));
#15048=CARTESIAN_POINT('Origin',(0.,-120.704698018521,-13.2991581044613));
#15049=CARTESIAN_POINT('',(-0.299999999999994,-117.615528318987,-13.3799871886597));
#15050=CARTESIAN_POINT('',(-0.299999999999994,-77.6344407175164,-14.4261047575888));
#15051=CARTESIAN_POINT('',(470.,-117.615528318987,-13.3799871886597));
#15052=CARTESIAN_POINT('',(469.7,-117.615528318987,-13.3799871886597));
#15053=CARTESIAN_POINT('',(470.,-76.0898558677496,-14.4665192996881));
#15054=CARTESIAN_POINT('Origin',(0.,-117.615528318987,-13.3799871886597));
#15055=CARTESIAN_POINT('',(-0.299999999999994,-116.586181350565,-13.4058812030256));
#15056=CARTESIAN_POINT('',(-0.299999999999994,-76.082374524889,-14.4248512508496));
#15057=CARTESIAN_POINT('',(470.,-116.586181350565,-13.4058812030256));
#15058=CARTESIAN_POINT('',(469.7,-116.586181350565,-13.4058812030256));
#15059=CARTESIAN_POINT('',(470.,-75.5677010611304,-14.4377990710106));
#15060=CARTESIAN_POINT('Origin',(0.,-116.586181326171,-13.4058795767381));
#15061=CARTESIAN_POINT('',(-0.299999999999994,-112.447642705282,-13.4679584304041));
#15062=CARTESIAN_POINT('',(-0.299999999999994,-75.4970647681721,-14.0222240132002));
#15063=CARTESIAN_POINT('',(470.,-112.447642705282,-13.4679584304041));
#15064=CARTESIAN_POINT('',(469.7,-112.447642705282,-13.4679584304041));
#15065=CARTESIAN_POINT('',(470.,-73.427795457728,-14.0532634400332));
#15066=CARTESIAN_POINT('Origin',(0.,-112.447642705282,-13.4679584304041));
#15067=CARTESIAN_POINT('',(-0.299999999999994,-108.215558103601,-13.4679587102584));
#15068=CARTESIAN_POINT('',(-0.299999999999994,-73.3389191888352,-13.4679610165399));
#15069=CARTESIAN_POINT('',(470.,-108.215558103601,-13.4679587102584));
#15070=CARTESIAN_POINT('',(469.7,-108.215558103601,-13.4679587102584));
#15071=CARTESIAN_POINT('',(470.,-71.2228768879946,-13.4679611564671));
#15072=CARTESIAN_POINT('Origin',(0.,-108.215558103601,-13.4679587102584));
#15073=CARTESIAN_POINT('',(-0.299999999999994,-103.983225207257,-13.4256356207928));
#15074=CARTESIAN_POINT('',(-0.299999999999994,-71.1731837390203,-13.0975370627541));
#15075=CARTESIAN_POINT('',(470.,-103.983225207257,-13.4256356207928));
#15076=CARTESIAN_POINT('',(469.7,-103.983225207257,-13.4256356207928));
#15077=CARTESIAN_POINT('',(470.,-69.0570172908485,-13.0763755180213));
#15078=CARTESIAN_POINT('Origin',(0.,-103.983225207257,-13.4256356207928));
#15079=CARTESIAN_POINT('',(-0.299999999999994,-99.7506395959073,-13.3409835898078));
#15080=CARTESIAN_POINT('',(-0.299999999999994,-69.0143259949975,-12.7262550030232));
#15081=CARTESIAN_POINT('',(470.,-99.7506395959073,-13.3409835898078));
#15082=CARTESIAN_POINT('',(469.7,-99.7506395959073,-13.3409835898078));
#15083=CARTESIAN_POINT('',(470.,-66.8980331893225,-12.6839289875307));
#15084=CARTESIAN_POINT('Origin',(0.,-99.7506395959073,-13.3409835898078));
#15085=CARTESIAN_POINT('',(-0.299999999999994,-95.5179323172731,-13.2351660014012));
#15086=CARTESIAN_POINT('',(-0.299999999999994,-66.8790560561839,-12.5191947279041));
#15087=CARTESIAN_POINT('',(470.,-95.5179323172731,-13.2351660014012));
#15088=CARTESIAN_POINT('',(469.7,-95.5179323172731,-13.2351660014012));
#15089=CARTESIAN_POINT('',(470.,-64.7627024168668,-12.4662859337008));
#15090=CARTESIAN_POINT('Origin',(0.,-95.5179323172731,-13.2351660014012));
#15091=CARTESIAN_POINT('',(-0.299999999999994,-91.2850958113276,-13.0975985540393));
#15092=CARTESIAN_POINT('',(-0.299999999999994,-64.7368176729079,-12.2347778780631));
#15093=CARTESIAN_POINT('',(470.,-91.2850958113276,-13.0975985540393));
#15094=CARTESIAN_POINT('',(469.7,-91.2850958113276,-13.0975985540393));
#15095=CARTESIAN_POINT('',(470.,-62.6203994199352,-12.1659941543822));
#15096=CARTESIAN_POINT('Origin',(0.,-91.2850958113276,-13.0975985540393));
#15097=CARTESIAN_POINT('',(-0.299999999999994,-87.0520121998798,-12.9494404683916));
#15098=CARTESIAN_POINT('',(-0.299999999999994,-62.6123601468456,-12.0940517271253));
#15099=CARTESIAN_POINT('',(470.,-87.0520121998798,-12.9494404683916));
#15100=CARTESIAN_POINT('',(469.7,-87.0520121998798,-12.9494404683916));
#15101=CARTESIAN_POINT('',(470.,-60.4958183411217,-12.0199726843015));
#15102=CARTESIAN_POINT('Origin',(0.,-87.0520121998798,-12.9494404683916));
#15103=CARTESIAN_POINT('',(-0.299999999999994,-82.8188020728566,-12.7906944928253));
#15104=CARTESIAN_POINT('',(-0.299999999999994,-60.4879412393972,-11.9532840686147));
#15105=CARTESIAN_POINT('',(470.,-82.8188020728566,-12.7906944928253));
#15106=CARTESIAN_POINT('',(469.7,-82.8188020728566,-12.7906944928253));
#15107=CARTESIAN_POINT('',(470.,-58.3713361758856,-11.8739110808315));
#15108=CARTESIAN_POINT('Origin',(0.,-82.8188020728566,-12.7906944928253));
#15109=CARTESIAN_POINT('',(-0.299999999999994,-78.5854687384029,-12.631944163258));
#15110=CARTESIAN_POINT('',(-0.299999999999994,-58.3713363748573,-11.8739126261446));
#15111=CARTESIAN_POINT('',(470.,-78.5854687384029,-12.631944163258));
#15112=CARTESIAN_POINT('',(469.7,-78.5854687384029,-12.631944163258));
#15113=CARTESIAN_POINT('',(470.,-56.2546697076305,-11.7945374613609));
#15114=CARTESIAN_POINT('Origin',(0.,-78.5854687384029,-12.631944163258));
#15115=CARTESIAN_POINT('',(-0.299999999999994,-74.3772328043111,-12.4741341933781));
#15116=CARTESIAN_POINT('',(-0.299999999999994,-56.2546690952717,-11.7945332209372));
#15117=CARTESIAN_POINT('',(470.,-74.3772328043111,-12.4741341933781));
#15118=CARTESIAN_POINT('',(469.7,-74.3772328043111,-12.4741341933781));
#15119=CARTESIAN_POINT('',(470.,-54.1505511282258,-11.7156282359972));
#15120=CARTESIAN_POINT('Origin',(0.,-74.388438761197,-12.1743435555486));
#15121=CARTESIAN_POINT('',(-0.299999999999994,-74.3771965570023,-12.4741328362856));
#15122=CARTESIAN_POINT('Origin',(-0.299999999999994,-74.388438761197,-12.1743435555486));
#15123=CARTESIAN_POINT('',(470.,-74.3771965570023,-12.4741328362856));
#15124=CARTESIAN_POINT('',(469.7,-74.3771965570023,-12.4741328362856));
#15125=CARTESIAN_POINT('Origin',(470.,-74.388438761197,-12.1743435555486));
#15126=CARTESIAN_POINT('Origin',(0.,-74.3771965570023,-12.4741328362856));
#15127=CARTESIAN_POINT('',(-0.299999999999994,-73.4186389105805,-12.4381865850825));
#15128=CARTESIAN_POINT('',(-0.299999999999994,-54.1505327141466,-11.7156257791343));
#15129=CARTESIAN_POINT('',(470.,-73.4186389105805,-12.4381865850825));
#15130=CARTESIAN_POINT('',(469.7,-73.4186389105805,-12.4381865850825));
#15131=CARTESIAN_POINT('',(470.,-53.6712538909357,-11.6976526535327));
#15132=CARTESIAN_POINT('Origin',(0.,-73.4186389105805,-12.4381865850825));
#15133=CARTESIAN_POINT('',(-0.299999999999994,-68.2165443780318,-12.2478614655091));
#15134=CARTESIAN_POINT('',(-0.299999999999994,-53.674322821764,-11.7158159787989));
#15135=CARTESIAN_POINT('',(470.,-68.2165443780318,-12.2478614655091));
#15136=CARTESIAN_POINT('',(469.7,-68.2165443780318,-12.2478614655091));
#15137=CARTESIAN_POINT('',(470.,-51.0732755562862,-11.6206533972396));
#15138=CARTESIAN_POINT('Origin',(0.,-68.2165443795215,-12.24786142196));
#15139=CARTESIAN_POINT('',(-0.299999999999994,-65.8853464637404,-12.1662685434256));
#15140=CARTESIAN_POINT('',(-0.299999999999994,-51.0788231157306,-11.6480341829399));
#15141=CARTESIAN_POINT('',(470.,-65.8853464637404,-12.1662685434256));
#15142=CARTESIAN_POINT('',(469.7,-65.8853464637404,-12.1662685434256));
#15143=CARTESIAN_POINT('',(470.,-49.9132241578401,-11.6072377436727));
#15144=CARTESIAN_POINT('Origin',(0.,-65.8853464637404,-12.1662685434256));
#15145=CARTESIAN_POINT('',(-0.299999999999994,-61.6520080502411,-12.0075157766484));
#15146=CARTESIAN_POINT('',(-0.299999999999994,-49.9044086245272,-11.5669736489802));
#15147=CARTESIAN_POINT('',(470.,-61.6520080502411,-12.0075157766484));
#15148=CARTESIAN_POINT('',(469.7,-61.6520080502411,-12.0075157766484));
#15149=CARTESIAN_POINT('',(470.,-47.7877394177775,-11.4875972655916));
#15150=CARTESIAN_POINT('Origin',(0.,-61.6520080502411,-12.0075157766484));
#15151=CARTESIAN_POINT('',(-0.299999999999994,-57.4186804059014,-11.8593461742123));
#15152=CARTESIAN_POINT('',(-0.299999999999994,-47.7967387417911,-11.5225710906817));
#15153=CARTESIAN_POINT('',(470.,-57.4186804059014,-11.8593461742123));
#15154=CARTESIAN_POINT('',(469.7,-57.4186804059014,-11.8593461742123));
#15155=CARTESIAN_POINT('',(470.,-45.6800749196213,-11.4484862894637));
#15156=CARTESIAN_POINT('Origin',(0.,-57.4186804059014,-11.8593461742123));
#15157=CARTESIAN_POINT('',(-0.299999999999994,-45.6708758337493,-11.4187911686311));
#15158=CARTESIAN_POINT('',(470.,-43.554270148202,-11.3394162331798));
#15159=CARTESIAN_POINT('Origin',(-0.299999999999994,-34.2301949661891,-2.7885));
#15160=CARTESIAN_POINT('Origin',(470.,-34.2301949661891,-2.7885));
#15161=CARTESIAN_POINT('Origin',(449.7,-34.2301949661891,-2.7885));
#15162=CARTESIAN_POINT('',(449.7,14.5370935820905,-8.91501445362346));
#15163=CARTESIAN_POINT('',(449.7,14.0764880845943,-8.93228544089258));
#15164=CARTESIAN_POINT('',(449.7,-9.92791944751071,-9.83236114373057));
#15165=CARTESIAN_POINT('',(449.7,17.825640097442,-8.79169945303262));
#15166=CARTESIAN_POINT('',(449.7,-9.69760665257086,-9.82377522675083));
#15167=CARTESIAN_POINT('',(449.7,8.98633993084676,-9.11480610067852));
#15168=CARTESIAN_POINT('',(449.7,-8.057974244657,-9.73783406795624));
#15169=CARTESIAN_POINT('',(449.7,7.9498159954771,-8.11863810470678));
#15170=CARTESIAN_POINT('Origin',(449.7,8.94981095567637,-8.11547353897887));
#15171=CARTESIAN_POINT('',(449.7,7.91162121252865,3.95070102191847));
#15172=CARTESIAN_POINT('',(449.7,7.94117095927301,-5.38685471298544));
#15173=CARTESIAN_POINT('',(449.7,9.06874085019392,4.94143852664532));
#15174=CARTESIAN_POINT('Origin',(449.7,8.91161580137052,3.95386517179979));
#15175=CARTESIAN_POINT('',(449.7,9.07470437899974,4.94047619211345));
#15176=CARTESIAN_POINT('',(449.7,-11.4234157322607,8.24825745111202));
#15177=CARTESIAN_POINT('',(449.7,10.2524718266278,4.74568401167841));
#15178=CARTESIAN_POINT('',(449.7,-11.3790963358486,8.32335151903239));
#15179=CARTESIAN_POINT('',(449.7,14.4832278853995,4.02381200427449));
#15180=CARTESIAN_POINT('',(449.7,-10.7350946925668,8.32668385266964));
#15181=CARTESIAN_POINT('',(449.7,18.7143381064591,3.28159145941909));
#15182=CARTESIAN_POINT('',(449.7,-8.5666819631755,8.0672227765878));
#15183=CARTESIAN_POINT('',(449.7,22.9448286960698,2.51815949972474));
#15184=CARTESIAN_POINT('',(449.7,-6.39260294803087,7.8123759642307));
#15185=CARTESIAN_POINT('',(449.7,27.1748217034516,1.72294895540846));
#15186=CARTESIAN_POINT('',(449.7,-4.18506373821814,7.61839878907188));
#15187=CARTESIAN_POINT('',(449.7,31.4059103979666,0.895673048680983));
#15188=CARTESIAN_POINT('',(449.7,-1.97236335224104,7.42189919881998));
#15189=CARTESIAN_POINT('',(449.7,35.6366075738479,0.0577907444270931));
#15190=CARTESIAN_POINT('',(449.7,0.177553432171725,7.08039547261872));
#15191=CARTESIAN_POINT('',(449.7,39.8677023228565,-0.812008215774671));
#15192=CARTESIAN_POINT('',(449.7,2.40034023664529,6.89027086736936));
#15193=CARTESIAN_POINT('',(449.7,44.0982091087144,-1.6923512605041));
#15194=CARTESIAN_POINT('',(449.7,4.55361164491191,6.53664188288459));
#15195=CARTESIAN_POINT('',(449.7,48.3286477296425,-2.60450013952013));
#15196=CARTESIAN_POINT('',(449.7,6.78679269771761,6.35257497608651));
#15197=CARTESIAN_POINT('',(449.7,52.5593690989375,-3.53794595766963));
#15198=CARTESIAN_POINT('',(449.7,8.9847790818859,6.07613998147927));
#15199=CARTESIAN_POINT('',(449.7,56.790047827615,-4.49261432362396));
#15200=CARTESIAN_POINT('',(449.7,11.1867086890314,5.79794850318324));
#15201=CARTESIAN_POINT('',(449.7,61.0223285510114,-5.46888122169644));
#15202=CARTESIAN_POINT('',(449.7,13.3925357506835,5.51795852547801));
#15203=CARTESIAN_POINT('',(449.7,63.1369480725224,-5.95651447960952));
#15204=CARTESIAN_POINT('',(449.7,15.5073578559802,5.02691398782502));
#15205=CARTESIAN_POINT('',(449.7,65.251210265181,-6.45466651460745));
#15206=CARTESIAN_POINT('',(449.7,16.6602873594351,4.99408719814141));
#15207=CARTESIAN_POINT('',(449.7,67.3694888500801,-6.96438520829159));
#15208=CARTESIAN_POINT('',(449.7,17.8160166237438,4.95960406808833));
#15209=CARTESIAN_POINT('',(449.7,67.5863814199802,-7.0154700096357));
#15210=CARTESIAN_POINT('',(449.7,18.7737039522174,4.48140114949884));
#15211=CARTESIAN_POINT('',(449.7,67.4544063981307,-7.01998746190353));
#15212=CARTESIAN_POINT('',(449.7,16.8099299929249,-8.75352765446236));
#15213=CARTESIAN_POINT('',(449.7,65.3400728220214,-7.10271016870093));
#15214=CARTESIAN_POINT('',(449.7,16.7724646540564,-9.00290418525829));
#15215=CARTESIAN_POINT('',(449.7,63.2231258657196,-7.17499311834302));
#15216=CARTESIAN_POINT('',(449.7,15.6864829242037,-8.7981272066428));
#15217=CARTESIAN_POINT('',(449.7,61.1056325004252,-7.24733836805988));
#15218=CARTESIAN_POINT('',(449.7,14.6281229361564,-8.83526638273718));
#15219=CARTESIAN_POINT('',(449.7,56.8720437703193,-7.40238112147259));
#15220=CARTESIAN_POINT('',(449.7,13.5831007524305,-8.98771152215419));
#15221=CARTESIAN_POINT('',(449.7,52.6391625927615,-7.55757528084777));
#15222=CARTESIAN_POINT('',(449.7,11.4665421051212,-9.06712633078751));
#15223=CARTESIAN_POINT('',(449.7,48.4060249066307,-7.70241366725774));
#15224=CARTESIAN_POINT('',(449.7,9.33676541911037,-9.03918296747314));
#15225=CARTESIAN_POINT('',(449.7,44.1704319022672,-7.82494054567097));
#15226=CARTESIAN_POINT('',(449.7,7.19347727317785,-8.89460678113378));
#15227=CARTESIAN_POINT('',(449.7,39.9370939919402,-7.98369169086525));
#15228=CARTESIAN_POINT('',(449.7,5.11946839837712,-9.28936065776732));
#15229=CARTESIAN_POINT('',(449.7,35.7042590057348,-8.14242372051903));
#15230=CARTESIAN_POINT('',(449.7,3.00279911932531,-9.3687340107448));
#15231=CARTESIAN_POINT('',(449.7,33.0023854553966,-8.23698959763846));
#15232=CARTESIAN_POINT('',(449.7,0.873394067794048,-9.36150789759766));
#15233=CARTESIAN_POINT('',(449.7,27.979172800729,-8.42153138237624));
#15234=CARTESIAN_POINT('',(449.7,-0.468647278707659,-9.4666417231619));
#15235=CARTESIAN_POINT('',(449.7,27.2370940244924,-8.44935929021137));
#15236=CARTESIAN_POINT('',(449.7,-2.97636084552142,-9.58236196381938));
#15237=CARTESIAN_POINT('',(449.7,23.0042580061233,-8.60808935332696));
#15238=CARTESIAN_POINT('',(449.7,-3.34740147109823,-9.59626856789328));
#15239=CARTESIAN_POINT('',(449.7,20.8239662892667,-8.6843979322456));
#15240=CARTESIAN_POINT('',(449.7,-5.47624072385908,-9.6048855013729));
#15241=CARTESIAN_POINT('',(449.7,-6.55785686177258,-9.69034589046547));
#15242=CARTESIAN_POINT('Origin',(0.,14.0764880845943,-8.93228544089258));
#15243=CARTESIAN_POINT('',(20.,14.0764880845943,-8.93228544089258));
#15244=CARTESIAN_POINT('',(0.,14.0764880845943,-8.93228544089258));
#15245=CARTESIAN_POINT('',(20.,14.5370935820905,-8.91501445362346));
#15246=CARTESIAN_POINT('',(20.,-9.92791944751071,-9.83236114373057));
#15247=CARTESIAN_POINT('',(0.,14.5370935820905,-8.91501445362346));
#15248=CARTESIAN_POINT('Origin',(0.,20.8239662892667,-8.68439793224561));
#15249=CARTESIAN_POINT('',(20.,20.8239662892667,-8.68439793224561));
#15250=CARTESIAN_POINT('',(0.,20.8239662892667,-8.68439793224561));
#15251=CARTESIAN_POINT('',(20.,-6.55785686177258,-9.69034589046547));
#15252=CARTESIAN_POINT('',(0.,14.0764880845943,-8.93228544089258));
#15253=CARTESIAN_POINT('Origin',(0.,23.0042580061233,-8.60808935332696));
#15254=CARTESIAN_POINT('',(20.,23.0042580061233,-8.60808935332696));
#15255=CARTESIAN_POINT('',(0.,23.0042580061233,-8.60808935332696));
#15256=CARTESIAN_POINT('',(20.,-5.47624072385908,-9.6048855013729));
#15257=CARTESIAN_POINT('Origin',(0.,27.2370940244924,-8.44935929021137));
#15258=CARTESIAN_POINT('',(20.,27.2370940244924,-8.44935929021137));
#15259=CARTESIAN_POINT('',(0.,27.2370940244924,-8.44935929021137));
#15260=CARTESIAN_POINT('',(20.,-3.34740147109823,-9.59626856789328));
#15261=CARTESIAN_POINT('Origin',(0.,27.979172800729,-8.42153138237624));
#15262=CARTESIAN_POINT('',(20.,27.979172800729,-8.42153138237624));
#15263=CARTESIAN_POINT('',(0.,27.979172800729,-8.42153138237624));
#15264=CARTESIAN_POINT('',(20.,-2.97636084552142,-9.58236196381938));
#15265=CARTESIAN_POINT('Origin',(0.,33.0023854553966,-8.23698959763846));
#15266=CARTESIAN_POINT('',(20.,33.0023854553966,-8.23698959763846));
#15267=CARTESIAN_POINT('',(0.,33.0023854553966,-8.23698959763846));
#15268=CARTESIAN_POINT('',(20.,-0.468647278707659,-9.4666417231619));
#15269=CARTESIAN_POINT('Origin',(0.,35.7042590057348,-8.14242372051903));
#15270=CARTESIAN_POINT('',(20.,35.7042590057348,-8.14242372051903));
#15271=CARTESIAN_POINT('',(0.,35.7042590057348,-8.14242372051903));
#15272=CARTESIAN_POINT('',(20.,0.873394067794048,-9.36150789759766));
#15273=CARTESIAN_POINT('Origin',(0.,39.9370939919402,-7.98369169086525));
#15274=CARTESIAN_POINT('',(20.,39.9370939919402,-7.98369169086525));
#15275=CARTESIAN_POINT('',(0.,39.9370939919402,-7.98369169086525));
#15276=CARTESIAN_POINT('',(20.,3.00279911932531,-9.3687340107448));
#15277=CARTESIAN_POINT('Origin',(0.,44.1704319022672,-7.82494054567097));
#15278=CARTESIAN_POINT('',(20.,44.1704319022672,-7.82494054567097));
#15279=CARTESIAN_POINT('',(0.,44.1704319022672,-7.82494054567097));
#15280=CARTESIAN_POINT('',(20.,5.11946839837712,-9.28936065776732));
#15281=CARTESIAN_POINT('Origin',(0.,48.4060249066307,-7.70241366725774));
#15282=CARTESIAN_POINT('',(20.,48.4060249066307,-7.70241366725774));
#15283=CARTESIAN_POINT('',(0.,48.4060249066307,-7.70241366725774));
#15284=CARTESIAN_POINT('',(20.,7.19347727317785,-8.89460678113378));
#15285=CARTESIAN_POINT('Origin',(0.,52.6391625927615,-7.55757528084777));
#15286=CARTESIAN_POINT('',(20.,52.6391625927615,-7.55757528084777));
#15287=CARTESIAN_POINT('',(0.,52.6391625927615,-7.55757528084777));
#15288=CARTESIAN_POINT('',(20.,9.33676541911037,-9.03918296747314));
#15289=CARTESIAN_POINT('Origin',(0.,56.8720437703193,-7.4023811214726));
#15290=CARTESIAN_POINT('',(20.,56.8720437703193,-7.4023811214726));
#15291=CARTESIAN_POINT('',(0.,56.8720437703193,-7.4023811214726));
#15292=CARTESIAN_POINT('',(20.,11.4665421051212,-9.06712633078751));
#15293=CARTESIAN_POINT('Origin',(0.,61.1056325004252,-7.24733836805988));
#15294=CARTESIAN_POINT('',(20.,61.1056325004252,-7.24733836805988));
#15295=CARTESIAN_POINT('',(0.,61.1056325004252,-7.24733836805988));
#15296=CARTESIAN_POINT('',(20.,13.5831007524305,-8.98771152215419));
#15297=CARTESIAN_POINT('Origin',(0.,63.2231258657196,-7.17499311834302));
#15298=CARTESIAN_POINT('',(20.,63.2231258657196,-7.17499311834302));
#15299=CARTESIAN_POINT('',(0.,63.2231258657196,-7.17499311834302));
#15300=CARTESIAN_POINT('',(20.,14.6281229361564,-8.83526638273718));
#15301=CARTESIAN_POINT('Origin',(0.,65.3400728220214,-7.10271016870093));
#15302=CARTESIAN_POINT('',(20.,65.3400728220214,-7.10271016870093));
#15303=CARTESIAN_POINT('',(0.,65.3400728220214,-7.10271016870093));
#15304=CARTESIAN_POINT('',(20.,15.6864829242037,-8.7981272066428));
#15305=CARTESIAN_POINT('Origin',(0.,67.4544063981307,-7.01998746190353));
#15306=CARTESIAN_POINT('',(20.,67.4544063981307,-7.01998746190353));
#15307=CARTESIAN_POINT('',(0.,67.4544063981307,-7.01998746190353));
#15308=CARTESIAN_POINT('',(20.,16.7724646540564,-9.00290418525829));
#15309=CARTESIAN_POINT('Origin',(0.,67.5863814199802,-7.0154700096357));
#15310=CARTESIAN_POINT('',(20.,67.5863814199802,-7.0154700096357));
#15311=CARTESIAN_POINT('',(0.,67.5863814199802,-7.0154700096357));
#15312=CARTESIAN_POINT('',(20.,16.8099299929249,-8.75352765446236));
#15313=CARTESIAN_POINT('Origin',(0.,67.3694888500801,-6.96438520829159));
#15314=CARTESIAN_POINT('',(20.,67.3694888500801,-6.96438520829159));
#15315=CARTESIAN_POINT('',(0.,67.3694888500801,-6.96438520829159));
#15316=CARTESIAN_POINT('',(20.,18.7737039522174,4.48140114949884));
#15317=CARTESIAN_POINT('Origin',(0.,65.251210265181,-6.45466651460745));
#15318=CARTESIAN_POINT('',(20.,65.251210265181,-6.45466651460745));
#15319=CARTESIAN_POINT('',(0.,65.251210265181,-6.45466651460745));
#15320=CARTESIAN_POINT('',(20.,17.8160166237438,4.95960406808833));
#15321=CARTESIAN_POINT('Origin',(0.,63.1369480725224,-5.95651447960952));
#15322=CARTESIAN_POINT('',(20.,63.1369480725224,-5.95651447960952));
#15323=CARTESIAN_POINT('',(0.,63.1369480725224,-5.95651447960952));
#15324=CARTESIAN_POINT('',(20.,16.6602873594351,4.99408719814141));
#15325=CARTESIAN_POINT('Origin',(20.,-34.2301949661891,-2.7885));
#15326=CARTESIAN_POINT('',(20.,61.0223285510114,-5.46888122169644));
#15327=CARTESIAN_POINT('',(20.,15.5073578559802,5.02691398782502));
#15328=CARTESIAN_POINT('',(20.,56.790047827615,-4.49261432362396));
#15329=CARTESIAN_POINT('',(20.,13.3925357506835,5.51795852547801));
#15330=CARTESIAN_POINT('',(20.,52.5593690989375,-3.53794595766963));
#15331=CARTESIAN_POINT('',(20.,11.1867086890314,5.79794850318324));
#15332=CARTESIAN_POINT('',(20.,48.3286477296425,-2.60450013952013));
#15333=CARTESIAN_POINT('',(20.,8.9847790818859,6.07613998147927));
#15334=CARTESIAN_POINT('',(20.,44.0982091087144,-1.6923512605041));
#15335=CARTESIAN_POINT('',(20.,6.78679269771761,6.35257497608651));
#15336=CARTESIAN_POINT('',(20.,39.8677023228565,-0.81200821577467));
#15337=CARTESIAN_POINT('',(20.,4.55361164491191,6.53664188288459));
#15338=CARTESIAN_POINT('',(20.,35.6366075738479,0.0577907444270942));
#15339=CARTESIAN_POINT('',(20.,2.40034023664529,6.89027086736936));
#15340=CARTESIAN_POINT('',(20.,31.4059103979666,0.895673048680982));
#15341=CARTESIAN_POINT('',(20.,0.177553432171725,7.08039547261872));
#15342=CARTESIAN_POINT('',(20.,27.1748217034516,1.72294895540846));
#15343=CARTESIAN_POINT('',(20.,-1.97236335224104,7.42189919881998));
#15344=CARTESIAN_POINT('',(20.,22.9448286960698,2.51815949972474));
#15345=CARTESIAN_POINT('',(20.,-4.18506373821814,7.61839878907188));
#15346=CARTESIAN_POINT('',(20.,18.7143381064591,3.28159145941909));
#15347=CARTESIAN_POINT('',(20.,-6.39260294803087,7.8123759642307));
#15348=CARTESIAN_POINT('',(20.,14.4832278853995,4.02381200427449));
#15349=CARTESIAN_POINT('',(20.,-8.5666819631755,8.0672227765878));
#15350=CARTESIAN_POINT('',(20.,10.2524718266278,4.74568401167841));
#15351=CARTESIAN_POINT('',(20.,-10.7350946925668,8.32668385266964));
#15352=CARTESIAN_POINT('',(20.,9.07470437899974,4.94047619211345));
#15353=CARTESIAN_POINT('',(20.,-11.3790963358486,8.32335151903239));
#15354=CARTESIAN_POINT('',(20.,9.06874085019392,4.94143852664532));
#15355=CARTESIAN_POINT('',(20.,-11.4234157322607,8.24825745111202));
#15356=CARTESIAN_POINT('',(20.,7.91162121252865,3.95070102191847));
#15357=CARTESIAN_POINT('Origin',(20.,8.91161580137052,3.95386517179979));
#15358=CARTESIAN_POINT('',(20.,7.9498159954771,-8.11863810470678));
#15359=CARTESIAN_POINT('',(20.,7.94117095927301,-5.38685471298544));
#15360=CARTESIAN_POINT('',(20.,8.98633993084676,-9.11480610067852));
#15361=CARTESIAN_POINT('Origin',(20.,8.94981095567637,-8.11547353897887));
#15362=CARTESIAN_POINT('',(20.,17.825640097442,-8.79169945303262));
#15363=CARTESIAN_POINT('',(20.,-8.057974244657,-9.73783406795624));
#15364=CARTESIAN_POINT('',(20.,-9.69760665257086,-9.82377522675083));
#15365=CARTESIAN_POINT('Origin',(0.,61.0223285510114,-5.46888122169644));
#15366=CARTESIAN_POINT('',(0.,61.0223285510114,-5.46888122169644));
#15367=CARTESIAN_POINT('Origin',(469.7,-34.2301949661891,-2.7885));
#15368=CARTESIAN_POINT('',(469.7,10.30708118105,-9.07362413310785));
#15369=CARTESIAN_POINT('',(469.7,14.0764880845943,-8.93228544089258));
#15370=CARTESIAN_POINT('',(469.7,-50.141362370868,-11.3402151848839));
#15371=CARTESIAN_POINT('',(469.7,2.6562463161526,-9.35184000546576));
#15372=CARTESIAN_POINT('',(469.7,-52.0349708746522,-11.3406379562447));
#15373=CARTESIAN_POINT('',(469.7,-55.8575189985845,-11.5015070463132));
#15374=CARTESIAN_POINT('Origin',(0.,-34.2301949661891,-2.7885));
#15375=CARTESIAN_POINT('',(0.,10.30708118105,-9.07362413310785));
#15376=CARTESIAN_POINT('',(0.,14.0764880845943,-8.93228544089258));
#15377=CARTESIAN_POINT('',(0.,10.30708118105,-9.07362413310785));
#15378=CARTESIAN_POINT('',(0.,2.6562463161526,-9.35184000546576));
#15379=CARTESIAN_POINT('',(0.,-14.7184220107402,-9.99014710546282));
#15380=CARTESIAN_POINT('',(0.,2.6562463161526,-9.35184000546576));
#15381=CARTESIAN_POINT('Origin',(0.,56.790047827615,-4.49261432362396));
#15382=CARTESIAN_POINT('',(0.,56.790047827615,-4.49261432362396));
#15383=CARTESIAN_POINT('Origin',(0.,52.5593690989375,-3.53794595766963));
#15384=CARTESIAN_POINT('',(0.,52.5593690989375,-3.53794595766963));
#15385=CARTESIAN_POINT('Origin',(0.,48.3286477296425,-2.60450013952013));
#15386=CARTESIAN_POINT('',(0.,48.3286477296425,-2.60450013952013));
#15387=CARTESIAN_POINT('Origin',(0.,44.0982091087144,-1.6923512605041));
#15388=CARTESIAN_POINT('',(0.,44.0982091087144,-1.6923512605041));
#15389=CARTESIAN_POINT('Origin',(0.,39.8677023228565,-0.81200821577467));
#15390=CARTESIAN_POINT('',(0.,39.8677023228565,-0.81200821577467));
#15391=CARTESIAN_POINT('Origin',(0.,35.6366075738479,0.0577907444270938));
#15392=CARTESIAN_POINT('',(0.,35.6366075738479,0.0577907444270938));
#15393=CARTESIAN_POINT('Origin',(0.,31.4059103979666,0.895673048680982));
#15394=CARTESIAN_POINT('',(0.,31.4059103979666,0.895673048680982));
#15395=CARTESIAN_POINT('Origin',(0.,27.1748217034516,1.72294895540846));
#15396=CARTESIAN_POINT('',(0.,27.1748217034516,1.72294895540846));
#15397=CARTESIAN_POINT('Origin',(0.,14.0764880845943,-8.93228544089258));
#15398=CARTESIAN_POINT('',(0.,14.0764880845943,-8.93228544089258));
#15399=CARTESIAN_POINT('',(0.,14.0764880845943,-8.93228544089258));
#15400=CARTESIAN_POINT('',(0.,10.30708118105,-9.07362413310785));
#15401=CARTESIAN_POINT('Origin',(0.,22.9448286960698,2.51815949972474));
#15402=CARTESIAN_POINT('',(0.,22.9448286960698,2.51815949972474));
#15403=CARTESIAN_POINT('Origin',(0.,18.7143381064591,3.28159145941909));
#15404=CARTESIAN_POINT('',(0.,18.7143381064591,3.28159145941909));
#15405=CARTESIAN_POINT('Origin',(0.,14.4832278853995,4.02381200427449));
#15406=CARTESIAN_POINT('',(0.,14.4832278853995,4.02381200427449));
#15407=CARTESIAN_POINT('Origin',(0.,10.2524718266278,4.74568401167841));
#15408=CARTESIAN_POINT('',(0.,10.2524718266278,4.74568401167841));
#15409=CARTESIAN_POINT('Origin',(0.,9.07470437899974,4.94047619211345));
#15410=CARTESIAN_POINT('',(0.,9.07470437899974,4.94047619211345));
#15411=CARTESIAN_POINT('Origin',(0.,9.06874085019392,4.94143852664532));
#15412=CARTESIAN_POINT('',(0.,9.06874085019392,4.94143852664532));
#15413=CARTESIAN_POINT('Origin',(0.,8.91161580137052,3.95386517179979));
#15414=CARTESIAN_POINT('',(0.,7.91162121252865,3.95070102191847));
#15415=CARTESIAN_POINT('Origin',(0.,7.9498159954771,-8.11863810470678));
#15416=CARTESIAN_POINT('',(0.,7.9498159954771,-8.11863810470678));
#15417=CARTESIAN_POINT('Origin',(0.,8.94981095567637,-8.11547353897887));
#15418=CARTESIAN_POINT('',(0.,8.98633993084676,-9.11480610067852));
#15419=CARTESIAN_POINT('Origin',(0.,17.825640097442,-8.79169945303262));
#15420=CARTESIAN_POINT('',(0.,17.825640097442,-8.79169945303262));
#15421=CARTESIAN_POINT('Origin',(0.,14.5370935820905,-8.91501445362346));
#15422=CARTESIAN_POINT('Origin',(0.,2.65624631615258,-9.35184000546529));
#15423=CARTESIAN_POINT('',(0.,2.6562463161526,-9.35184000546576));
#15424=CARTESIAN_POINT('Origin',(0.,10.30708118105,-9.07362413310785));
#15425=CARTESIAN_POINT('Origin',(449.7,-34.2301949661891,-2.7885));
#15426=CARTESIAN_POINT('',(449.7,-112.709839841594,-12.1529600777819));
#15427=CARTESIAN_POINT('',(449.7,-111.709952390069,-13.1679584791852));
#15428=CARTESIAN_POINT('Origin',(449.7,-111.709952323943,-12.1679584791852));
#15429=CARTESIAN_POINT('',(449.7,-112.580648408504,-3.54030530474897));
#15430=CARTESIAN_POINT('',(449.7,-112.630794120348,-6.88331106085926));
#15431=CARTESIAN_POINT('',(449.7,-112.580159219371,7.1293641204772));
#15432=CARTESIAN_POINT('',(449.7,-112.580631091553,-3.16260652486819));
#15433=CARTESIAN_POINT('',(449.7,-111.780983008485,8.10899150153894));
#15434=CARTESIAN_POINT('Origin',(449.7,-111.580159219371,7.12936412047719));
#15435=CARTESIAN_POINT('',(449.7,-108.139931293471,8.85540775725509));
#15436=CARTESIAN_POINT('',(449.7,-75.6413534397867,15.5176220558392));
#15437=CARTESIAN_POINT('',(449.7,-103.918548324335,9.5941486325428));
#15438=CARTESIAN_POINT('',(449.7,-73.2717385742696,14.957332031222));
#15439=CARTESIAN_POINT('',(449.7,-99.6973367354511,10.1956730270252));
#15440=CARTESIAN_POINT('',(449.7,-70.6325555254614,14.3374163511792));
#15441=CARTESIAN_POINT('',(449.7,-95.4752831156909,10.6706528908544));
#15442=CARTESIAN_POINT('',(449.7,-68.0941002805875,13.7510283824475));
#15443=CARTESIAN_POINT('',(449.7,-91.2518359437037,11.0296460861269));
#15444=CARTESIAN_POINT('',(449.7,-65.6403112294489,13.206626812666));
#15445=CARTESIAN_POINT('',(449.7,-87.0264518901041,11.2937325955074));
#15446=CARTESIAN_POINT('',(449.7,-63.2820893575903,12.7777552876772));
#15447=CARTESIAN_POINT('',(449.7,-82.7985983410532,11.483986310743));
#15448=CARTESIAN_POINT('',(449.7,-60.9978821932996,12.4650201128339));
#15449=CARTESIAN_POINT('',(449.7,-78.5692576957146,11.6320125417696));
#15450=CARTESIAN_POINT('',(449.7,-58.7935698822769,12.3241583816197));
#15451=CARTESIAN_POINT('',(449.7,-74.3440332816167,11.7376434731334));
#15452=CARTESIAN_POINT('',(449.7,-56.5937180812622,12.1814027017231));
#15453=CARTESIAN_POINT('',(449.7,-73.3384639233504,10.7645140655854));
#15454=CARTESIAN_POINT('Origin',(449.7,-74.3381030727105,10.7376613071981));
#15455=CARTESIAN_POINT('',(449.7,-73.4259207173337,-11.1790314575907));
#15456=CARTESIAN_POINT('',(449.7,-73.3651609054252,4.0660471444585));
#15457=CARTESIAN_POINT('',(449.7,-74.388438761197,-12.1743435555486));
#15458=CARTESIAN_POINT('Origin',(449.7,-74.425912775179,-11.1750459530917));
#15459=CARTESIAN_POINT('',(449.7,-78.5967108598826,-12.3321548794191));
#15460=CARTESIAN_POINT('',(449.7,-54.1617751957194,-11.415838275129));
#15461=CARTESIAN_POINT('',(449.7,-82.8300442131679,-12.4909052096926));
#15462=CARTESIAN_POINT('',(449.7,-56.2659118291102,-11.494748177522));
#15463=CARTESIAN_POINT('',(449.7,-87.0628800799328,-12.6496371504466));
#15464=CARTESIAN_POINT('',(449.7,-58.3825783161969,-11.5741217976988));
#15465=CARTESIAN_POINT('',(449.7,-91.2952150567217,-12.797769033853));
#15466=CARTESIAN_POINT('',(449.7,-60.5064990741071,-11.720162816202));
#15467=CARTESIAN_POINT('',(449.7,-95.5265537003334,-12.9352878005967));
#15468=CARTESIAN_POINT('',(449.7,-62.6303314792922,-11.8661585506381));
#15469=CARTESIAN_POINT('',(449.7,-99.7573878748712,-13.0410585614423));
#15470=CARTESIAN_POINT('',(449.7,-64.7707619337585,-12.1663936862546));
#15471=CARTESIAN_POINT('',(449.7,-103.987724647681,-13.1256656154872));
#15472=CARTESIAN_POINT('',(449.7,-66.9044067402742,-12.3839964645767));
#15473=CARTESIAN_POINT('',(449.7,-108.217058047696,-13.1679587101592));
#15474=CARTESIAN_POINT('',(449.7,-69.0607669275792,-12.7763980147212));
#15475=CARTESIAN_POINT('',(449.7,-71.2236268501233,-13.1679611564175));
#15476=CARTESIAN_POINT('Origin',(0.,-74.3381030727105,10.7376613071981));
#15477=CARTESIAN_POINT('',(20.,-74.3440332816167,11.7376434731334));
#15478=CARTESIAN_POINT('',(0.,-74.3440332816167,11.7376434731334));
#15479=CARTESIAN_POINT('',(20.,-73.3384639233504,10.7645140655854));
#15480=CARTESIAN_POINT('Origin',(20.,-74.3381030727105,10.7376613071981));
#15481=CARTESIAN_POINT('',(0.,-73.3384639233504,10.7645140655854));
#15482=CARTESIAN_POINT('Origin',(0.,-78.5692576957146,11.6320125417696));
#15483=CARTESIAN_POINT('',(20.,-78.5692576957146,11.6320125417696));
#15484=CARTESIAN_POINT('',(0.,-78.5692576957146,11.6320125417696));
#15485=CARTESIAN_POINT('',(20.,-56.5937180812622,12.1814027017231));
#15486=CARTESIAN_POINT('',(0.,-74.3440332816167,11.7376434731334));
#15487=CARTESIAN_POINT('Origin',(0.,-82.7985983410532,11.483986310743));
#15488=CARTESIAN_POINT('',(20.,-82.7985983410532,11.483986310743));
#15489=CARTESIAN_POINT('',(0.,-82.7985983410532,11.483986310743));
#15490=CARTESIAN_POINT('',(20.,-58.7935698822769,12.3241583816197));
#15491=CARTESIAN_POINT('Origin',(0.,-87.0264518901041,11.2937325955074));
#15492=CARTESIAN_POINT('',(20.,-87.0264518901041,11.2937325955074));
#15493=CARTESIAN_POINT('',(0.,-87.0264518901041,11.2937325955074));
#15494=CARTESIAN_POINT('',(20.,-60.9978821932996,12.4650201128339));
#15495=CARTESIAN_POINT('Origin',(0.,-91.2518359437037,11.0296460861269));
#15496=CARTESIAN_POINT('',(20.,-91.2518359437037,11.0296460861269));
#15497=CARTESIAN_POINT('',(0.,-91.2518359437037,11.0296460861269));
#15498=CARTESIAN_POINT('',(20.,-63.2820893575903,12.7777552876772));
#15499=CARTESIAN_POINT('Origin',(0.,-95.4752831156909,10.6706528908544));
#15500=CARTESIAN_POINT('',(20.,-95.4752831156909,10.6706528908544));
#15501=CARTESIAN_POINT('',(0.,-95.4752831156909,10.6706528908544));
#15502=CARTESIAN_POINT('',(20.,-65.6403112294489,13.206626812666));
#15503=CARTESIAN_POINT('Origin',(0.,-99.6973367354511,10.1956730270252));
#15504=CARTESIAN_POINT('',(20.,-99.6973367354511,10.1956730270252));
#15505=CARTESIAN_POINT('',(0.,-99.6973367354511,10.1956730270252));
#15506=CARTESIAN_POINT('',(20.,-68.0941002805875,13.7510283824475));
#15507=CARTESIAN_POINT('Origin',(0.,-103.918548324335,9.5941486325428));
#15508=CARTESIAN_POINT('',(20.,-103.918548324335,9.5941486325428));
#15509=CARTESIAN_POINT('',(0.,-103.918548324335,9.5941486325428));
#15510=CARTESIAN_POINT('',(20.,-70.6325555254614,14.3374163511792));
#15511=CARTESIAN_POINT('Origin',(0.,-108.139931293471,8.85540775725509));
#15512=CARTESIAN_POINT('',(20.,-108.139931293471,8.85540775725509));
#15513=CARTESIAN_POINT('',(0.,-108.139931293471,8.85540775725509));
#15514=CARTESIAN_POINT('',(20.,-73.2717385742696,14.957332031222));
#15515=CARTESIAN_POINT('Origin',(0.,-111.780983008485,8.10899150153894));
#15516=CARTESIAN_POINT('',(20.,-111.780983008485,8.10899150153894));
#15517=CARTESIAN_POINT('',(0.,-111.780983008485,8.10899150153894));
#15518=CARTESIAN_POINT('',(20.,-75.6413534397867,15.5176220558392));
#15519=CARTESIAN_POINT('Origin',(0.,-111.580159219371,7.12936412047719));
#15520=CARTESIAN_POINT('',(20.,-112.580159219371,7.1293641204772));
#15521=CARTESIAN_POINT('',(0.,-112.580159219371,7.1293641204772));
#15522=CARTESIAN_POINT('Origin',(20.,-111.580159219371,7.12936412047719));
#15523=CARTESIAN_POINT('Origin',(0.,-112.580648408504,-3.54030530474897));
#15524=CARTESIAN_POINT('',(20.,-112.580648408504,-3.54030530474897));
#15525=CARTESIAN_POINT('',(0.,-112.580648408504,-3.54030530474897));
#15526=CARTESIAN_POINT('',(20.,-112.580631091553,-3.16260652486819));
#15527=CARTESIAN_POINT('Origin',(0.,-112.709839841594,-12.1529600777819));
#15528=CARTESIAN_POINT('',(20.,-112.709839841594,-12.1529600777819));
#15529=CARTESIAN_POINT('',(0.,-112.709839841594,-12.1529600777819));
#15530=CARTESIAN_POINT('',(20.,-112.630794120348,-6.88331106085926));
#15531=CARTESIAN_POINT('Origin',(20.,-34.2301949661891,-2.7885));
#15532=CARTESIAN_POINT('',(20.,-111.709952390069,-13.1679584791852));
#15533=CARTESIAN_POINT('Origin',(20.,-111.709952323943,-12.1679584791852));
#15534=CARTESIAN_POINT('',(20.,-108.217058047696,-13.1679587101592));
#15535=CARTESIAN_POINT('',(20.,-71.2236268501233,-13.1679611564175));
#15536=CARTESIAN_POINT('',(20.,-103.987724647681,-13.1256656154872));
#15537=CARTESIAN_POINT('',(20.,-69.0607669275792,-12.7763980147212));
#15538=CARTESIAN_POINT('',(20.,-99.7573878748712,-13.0410585614423));
#15539=CARTESIAN_POINT('',(20.,-66.9044067402742,-12.3839964645767));
#15540=CARTESIAN_POINT('',(20.,-95.5265537003334,-12.9352878005967));
#15541=CARTESIAN_POINT('',(20.,-64.7707619337585,-12.1663936862546));
#15542=CARTESIAN_POINT('',(20.,-91.2952150567217,-12.797769033853));
#15543=CARTESIAN_POINT('',(20.,-62.6303314792922,-11.8661585506381));
#15544=CARTESIAN_POINT('',(20.,-87.0628800799328,-12.6496371504466));
#15545=CARTESIAN_POINT('',(20.,-60.5064990741071,-11.720162816202));
#15546=CARTESIAN_POINT('',(20.,-82.8300442131679,-12.4909052096926));
#15547=CARTESIAN_POINT('',(20.,-58.3825783161969,-11.5741217976988));
#15548=CARTESIAN_POINT('',(20.,-78.5967108598826,-12.3321548794191));
#15549=CARTESIAN_POINT('',(20.,-56.2659118291102,-11.494748177522));
#15550=CARTESIAN_POINT('',(20.,-74.388438761197,-12.1743435555486));
#15551=CARTESIAN_POINT('',(20.,-54.1617751957194,-11.415838275129));
#15552=CARTESIAN_POINT('',(20.,-73.4259207173337,-11.1790314575907));
#15553=CARTESIAN_POINT('Origin',(20.,-74.425912775179,-11.1750459530917));
#15554=CARTESIAN_POINT('',(20.,-73.3651609054252,4.0660471444585));
#15555=CARTESIAN_POINT('Origin',(0.,-73.3384639233504,10.7645140655854));
#15556=CARTESIAN_POINT('',(0.,-73.4259207173337,-11.1790314575907));
#15557=CARTESIAN_POINT('Origin',(0.,-74.425912775179,-11.1750459530917));
#15558=CARTESIAN_POINT('',(0.,-74.388438761197,-12.1743435555486));
#15559=CARTESIAN_POINT('Origin',(0.,-74.388438761279,-12.1743435533604));
#15560=CARTESIAN_POINT('',(0.,-78.5967108598826,-12.3321548794191));
#15561=CARTESIAN_POINT('Origin',(0.,-78.5967108598826,-12.3321548794191));
#15562=CARTESIAN_POINT('',(0.,-82.8300442131679,-12.4909052096926));
#15563=CARTESIAN_POINT('Origin',(0.,-82.8300442131679,-12.4909052096926));
#15564=CARTESIAN_POINT('',(0.,-87.0628800799328,-12.6496371504466));
#15565=CARTESIAN_POINT('Origin',(0.,-87.0628800799328,-12.6496371504466));
#15566=CARTESIAN_POINT('',(0.,-91.2952150567217,-12.797769033853));
#15567=CARTESIAN_POINT('Origin',(0.,-91.2952150567217,-12.797769033853));
#15568=CARTESIAN_POINT('',(0.,-95.5265537003334,-12.9352878005967));
#15569=CARTESIAN_POINT('Origin',(0.,-95.5265537003334,-12.9352878005967));
#15570=CARTESIAN_POINT('',(0.,-99.7573878748712,-13.0410585614423));
#15571=CARTESIAN_POINT('Origin',(0.,-99.7573878748712,-13.0410585614423));
#15572=CARTESIAN_POINT('',(0.,-103.987724647681,-13.1256656154872));
#15573=CARTESIAN_POINT('Origin',(0.,-103.987724647681,-13.1256656154872));
#15574=CARTESIAN_POINT('',(0.,-108.217058047696,-13.1679587101592));
#15575=CARTESIAN_POINT('Origin',(0.,-108.217058047696,-13.1679587101592));
#15576=CARTESIAN_POINT('',(0.,-111.709952390069,-13.1679584791852));
#15577=CARTESIAN_POINT('Origin',(0.,-74.3531014614759,11.7375485747942));
#15578=CARTESIAN_POINT('',(469.7,-74.3399210924705,11.7377462781746));
#15579=CARTESIAN_POINT('',(469.7,-74.3531014614759,11.7375485747942));
#15580=CARTESIAN_POINT('',(469.7,-94.6689167285318,11.4328146669262));
#15581=CARTESIAN_POINT('',(0.,-74.3531014614759,11.7375485747942));
#15582=CARTESIAN_POINT('',(0.,-74.3531014614759,11.7375485747942));
#15583=CARTESIAN_POINT('',(0.,-74.3399210924705,11.7377462781746));
#15584=CARTESIAN_POINT('',(0.,-74.3531014614759,11.7375485747942));
#15585=CARTESIAN_POINT('',(0.,-74.3399210924705,11.7377462781746));
#15586=CARTESIAN_POINT('Origin',(0.,-74.3399210924705,11.7377462781746));
#15587=CARTESIAN_POINT('',(469.7,-74.3440332816167,11.7376434731334));
#15588=CARTESIAN_POINT('',(469.7,-94.7254957809524,11.228105362168));
#15589=CARTESIAN_POINT('',(0.,-74.3440332816167,11.7376434731334));
#15590=CARTESIAN_POINT('',(0.,-74.3399210924705,11.7377462781746));
#15591=CARTESIAN_POINT('',(0.,-74.3440332816167,11.7376434731334));
#15592=CARTESIAN_POINT('',(0.,-74.3440332816167,11.7376434731334));
#15593=CARTESIAN_POINT('Origin',(0.,-74.3381030727105,10.7376613071981));
#15594=CARTESIAN_POINT('Origin',(469.7,-74.3381030727105,10.7376613071981));
#15595=CARTESIAN_POINT('Origin',(0.,-74.3381030727105,10.7376613071981));
#15596=CARTESIAN_POINT('Origin',(0.,-111.709952323943,-12.1679584791852));
#15597=CARTESIAN_POINT('Origin',(0.,-34.2301949661891,-2.7885));
#15598=CARTESIAN_POINT('Origin',(469.7,-34.2301949661891,-2.7885));
#15599=CARTESIAN_POINT('Origin',(449.7,-34.2301949661891,-2.7885));
#15600=CARTESIAN_POINT('',(449.7,-141.505467989479,-8.25814187619291));
#15601=CARTESIAN_POINT('',(449.7,-141.319556318498,-8.6020784956301));
#15602=CARTESIAN_POINT('',(449.7,-130.428179488158,-28.7511272792756));
#15603=CARTESIAN_POINT('',(449.7,-141.583295287757,-8.05579073457241));
#15604=CARTESIAN_POINT('',(449.7,-135.50971673981,-23.8471079212157));
#15605=CARTESIAN_POINT('',(449.7,-141.676705767364,-7.18707185188074));
#15606=CARTESIAN_POINT('',(449.7,-141.249731295638,-11.1579409404277));
#15607=CARTESIAN_POINT('',(449.7,-141.589728977379,-6.77828068407071));
#15608=CARTESIAN_POINT('',(449.7,-138.902351965986,5.85239914476622));
#15609=CARTESIAN_POINT('',(449.7,-141.500344090037,-6.52800293826931));
#15610=CARTESIAN_POINT('',(449.7,-134.885494180279,11.993581341338));
#15611=CARTESIAN_POINT('',(449.7,-141.308862562486,-6.13546578293407));
#15612=CARTESIAN_POINT('',(449.7,-130.45410484651,16.116788887091));
#15613=CARTESIAN_POINT('',(449.7,-140.911126431737,-5.51897471797237));
#15614=CARTESIAN_POINT('',(449.7,-124.811221260211,19.4358808198075));
#15615=CARTESIAN_POINT('',(449.7,-140.089945104808,-4.52329226040283));
#15616=CARTESIAN_POINT('',(449.7,-118.64702483596,21.4762511420162));
#15617=CARTESIAN_POINT('',(449.7,-139.261163441911,-3.67379113780419));
#15618=CARTESIAN_POINT('',(449.7,-113.844794805783,22.3779842034843));
#15619=CARTESIAN_POINT('',(449.7,-137.588958408693,-2.1060984660446));
#15620=CARTESIAN_POINT('',(449.7,-111.090279308712,22.7364203705392));
#15621=CARTESIAN_POINT('',(449.7,-135.504371442495,-0.511389609910768));
#15622=CARTESIAN_POINT('',(449.7,-105.152952616728,22.707443272824));
#15623=CARTESIAN_POINT('',(449.7,-133.417957992599,0.771754767295474));
#15624=CARTESIAN_POINT('',(449.7,-99.2716268023342,21.7717501762536));
#15625=CARTESIAN_POINT('',(449.7,-131.324893423237,1.84968281649083));
#15626=CARTESIAN_POINT('',(449.7,-94.9448643160532,20.5853942604644));
#15627=CARTESIAN_POINT('',(449.7,-129.227978328627,2.78281046269715));
#15628=CARTESIAN_POINT('',(449.7,-91.663495828116,19.4990128624857));
#15629=CARTESIAN_POINT('',(449.7,-125.013724088164,4.40529841817185));
#15630=CARTESIAN_POINT('',(449.7,-88.7947759245421,18.349594087665));
#15631=CARTESIAN_POINT('',(449.7,-120.798355699682,5.78583211010104));
#15632=CARTESIAN_POINT('',(449.7,-85.0827901010575,17.4826844587447));
#15633=CARTESIAN_POINT('',(449.7,-117.849789139024,6.61143072771209));
#15634=CARTESIAN_POINT('',(449.7,-81.7741772472637,16.7126018203725));
#15635=CARTESIAN_POINT('',(449.7,-116.580159219371,5.64846670635511));
#15636=CARTESIAN_POINT('Origin',(449.7,-117.580159219371,5.64846670635512));
#15637=CARTESIAN_POINT('',(449.7,-116.58015895929,-12.0804685945193));
#15638=CARTESIAN_POINT('',(449.7,-116.580159219371,1.42998335317756));
#15639=CARTESIAN_POINT('',(449.7,-117.603851353643,-13.0801860313385));
#15640=CARTESIAN_POINT('Origin',(449.7,-117.580159219371,-12.0804685945194));
#15641=CARTESIAN_POINT('',(449.7,-117.607832454453,-13.0800858773944));
#15642=CARTESIAN_POINT('',(449.7,-76.0727636333804,-14.1249981165869));
#15643=CARTESIAN_POINT('',(449.7,-120.693656317774,-12.9993443380391));
#15644=CARTESIAN_POINT('',(449.7,-76.0820844817309,-14.1666199644657));
#15645=CARTESIAN_POINT('',(449.7,-125.125456405212,-12.7888332890517));
#15646=CARTESIAN_POINT('',(449.7,-77.8012104046929,-15.0367407919981));
#15647=CARTESIAN_POINT('',(449.7,-129.346400435455,-12.5144711798069));
#15648=CARTESIAN_POINT('',(449.7,-80.1926794197337,-15.7094717480382));
#15649=CARTESIAN_POINT('',(449.7,-131.44539486551,-12.2835816848237));
#15650=CARTESIAN_POINT('',(449.7,-82.8854049350881,-17.6251830682717));
#15651=CARTESIAN_POINT('',(449.7,-133.54659951559,-11.9578946881574));
#15652=CARTESIAN_POINT('',(449.7,-84.6968012347064,-19.5296198360342));
#15653=CARTESIAN_POINT('',(449.7,-135.648127455613,-11.5586039122818));
#15654=CARTESIAN_POINT('',(449.7,-86.4593446353568,-20.9044835851745));
#15655=CARTESIAN_POINT('',(449.7,-137.725121679368,-11.0705101310688));
#15656=CARTESIAN_POINT('',(449.7,-88.5695638644797,-22.6220694984975));
#15657=CARTESIAN_POINT('',(449.7,-139.352769154385,-10.3991051312589));
#15658=CARTESIAN_POINT('',(449.7,-94.9622097323529,-28.7102222483062));
#15659=CARTESIAN_POINT('',(449.7,-140.137808428137,-9.87901629230516));
#15660=CARTESIAN_POINT('',(449.7,-104.576178390057,-33.4386106924753));
#15661=CARTESIAN_POINT('',(449.7,-140.93386381782,-9.12276348585691));
#15662=CARTESIAN_POINT('',(449.7,-114.07431351275,-34.6393425598885));
#15663=CARTESIAN_POINT('',(449.7,-123.546373394363,-32.5958807108481));
#15664=CARTESIAN_POINT('Origin',(0.,-120.798355699682,5.78583211010104));
#15665=CARTESIAN_POINT('',(20.,-120.798355699682,5.78583211010104));
#15666=CARTESIAN_POINT('',(0.,-120.798355699682,5.78583211010104));
#15667=CARTESIAN_POINT('',(20.,-117.849789139024,6.61143072771209));
#15668=CARTESIAN_POINT('',(20.,-81.7741772472637,16.7126018203725));
#15669=CARTESIAN_POINT('',(0.,-117.849789139024,6.61143072771209));
#15670=CARTESIAN_POINT('Origin',(0.,-125.013724088164,4.40529841817185));
#15671=CARTESIAN_POINT('',(20.,-125.013724088164,4.40529841817185));
#15672=CARTESIAN_POINT('',(0.,-125.013724088164,4.40529841817185));
#15673=CARTESIAN_POINT('',(20.,-85.0827901010575,17.4826844587447));
#15674=CARTESIAN_POINT('Origin',(0.,-129.227978328627,2.78281046269715));
#15675=CARTESIAN_POINT('',(20.,-129.227978328627,2.78281046269715));
#15676=CARTESIAN_POINT('',(0.,-129.227978328627,2.78281046269715));
#15677=CARTESIAN_POINT('',(20.,-88.7947759245421,18.349594087665));
#15678=CARTESIAN_POINT('Origin',(0.,-131.324893423237,1.84968281649083));
#15679=CARTESIAN_POINT('',(20.,-131.324893423237,1.84968281649083));
#15680=CARTESIAN_POINT('',(0.,-131.324893423237,1.84968281649083));
#15681=CARTESIAN_POINT('',(20.,-91.663495828116,19.4990128624857));
#15682=CARTESIAN_POINT('Origin',(0.,-133.417957992599,0.771754767295474));
#15683=CARTESIAN_POINT('',(20.,-133.417957992599,0.771754767295474));
#15684=CARTESIAN_POINT('',(0.,-133.417957992599,0.771754767295474));
#15685=CARTESIAN_POINT('',(20.,-94.9448643160532,20.5853942604644));
#15686=CARTESIAN_POINT('Origin',(0.,-135.504371442495,-0.511389609910768));
#15687=CARTESIAN_POINT('',(20.,-135.504371442495,-0.511389609910768));
#15688=CARTESIAN_POINT('',(0.,-135.504371442495,-0.511389609910769));
#15689=CARTESIAN_POINT('',(20.,-99.2716268023342,21.7717501762536));
#15690=CARTESIAN_POINT('Origin',(0.,-137.588958408693,-2.1060984660446));
#15691=CARTESIAN_POINT('',(20.,-137.588958408693,-2.1060984660446));
#15692=CARTESIAN_POINT('',(0.,-137.588958408693,-2.1060984660446));
#15693=CARTESIAN_POINT('',(20.,-105.152952616728,22.707443272824));
#15694=CARTESIAN_POINT('Origin',(0.,-139.261163441911,-3.67379113780419));
#15695=CARTESIAN_POINT('',(20.,-139.261163441911,-3.67379113780419));
#15696=CARTESIAN_POINT('',(0.,-139.261163441911,-3.67379113780419));
#15697=CARTESIAN_POINT('',(20.,-111.090279308712,22.7364203705392));
#15698=CARTESIAN_POINT('Origin',(0.,-140.089945104808,-4.52329226040283));
#15699=CARTESIAN_POINT('',(20.,-140.089945104808,-4.52329226040283));
#15700=CARTESIAN_POINT('',(0.,-140.089945104808,-4.52329226040283));
#15701=CARTESIAN_POINT('',(20.,-113.844794805783,22.3779842034843));
#15702=CARTESIAN_POINT('Origin',(0.,-140.911126431737,-5.51897471797237));
#15703=CARTESIAN_POINT('',(20.,-140.911126431737,-5.51897471797237));
#15704=CARTESIAN_POINT('',(0.,-140.911126431737,-5.51897471797237));
#15705=CARTESIAN_POINT('',(20.,-118.64702483596,21.4762511420162));
#15706=CARTESIAN_POINT('Origin',(0.,-141.308862562486,-6.13546578293407));
#15707=CARTESIAN_POINT('',(20.,-141.308862562486,-6.13546578293407));
#15708=CARTESIAN_POINT('',(0.,-141.308862562486,-6.13546578293407));
#15709=CARTESIAN_POINT('',(20.,-124.811221260211,19.4358808198075));
#15710=CARTESIAN_POINT('Origin',(0.,-141.500344090037,-6.52800293826931));
#15711=CARTESIAN_POINT('',(20.,-141.500344090037,-6.52800293826931));
#15712=CARTESIAN_POINT('',(0.,-141.500344090037,-6.52800293826931));
#15713=CARTESIAN_POINT('',(20.,-130.45410484651,16.116788887091));
#15714=CARTESIAN_POINT('Origin',(0.,-141.589728977379,-6.77828068407071));
#15715=CARTESIAN_POINT('',(20.,-141.589728977379,-6.77828068407071));
#15716=CARTESIAN_POINT('',(0.,-141.589728977379,-6.77828068407071));
#15717=CARTESIAN_POINT('',(20.,-134.885494180279,11.993581341338));
#15718=CARTESIAN_POINT('Origin',(0.,-141.676705767364,-7.18707185188074));
#15719=CARTESIAN_POINT('',(20.,-141.676705767364,-7.18707185188074));
#15720=CARTESIAN_POINT('',(0.,-141.676705767364,-7.18707185188074));
#15721=CARTESIAN_POINT('',(20.,-138.902351965986,5.85239914476622));
#15722=CARTESIAN_POINT('Origin',(0.,-141.583295287757,-8.05579073457241));
#15723=CARTESIAN_POINT('',(20.,-141.583295287757,-8.05579073457241));
#15724=CARTESIAN_POINT('',(0.,-141.583295287757,-8.05579073457241));
#15725=CARTESIAN_POINT('',(20.,-141.249731295638,-11.1579409404277));
#15726=CARTESIAN_POINT('Origin',(0.,-141.505467989479,-8.25814187619291));
#15727=CARTESIAN_POINT('',(20.,-141.505467989479,-8.25814187619291));
#15728=CARTESIAN_POINT('',(0.,-141.505467989479,-8.25814187619291));
#15729=CARTESIAN_POINT('',(20.,-135.50971673981,-23.8471079212157));
#15730=CARTESIAN_POINT('Origin',(20.,-34.2301949661891,-2.7885));
#15731=CARTESIAN_POINT('',(20.,-141.319556318498,-8.6020784956301));
#15732=CARTESIAN_POINT('',(20.,-130.428179488158,-28.7511272792756));
#15733=CARTESIAN_POINT('',(20.,-140.93386381782,-9.12276348585692));
#15734=CARTESIAN_POINT('',(20.,-123.546373394363,-32.5958807108481));
#15735=CARTESIAN_POINT('',(20.,-140.137808428137,-9.87901629230516));
#15736=CARTESIAN_POINT('',(20.,-114.07431351275,-34.6393425598885));
#15737=CARTESIAN_POINT('',(20.,-139.352769154385,-10.3991051312589));
#15738=CARTESIAN_POINT('',(20.,-104.576178390057,-33.4386106924753));
#15739=CARTESIAN_POINT('',(20.,-137.725121679368,-11.0705101310688));
#15740=CARTESIAN_POINT('',(20.,-94.9622097323529,-28.7102222483062));
#15741=CARTESIAN_POINT('',(20.,-135.648127455613,-11.5586039122818));
#15742=CARTESIAN_POINT('',(20.,-88.5695638644797,-22.6220694984975));
#15743=CARTESIAN_POINT('',(20.,-133.54659951559,-11.9578946881574));
#15744=CARTESIAN_POINT('',(20.,-86.4593446353568,-20.9044835851745));
#15745=CARTESIAN_POINT('',(20.,-131.44539486551,-12.2835816848237));
#15746=CARTESIAN_POINT('',(20.,-84.6968012347064,-19.5296198360342));
#15747=CARTESIAN_POINT('',(20.,-129.346400435455,-12.5144711798069));
#15748=CARTESIAN_POINT('',(20.,-82.8854049350881,-17.6251830682717));
#15749=CARTESIAN_POINT('',(20.,-125.125456405212,-12.7888332890517));
#15750=CARTESIAN_POINT('',(20.,-80.1926794197337,-15.7094717480382));
#15751=CARTESIAN_POINT('',(20.,-120.693656317774,-12.9993443380391));
#15752=CARTESIAN_POINT('',(20.,-77.8012104046929,-15.0367407919981));
#15753=CARTESIAN_POINT('',(20.,-117.607832454453,-13.0800858773944));
#15754=CARTESIAN_POINT('',(20.,-76.0820844817309,-14.1666199644657));
#15755=CARTESIAN_POINT('',(20.,-117.603851353643,-13.0801860313385));
#15756=CARTESIAN_POINT('',(20.,-76.0727636333804,-14.1249981165869));
#15757=CARTESIAN_POINT('',(20.,-116.58015895929,-12.0804685945193));
#15758=CARTESIAN_POINT('Origin',(20.,-117.580159219371,-12.0804685945194));
#15759=CARTESIAN_POINT('',(20.,-116.580159219371,5.64846670635511));
#15760=CARTESIAN_POINT('',(20.,-116.580159219371,1.42998335317756));
#15761=CARTESIAN_POINT('Origin',(20.,-117.580159219371,5.64846670635512));
#15762=CARTESIAN_POINT('Origin',(0.,-117.580159219371,5.64846670635512));
#15763=CARTESIAN_POINT('',(0.,-116.580159219371,5.64846670635511));
#15764=CARTESIAN_POINT('Origin',(0.,-116.580159219371,5.64846670635511));
#15765=CARTESIAN_POINT('',(0.,-116.58015895929,-12.0804685945193));
#15766=CARTESIAN_POINT('Origin',(0.,-117.580159219371,-12.0804685945194));
#15767=CARTESIAN_POINT('',(0.,-117.603851353643,-13.0801860313385));
#15768=CARTESIAN_POINT('Origin',(0.,-117.603851353643,-13.0801860313385));
#15769=CARTESIAN_POINT('',(0.,-117.607832454453,-13.0800858773944));
#15770=CARTESIAN_POINT('Origin',(0.,-117.607832454453,-13.0800858773944));
#15771=CARTESIAN_POINT('',(0.,-120.693656317774,-12.9993443380391));
#15772=CARTESIAN_POINT('Origin',(0.,-120.693656317774,-12.9993443380391));
#15773=CARTESIAN_POINT('',(0.,-125.125456405212,-12.7888332890517));
#15774=CARTESIAN_POINT('Origin',(0.,-125.125456405212,-12.7888332890517));
#15775=CARTESIAN_POINT('',(0.,-129.346400435455,-12.5144711798069));
#15776=CARTESIAN_POINT('Origin',(0.,-129.346400435455,-12.5144711798069));
#15777=CARTESIAN_POINT('',(0.,-131.44539486551,-12.2835816848237));
#15778=CARTESIAN_POINT('Origin',(0.,-131.44539486551,-12.2835816848237));
#15779=CARTESIAN_POINT('',(0.,-133.54659951559,-11.9578946881574));
#15780=CARTESIAN_POINT('Origin',(0.,-133.54659951559,-11.9578946881574));
#15781=CARTESIAN_POINT('',(0.,-135.648127455613,-11.5586039122818));
#15782=CARTESIAN_POINT('Origin',(0.,-135.648127455613,-11.5586039122818));
#15783=CARTESIAN_POINT('',(0.,-137.725121679368,-11.0705101310688));
#15784=CARTESIAN_POINT('Origin',(0.,-137.725121679368,-11.0705101310688));
#15785=CARTESIAN_POINT('',(0.,-139.352769154385,-10.3991051312589));
#15786=CARTESIAN_POINT('Origin',(0.,-139.352769154385,-10.3991051312589));
#15787=CARTESIAN_POINT('',(0.,-140.137808428137,-9.87901629230516));
#15788=CARTESIAN_POINT('Origin',(0.,-140.137808428137,-9.87901629230516));
#15789=CARTESIAN_POINT('',(0.,-140.93386381782,-9.12276348585692));
#15790=CARTESIAN_POINT('Origin',(0.,-140.93386381782,-9.12276348585692));
#15791=CARTESIAN_POINT('',(0.,-141.319556318498,-8.6020784956301));
#15792=CARTESIAN_POINT('Origin',(0.,-141.319556318498,-8.6020784956301));
#15793=CARTESIAN_POINT('Origin',(449.7,-34.2301949661891,-2.7885));
#15794=CARTESIAN_POINT('',(449.7,-69.7249780460066,10.8040541046337));
#15795=CARTESIAN_POINT('',(449.7,-69.5617570141301,-10.9583780856995));
#15796=CARTESIAN_POINT('',(449.7,-69.5913991791464,-7.00615698573111));
#15797=CARTESIAN_POINT('',(449.7,-69.2742127624711,11.7981114881533));
#15798=CARTESIAN_POINT('Origin',(449.7,-68.4250148272892,10.8138034637504));
#15799=CARTESIAN_POINT('',(449.7,-68.5429406255399,11.8068256487844));
#15800=CARTESIAN_POINT('',(449.7,-51.8415895649344,12.0058462986175));
#15801=CARTESIAN_POINT('',(449.7,-68.4325142174933,11.8137751198533));
#15802=CARTESIAN_POINT('Origin',(449.7,-68.4250148272892,10.8138034637504));
#15803=CARTESIAN_POINT('',(449.7,-65.8812535629951,11.8329099018929));
#15804=CARTESIAN_POINT('',(449.7,-51.3870728985748,11.9416181153665));
#15805=CARTESIAN_POINT('',(449.7,-61.6529190707149,11.8011964124746));
#15806=CARTESIAN_POINT('',(449.7,-50.001785557127,11.7138102087413));
#15807=CARTESIAN_POINT('',(449.7,-57.4240841828706,11.7271917742365));
#15808=CARTESIAN_POINT('',(449.7,-47.8181340331479,11.5590875836931));
#15809=CARTESIAN_POINT('',(449.7,-53.1957442278382,11.6003422279927));
#15810=CARTESIAN_POINT('',(449.7,-45.6200288582726,11.3730719357925));
#15811=CARTESIAN_POINT('',(449.7,-48.9668986824419,11.4206155617404));
#15812=CARTESIAN_POINT('',(449.7,-43.4248542702321,11.1850777167811));
#15813=CARTESIAN_POINT('',(449.7,-44.7380473232818,11.198598922703));
#15814=CARTESIAN_POINT('',(449.7,-41.246833080275,11.0153085711249));
#15815=CARTESIAN_POINT('',(449.7,-40.5086884549351,10.9236891091019));
#15816=CARTESIAN_POINT('',(449.7,-39.0535552096516,10.8291049364937));
#15817=CARTESIAN_POINT('',(449.7,-36.2793247981074,10.6170595199709));
#15818=CARTESIAN_POINT('',(449.7,-36.8913872111365,10.6614341496925));
#15819=CARTESIAN_POINT('',(449.7,-32.0499487386273,10.2575598078479));
#15820=CARTESIAN_POINT('',(449.7,-34.6964556533054,10.4825146145565));
#15821=CARTESIAN_POINT('',(449.7,-27.8195781415103,9.86624572269136));
#15822=CARTESIAN_POINT('',(449.7,-32.5325547779995,10.3022014146416));
#15823=CARTESIAN_POINT('',(449.7,-23.589694818523,9.44325159079397));
#15824=CARTESIAN_POINT('',(449.7,-30.3666689853388,10.1209582993939));
#15825=CARTESIAN_POINT('',(449.7,-19.3602924082503,8.97800736648664));
#15826=CARTESIAN_POINT('',(449.7,-28.1816194861895,9.94837411706323));
#15827=CARTESIAN_POINT('',(449.7,-15.1303877922846,8.47039947263616));
#15828=CARTESIAN_POINT('',(449.7,-25.9936980258269,9.77404636979766));
#15829=CARTESIAN_POINT('',(449.7,-10.8999898307568,7.93098708022764));
#15830=CARTESIAN_POINT('',(449.7,-23.8211887298789,9.57855188957827));
#15831=CARTESIAN_POINT('',(449.7,-6.67008105559286,7.35986655605196));
#15832=CARTESIAN_POINT('',(449.7,-21.645527800805,9.38184514932766));
#15833=CARTESIAN_POINT('',(449.7,-2.43968393247353,6.7462585002891));
#15834=CARTESIAN_POINT('',(449.7,-19.4453650353039,9.21288813687904));
#15835=CARTESIAN_POINT('',(449.7,1.79114372590707,6.11116220924324));
#15836=CARTESIAN_POINT('',(449.7,-17.284788509721,8.9746808371154));
#15837=CARTESIAN_POINT('',(449.7,3.02456167711936,5.91664042479212));
#15838=CARTESIAN_POINT('',(449.7,-15.0976808552857,8.77469105734095));
#15839=CARTESIAN_POINT('',(449.7,3.08658715249816,5.90661062748363));
#15840=CARTESIAN_POINT('',(449.7,-14.4422582061209,8.74110346974223));
#15841=CARTESIAN_POINT('',(449.7,3.90898208916752,4.92567334834861));
#15842=CARTESIAN_POINT('Origin',(449.7,2.90898750668105,4.92250821978067));
#15843=CARTESIAN_POINT('',(449.7,3.95094668337665,-8.33490518038605));
#15844=CARTESIAN_POINT('',(449.7,3.92099717641401,1.12897255783653));
#15845=CARTESIAN_POINT('',(449.7,2.98840341590594,-9.33736822064918));
#15846=CARTESIAN_POINT('Origin',(449.7,2.95095175392551,-8.33806984326929));
#15847=CARTESIAN_POINT('',(449.7,1.83708745708587,-9.38051707832088));
#15848=CARTESIAN_POINT('',(449.7,-15.4722473493233,-10.0292338951354));
#15849=CARTESIAN_POINT('',(449.7,-2.39572878494439,-9.53904509212701));
#15850=CARTESIAN_POINT('',(449.7,-16.0480244142665,-10.0503527384453));
#15851=CARTESIAN_POINT('',(449.7,-3.15432329542304,-9.56530755306491));
#15852=CARTESIAN_POINT('',(449.7,-18.1771956284753,-10.0853977888524));
#15853=CARTESIAN_POINT('',(449.7,-14.7184220107402,-9.99014710546282));
#15854=CARTESIAN_POINT('',(449.7,-18.5470016541175,-10.1308007008751));
#15855=CARTESIAN_POINT('',(449.7,-19.3295430043541,-10.151715517753));
#15856=CARTESIAN_POINT('',(449.7,-24.3363316295425,-10.3271476718788));
#15857=CARTESIAN_POINT('',(449.7,-23.5633837079871,-10.3105743991243));
#15858=CARTESIAN_POINT('',(449.7,-26.6314506258581,-10.4256920222619));
#15859=CARTESIAN_POINT('',(449.7,-27.7967150406591,-10.4693777979652));
#15860=CARTESIAN_POINT('',(449.7,-28.7484065826918,-10.5050782522048));
#15861=CARTESIAN_POINT('',(449.7,-32.0295542604374,-10.628143027455));
#15862=CARTESIAN_POINT('',(449.7,-30.8650911760198,-10.5844663746859));
#15863=CARTESIAN_POINT('',(449.7,-36.262875127764,-10.7763314341215));
#15864=CARTESIAN_POINT('',(449.7,-32.9914816125259,-10.6618155238479));
#15865=CARTESIAN_POINT('',(449.7,-40.4967123676779,-10.9351157646677));
#15866=CARTESIAN_POINT('',(449.7,-35.0983865286338,-10.7326588666221));
#15867=CARTESIAN_POINT('',(449.7,-44.7295503425214,-11.0938581460101));
#15868=CARTESIAN_POINT('',(449.7,-37.2153091873476,-10.8120546510399));
#15869=CARTESIAN_POINT('',(449.7,-48.9628756131484,-11.2420322713182));
#15870=CARTESIAN_POINT('',(449.7,-39.3411228068882,-10.9052533292675));
#15871=CARTESIAN_POINT('',(449.7,-53.1967114472928,-11.4008070303836));
#15872=CARTESIAN_POINT('',(449.7,-41.4485934009405,-10.9602361898143));
#15873=CARTESIAN_POINT('',(449.7,-57.4295485272869,-11.5595428649771));
#15874=CARTESIAN_POINT('',(449.7,-43.5655125606881,-11.0396269602538));
#15875=CARTESIAN_POINT('',(449.7,-61.6628761055582,-11.7077124651007));
#15876=CARTESIAN_POINT('',(449.7,-45.6907558785154,-11.1486764294026));
#15877=CARTESIAN_POINT('',(449.7,-65.8962144692976,-11.8664652300119));
#15878=CARTESIAN_POINT('',(449.7,-47.7987945856173,-11.1878009708774));
#15879=CARTESIAN_POINT('',(449.7,-68.2272755038335,-11.9480533176468));
#15880=CARTESIAN_POINT('',(449.7,-49.9239050090554,-11.3074278797807));
#15881=CARTESIAN_POINT('',(449.7,-69.0553412448683,-11.9783491429721));
#15882=CARTESIAN_POINT('',(449.7,-51.0841253875475,-11.3208496359693));
#15883=CARTESIAN_POINT('Origin',(449.7,-68.2617934598334,-10.9486492813621));
#15884=CARTESIAN_POINT('Origin',(0.,3.02456167711936,5.91664042479212));
#15885=CARTESIAN_POINT('',(20.,3.02456167711936,5.91664042479212));
#15886=CARTESIAN_POINT('',(0.,3.02456167711936,5.91664042479212));
#15887=CARTESIAN_POINT('',(20.,3.08658715249816,5.90661062748363));
#15888=CARTESIAN_POINT('',(20.,-14.4422582061209,8.74110346974223));
#15889=CARTESIAN_POINT('',(0.,3.08658715249816,5.90661062748363));
#15890=CARTESIAN_POINT('Origin',(0.,1.79114372590707,6.11116220924324));
#15891=CARTESIAN_POINT('',(20.,1.79114372590707,6.11116220924324));
#15892=CARTESIAN_POINT('',(0.,1.79114372590707,6.11116220924324));
#15893=CARTESIAN_POINT('',(20.,-15.0976808552857,8.77469105734095));
#15894=CARTESIAN_POINT('Origin',(0.,-2.43968393247352,6.7462585002891));
#15895=CARTESIAN_POINT('',(20.,-2.43968393247353,6.7462585002891));
#15896=CARTESIAN_POINT('',(0.,-2.43968393247352,6.7462585002891));
#15897=CARTESIAN_POINT('',(20.,-17.284788509721,8.9746808371154));
#15898=CARTESIAN_POINT('Origin',(0.,-6.67008105559285,7.35986655605196));
#15899=CARTESIAN_POINT('',(20.,-6.67008105559286,7.35986655605196));
#15900=CARTESIAN_POINT('',(0.,-6.67008105559285,7.35986655605196));
#15901=CARTESIAN_POINT('',(20.,-19.4453650353039,9.21288813687904));
#15902=CARTESIAN_POINT('Origin',(0.,-10.8999898307568,7.93098708022764));
#15903=CARTESIAN_POINT('',(20.,-10.8999898307568,7.93098708022764));
#15904=CARTESIAN_POINT('',(0.,-10.8999898307568,7.93098708022764));
#15905=CARTESIAN_POINT('',(20.,-21.645527800805,9.38184514932766));
#15906=CARTESIAN_POINT('Origin',(0.,-15.1303877922846,8.47039947263616));
#15907=CARTESIAN_POINT('',(20.,-15.1303877922846,8.47039947263616));
#15908=CARTESIAN_POINT('',(0.,-15.1303877922846,8.47039947263616));
#15909=CARTESIAN_POINT('',(20.,-23.8211887298789,9.57855188957827));
#15910=CARTESIAN_POINT('Origin',(0.,-19.3602924082503,8.97800736648664));
#15911=CARTESIAN_POINT('',(20.,-19.3602924082503,8.97800736648664));
#15912=CARTESIAN_POINT('',(0.,-19.3602924082503,8.97800736648664));
#15913=CARTESIAN_POINT('',(20.,-25.9936980258269,9.77404636979766));
#15914=CARTESIAN_POINT('Origin',(0.,-23.589694818523,9.44325159079397));
#15915=CARTESIAN_POINT('',(20.,-23.589694818523,9.44325159079398));
#15916=CARTESIAN_POINT('',(0.,-23.589694818523,9.44325159079397));
#15917=CARTESIAN_POINT('',(20.,-28.1816194861895,9.94837411706323));
#15918=CARTESIAN_POINT('Origin',(0.,-27.8195781415104,9.86624572269136));
#15919=CARTESIAN_POINT('',(20.,-27.8195781415103,9.86624572269136));
#15920=CARTESIAN_POINT('',(0.,-27.8195781415104,9.86624572269136));
#15921=CARTESIAN_POINT('',(20.,-30.3666689853388,10.1209582993939));
#15922=CARTESIAN_POINT('Origin',(0.,-32.0499487386273,10.2575598078479));
#15923=CARTESIAN_POINT('',(20.,-32.0499487386273,10.2575598078479));
#15924=CARTESIAN_POINT('',(0.,-32.0499487386273,10.2575598078479));
#15925=CARTESIAN_POINT('',(20.,-32.5325547779995,10.3022014146416));
#15926=CARTESIAN_POINT('Origin',(0.,-36.2793247981074,10.6170595199709));
#15927=CARTESIAN_POINT('',(20.,-36.2793247981074,10.6170595199709));
#15928=CARTESIAN_POINT('',(0.,-36.2793247981074,10.6170595199709));
#15929=CARTESIAN_POINT('',(20.,-34.6964556533054,10.4825146145565));
#15930=CARTESIAN_POINT('Origin',(0.,-40.5086884549351,10.9236891091019));
#15931=CARTESIAN_POINT('',(20.,-40.5086884549351,10.9236891091019));
#15932=CARTESIAN_POINT('',(0.,-40.5086884549351,10.9236891091019));
#15933=CARTESIAN_POINT('',(20.,-36.8913872111365,10.6614341496925));
#15934=CARTESIAN_POINT('Origin',(0.,-44.7380473232818,11.198598922703));
#15935=CARTESIAN_POINT('',(20.,-44.7380473232818,11.198598922703));
#15936=CARTESIAN_POINT('',(0.,-44.7380473232818,11.198598922703));
#15937=CARTESIAN_POINT('',(20.,-39.0535552096516,10.8291049364937));
#15938=CARTESIAN_POINT('Origin',(0.,-48.9668986824419,11.4206155617404));
#15939=CARTESIAN_POINT('',(20.,-48.9668986824419,11.4206155617404));
#15940=CARTESIAN_POINT('',(0.,-48.9668986824419,11.4206155617404));
#15941=CARTESIAN_POINT('',(20.,-41.246833080275,11.0153085711249));
#15942=CARTESIAN_POINT('Origin',(0.,-53.1957442278382,11.6003422279927));
#15943=CARTESIAN_POINT('',(20.,-53.1957442278382,11.6003422279927));
#15944=CARTESIAN_POINT('',(0.,-53.1957442278382,11.6003422279927));
#15945=CARTESIAN_POINT('',(20.,-43.4248542702321,11.1850777167811));
#15946=CARTESIAN_POINT('Origin',(0.,-57.4240841828706,11.7271917742365));
#15947=CARTESIAN_POINT('',(20.,-57.4240841828706,11.7271917742365));
#15948=CARTESIAN_POINT('',(0.,-57.4240841828706,11.7271917742365));
#15949=CARTESIAN_POINT('',(20.,-45.6200288582726,11.3730719357925));
#15950=CARTESIAN_POINT('Origin',(0.,-61.6529190707149,11.8011964124746));
#15951=CARTESIAN_POINT('',(20.,-61.6529190707149,11.8011964124746));
#15952=CARTESIAN_POINT('',(0.,-61.6529190707149,11.8011964124746));
#15953=CARTESIAN_POINT('',(20.,-47.8181340331479,11.5590875836931));
#15954=CARTESIAN_POINT('Origin',(0.,-65.8812535629951,11.8329099018929));
#15955=CARTESIAN_POINT('',(20.,-65.8812535629951,11.8329099018929));
#15956=CARTESIAN_POINT('',(0.,-65.8812535629951,11.8329099018929));
#15957=CARTESIAN_POINT('',(20.,-50.001785557127,11.7138102087413));
#15958=CARTESIAN_POINT('Origin',(0.,-68.4325142174933,11.8137751198533));
#15959=CARTESIAN_POINT('',(20.,-68.4325142174933,11.8137751198533));
#15960=CARTESIAN_POINT('',(0.,-68.4325142174933,11.8137751198533));
#15961=CARTESIAN_POINT('',(20.,-51.3870728985748,11.9416181153665));
#15962=CARTESIAN_POINT('Origin',(0.,-68.4250148272892,10.8138034637504));
#15963=CARTESIAN_POINT('',(20.,-68.5429406255399,11.8068256487843));
#15964=CARTESIAN_POINT('',(0.,-68.5429406255399,11.8068256487844));
#15965=CARTESIAN_POINT('Origin',(20.,-68.4250148272892,10.8138034637504));
#15966=CARTESIAN_POINT('Origin',(0.,-69.2742127624711,11.7981114881533));
#15967=CARTESIAN_POINT('',(20.,-69.2742127624711,11.7981114881533));
#15968=CARTESIAN_POINT('',(0.,-69.2742127624711,11.7981114881533));
#15969=CARTESIAN_POINT('',(20.,-51.8415895649344,12.0058462986175));
#15970=CARTESIAN_POINT('Origin',(0.,-68.4250148272892,10.8138034637504));
#15971=CARTESIAN_POINT('',(20.,-69.7249780460066,10.8040541046337));
#15972=CARTESIAN_POINT('',(0.,-69.7249780460066,10.8040541046337));
#15973=CARTESIAN_POINT('Origin',(20.,-68.4250148272892,10.8138034637504));
#15974=CARTESIAN_POINT('Origin',(20.,-34.2301949661891,-2.7885));
#15975=CARTESIAN_POINT('',(20.,-69.5617570141301,-10.9583780856995));
#15976=CARTESIAN_POINT('',(20.,-69.5913991791464,-7.00615698573111));
#15977=CARTESIAN_POINT('',(20.,-69.0553412448683,-11.9783491429721));
#15978=CARTESIAN_POINT('Origin',(20.,-68.2617934598334,-10.9486492813621));
#15979=CARTESIAN_POINT('',(20.,-68.2272755038335,-11.9480533176468));
#15980=CARTESIAN_POINT('',(20.,-51.0841253875475,-11.3208496359693));
#15981=CARTESIAN_POINT('',(20.,-65.8962144692976,-11.8664652300119));
#15982=CARTESIAN_POINT('',(20.,-49.9239050090554,-11.3074278797807));
#15983=CARTESIAN_POINT('',(20.,-61.6628761055582,-11.7077124651007));
#15984=CARTESIAN_POINT('',(20.,-47.7987945856173,-11.1878009708774));
#15985=CARTESIAN_POINT('',(20.,-57.4295485272869,-11.5595428649771));
#15986=CARTESIAN_POINT('',(20.,-45.6907558785154,-11.1486764294026));
#15987=CARTESIAN_POINT('',(20.,-53.1967114472928,-11.4008070303836));
#15988=CARTESIAN_POINT('',(20.,-43.5655125606881,-11.0396269602538));
#15989=CARTESIAN_POINT('',(20.,-48.9628756131484,-11.2420322713182));
#15990=CARTESIAN_POINT('',(20.,-41.4485934009405,-10.9602361898143));
#15991=CARTESIAN_POINT('',(20.,-44.7295503425214,-11.0938581460101));
#15992=CARTESIAN_POINT('',(20.,-39.3411228068882,-10.9052533292675));
#15993=CARTESIAN_POINT('',(20.,-40.4967123676779,-10.9351157646677));
#15994=CARTESIAN_POINT('',(20.,-37.2153091873476,-10.8120546510399));
#15995=CARTESIAN_POINT('',(20.,-36.262875127764,-10.7763314341215));
#15996=CARTESIAN_POINT('',(20.,-35.0983865286338,-10.7326588666221));
#15997=CARTESIAN_POINT('',(20.,-32.0295542604374,-10.628143027455));
#15998=CARTESIAN_POINT('',(20.,-32.9914816125259,-10.6618155238479));
#15999=CARTESIAN_POINT('',(20.,-27.7967150406591,-10.4693777979652));
#16000=CARTESIAN_POINT('',(20.,-30.8650911760198,-10.5844663746859));
#16001=CARTESIAN_POINT('',(20.,-23.5633837079871,-10.3105743991243));
#16002=CARTESIAN_POINT('',(20.,-28.7484065826918,-10.5050782522048));
#16003=CARTESIAN_POINT('',(20.,-19.3295430043541,-10.151715517753));
#16004=CARTESIAN_POINT('',(20.,-26.6314506258581,-10.4256920222619));
#16005=CARTESIAN_POINT('',(20.,-14.7184220107402,-9.99014710546282));
#16006=CARTESIAN_POINT('',(20.,-24.3363316295425,-10.3271476718788));
#16007=CARTESIAN_POINT('',(20.,-3.15432329542304,-9.56530755306491));
#16008=CARTESIAN_POINT('',(20.,-18.5470016541175,-10.1308007008751));
#16009=CARTESIAN_POINT('',(20.,-2.39572878494439,-9.53904509212701));
#16010=CARTESIAN_POINT('',(20.,-18.1771956284753,-10.0853977888524));
#16011=CARTESIAN_POINT('',(20.,1.83708745708587,-9.38051707832088));
#16012=CARTESIAN_POINT('',(20.,-16.0480244142665,-10.0503527384453));
#16013=CARTESIAN_POINT('',(20.,2.98840341590594,-9.33736822064918));
#16014=CARTESIAN_POINT('',(20.,-15.4722473493233,-10.0292338951354));
#16015=CARTESIAN_POINT('',(20.,3.95094668337665,-8.33490518038605));
#16016=CARTESIAN_POINT('Origin',(20.,2.95095175392551,-8.33806984326929));
#16017=CARTESIAN_POINT('',(20.,3.90898208916752,4.92567334834861));
#16018=CARTESIAN_POINT('',(20.,3.92099717641401,1.12897255783653));
#16019=CARTESIAN_POINT('Origin',(20.,2.90898750668105,4.92250821978067));
#16020=CARTESIAN_POINT('Origin',(0.,3.90898208916753,4.92567334834861));
#16021=CARTESIAN_POINT('',(0.,3.90898208916753,4.92567334834861));
#16022=CARTESIAN_POINT('',(0.,3.95094668337665,-8.33490518038605));
#16023=CARTESIAN_POINT('Origin',(0.,2.95095175392551,-8.33806984326929));
#16024=CARTESIAN_POINT('',(0.,2.98840341590594,-9.33736822064918));
#16025=CARTESIAN_POINT('Origin',(0.,2.98840341590594,-9.33736822064918));
#16026=CARTESIAN_POINT('',(0.,1.83708745708587,-9.38051707832088));
#16027=CARTESIAN_POINT('Origin',(0.,1.83708745708587,-9.38051707832088));
#16028=CARTESIAN_POINT('',(0.,-2.39572878494439,-9.53904509212701));
#16029=CARTESIAN_POINT('Origin',(0.,-2.39572878494438,-9.53904509212701));
#16030=CARTESIAN_POINT('',(0.,-3.15432329542304,-9.56530755306491));
#16031=CARTESIAN_POINT('Origin',(0.,-3.15432329542304,-9.56530755306491));
#16032=CARTESIAN_POINT('',(0.,-14.7184220107402,-9.99014710546282));
#16033=CARTESIAN_POINT('Origin',(0.,-14.7184220107402,-9.99014710546282));
#16034=CARTESIAN_POINT('',(0.,-19.3295430043541,-10.151715517753));
#16035=CARTESIAN_POINT('Origin',(0.,-19.3295430043541,-10.151715517753));
#16036=CARTESIAN_POINT('',(0.,-23.5633837079871,-10.3105743991243));
#16037=CARTESIAN_POINT('Origin',(0.,-23.5633837079871,-10.3105743991243));
#16038=CARTESIAN_POINT('',(0.,-27.7967150406591,-10.4693777979652));
#16039=CARTESIAN_POINT('Origin',(0.,-27.7967150406591,-10.4693777979652));
#16040=CARTESIAN_POINT('',(0.,-32.0295542604374,-10.628143027455));
#16041=CARTESIAN_POINT('Origin',(0.,-32.0295542604374,-10.628143027455));
#16042=CARTESIAN_POINT('',(0.,-36.262875127764,-10.7763314341215));
#16043=CARTESIAN_POINT('Origin',(0.,-36.262875127764,-10.7763314341215));
#16044=CARTESIAN_POINT('',(0.,-40.4967123676779,-10.9351157646677));
#16045=CARTESIAN_POINT('Origin',(0.,-40.4967123676779,-10.9351157646677));
#16046=CARTESIAN_POINT('',(0.,-44.7295503425214,-11.0938581460101));
#16047=CARTESIAN_POINT('Origin',(0.,-44.7295503425214,-11.0938581460101));
#16048=CARTESIAN_POINT('',(0.,-48.9628756131484,-11.2420322713182));
#16049=CARTESIAN_POINT('Origin',(0.,-48.9628756131484,-11.2420322713182));
#16050=CARTESIAN_POINT('',(0.,-53.1967114472928,-11.4008070303836));
#16051=CARTESIAN_POINT('Origin',(0.,-53.1967114472928,-11.4008070303836));
#16052=CARTESIAN_POINT('',(0.,-57.4295485272869,-11.5595428649771));
#16053=CARTESIAN_POINT('Origin',(0.,-57.4295485272869,-11.5595428649771));
#16054=CARTESIAN_POINT('',(0.,-61.6628761055582,-11.7077124651007));
#16055=CARTESIAN_POINT('Origin',(0.,-61.6628761055582,-11.7077124651007));
#16056=CARTESIAN_POINT('',(0.,-65.8962144692976,-11.8664652300119));
#16057=CARTESIAN_POINT('Origin',(0.,-65.8962144692976,-11.8664652300119));
#16058=CARTESIAN_POINT('',(0.,-68.2272755038335,-11.9480533176468));
#16059=CARTESIAN_POINT('Origin',(0.,-68.2272755038335,-11.9480533176468));
#16060=CARTESIAN_POINT('',(0.,-69.0553412448683,-11.9783491429721));
#16061=CARTESIAN_POINT('Origin',(0.,-68.2617934598334,-10.9486492813621));
#16062=CARTESIAN_POINT('',(0.,-69.5617570141301,-10.9583780856995));
#16063=CARTESIAN_POINT('Origin',(0.,-69.5617570141302,-10.9583780856995));
#16064=CARTESIAN_POINT('Origin',(0.,2.90898750668105,4.92250821978067));
#16065=CARTESIAN_POINT('Origin',(530.3,-53.1854690348067,-11.7005963033096));
#16066=CARTESIAN_POINT('',(530.,-53.1854690348067,-11.7005963033096));
#16067=CARTESIAN_POINT('',(1000.3,-53.1854690348067,-11.7005963033096));
#16068=CARTESIAN_POINT('',(530.3,-53.1854690348067,-11.7005963033096));
#16069=CARTESIAN_POINT('',(530.,-48.9520072768924,-11.5418355726255));
#16070=CARTESIAN_POINT('',(530.,-43.5542688535508,-11.3394128403238));
#16071=CARTESIAN_POINT('',(1000.3,-48.9520072768924,-11.5418355726255));
#16072=CARTESIAN_POINT('',(530.3,-48.9520072768924,-11.5418355726255));
#16073=CARTESIAN_POINT('',(1000.3,-41.4375379745936,-11.2600324749818));
#16074=CARTESIAN_POINT('Origin',(530.3,-48.9520072768924,-11.5418355726255));
#16075=CARTESIAN_POINT('',(530.,-44.7186818279019,-11.3936614410744));
#16076=CARTESIAN_POINT('',(530.,-41.4471042129685,-11.2791502423168));
#16077=CARTESIAN_POINT('',(1000.3,-44.7186818279019,-11.3936614410744));
#16078=CARTESIAN_POINT('',(530.3,-44.7186818279019,-11.3936614410744));
#16079=CARTESIAN_POINT('',(1000.3,-39.3304414884732,-11.2050631765412));
#16080=CARTESIAN_POINT('Origin',(530.3,-44.7186818279019,-11.3936614410744));
#16081=CARTESIAN_POINT('',(530.,-40.4854694945451,-11.2349050203186));
#16082=CARTESIAN_POINT('',(530.,-39.3206724808932,-11.1912221170687));
#16083=CARTESIAN_POINT('',(1000.3,-40.4854694945451,-11.2349050203186));
#16084=CARTESIAN_POINT('',(530.3,-40.4854694945451,-11.2349050203186));
#16085=CARTESIAN_POINT('',(1000.3,-37.2040663142148,-11.1118439066908));
#16086=CARTESIAN_POINT('Origin',(530.3,-40.4854694945451,-11.2349050203186));
#16087=CARTESIAN_POINT('',(530.,-36.2520059444377,-11.0761347045026));
#16088=CARTESIAN_POINT('',(530.,-37.204062117277,-11.1118402816139));
#16089=CARTESIAN_POINT('',(1000.3,-36.2520059444377,-11.0761347045026));
#16090=CARTESIAN_POINT('',(530.3,-36.2520059444377,-11.0761347045026));
#16091=CARTESIAN_POINT('',(1000.3,-35.0873303422233,-11.0324551237058));
#16092=CARTESIAN_POINT('Origin',(530.3,-36.2520059444377,-11.0761347045026));
#16093=CARTESIAN_POINT('',(530.,-32.0186844289146,-10.9279462751458));
#16094=CARTESIAN_POINT('',(530.,-35.0974598828645,-11.0357195442419));
#16095=CARTESIAN_POINT('',(1000.3,-32.0186844289146,-10.9279462751458));
#16096=CARTESIAN_POINT('',(530.3,-32.0186844289146,-10.9279462751458));
#16097=CARTESIAN_POINT('',(1000.3,-32.9807991251029,-10.9616253295636));
#16098=CARTESIAN_POINT('Origin',(530.3,-32.0186844289146,-10.9279462751458));
#16099=CARTESIAN_POINT('',(530.,-27.7854705548901,-10.7691669931337));
#16100=CARTESIAN_POINT('',(530.,-32.970453627263,-10.9636452108604));
#16101=CARTESIAN_POINT('',(1000.3,-27.7854705548901,-10.7691669931337));
#16102=CARTESIAN_POINT('',(530.3,-27.7854705548901,-10.7691669931337));
#16103=CARTESIAN_POINT('',(1000.3,-30.8538466902508,-10.8842555698544));
#16104=CARTESIAN_POINT('Origin',(530.3,-27.7854705548901,-10.7691669931337));
#16105=CARTESIAN_POINT('',(530.,-23.5521378283041,-10.6103635420067));
#16106=CARTESIAN_POINT('',(530.,-30.8538270663051,-10.8842691206468));
#16107=CARTESIAN_POINT('',(1000.3,-23.5521378283041,-10.6103635420067));
#16108=CARTESIAN_POINT('',(530.3,-23.5521378283041,-10.6103635420067));
#16109=CARTESIAN_POINT('',(1000.3,-28.7371607030121,-10.8048673950833));
#16110=CARTESIAN_POINT('Origin',(530.3,-23.5521378283041,-10.6103635420067));
#16111=CARTESIAN_POINT('',(530.,-19.318666156529,-10.4515185071731));
#16112=CARTESIAN_POINT('',(530.,-28.7371238120068,-10.8049105575647));
#16113=CARTESIAN_POINT('',(1000.3,-19.318666156529,-10.4515185071731));
#16114=CARTESIAN_POINT('',(530.3,-19.318666156529,-10.4515185071731));
#16115=CARTESIAN_POINT('',(1000.3,-26.6203879761192,-10.7254880401479));
#16116=CARTESIAN_POINT('Origin',(530.3,-19.318666156529,-10.4515185071731));
#16117=CARTESIAN_POINT('',(530.,-14.7076624426566,-10.2899542042311));
#16118=CARTESIAN_POINT('',(530.,-26.6312010971626,-10.7077413783168));
#16119=CARTESIAN_POINT('',(1000.3,-14.7076624426566,-10.2899542042311));
#16120=CARTESIAN_POINT('',(530.3,-14.7076624426566,-10.2899542042311));
#16121=CARTESIAN_POINT('',(1000.3,-24.3256992402264,-10.6269592268458));
#16122=CARTESIAN_POINT('Origin',(530.3,-14.7076624426566,-10.2899542042311));
#16123=CARTESIAN_POINT('',(530.,14.0876155313263,-9.23207902460842));
#16124=CARTESIAN_POINT('',(530.,-24.3181642726703,-10.6430229038587));
#16125=CARTESIAN_POINT('',(1000.3,14.0876155313263,-9.23207902460842));
#16126=CARTESIAN_POINT('',(530.3,14.0876155313263,-9.23207902460842));
#16127=CARTESIAN_POINT('',(1000.3,-9.92052528567889,-10.1140853140474));
#16128=CARTESIAN_POINT('Origin',(530.3,14.0876155313263,-9.23207902460842));
#16129=CARTESIAN_POINT('',(530.,14.5483345630845,-9.21480378022847));
#16130=CARTESIAN_POINT('',(530.,-9.91673523365108,-10.1321525988742));
#16131=CARTESIAN_POINT('',(1000.3,14.5483345630845,-9.21480378022847));
#16132=CARTESIAN_POINT('',(530.3,14.5483345630845,-9.21480378022847));
#16133=CARTESIAN_POINT('',(1000.3,-9.68637571777196,-10.1235149766843));
#16134=CARTESIAN_POINT('Origin',(530.3,14.5483345630845,-9.21480378022847));
#16135=CARTESIAN_POINT('',(530.,18.7817952713112,-9.05605607594721));
#16136=CARTESIAN_POINT('',(530.,-9.68636536304354,-10.1235645417827));
#16137=CARTESIAN_POINT('',(1000.3,18.7817952713112,-9.05605607594721));
#16138=CARTESIAN_POINT('',(530.3,18.7817952713112,-9.05605607594721));
#16139=CARTESIAN_POINT('',(1000.3,-7.56963500893019,-10.0441906896421));
#16140=CARTESIAN_POINT('Origin',(530.3,18.7817952713112,-9.05605607594721));
#16141=CARTESIAN_POINT('',(530.,20.8347199277463,-8.98420524885447));
#16142=CARTESIAN_POINT('',(530.,-7.58222541595444,-9.97877707592761));
#16143=CARTESIAN_POINT('',(1000.3,20.8347199277463,-8.98420524885447));
#16144=CARTESIAN_POINT('',(530.3,20.8347199277463,-8.98420524885447));
#16145=CARTESIAN_POINT('',(1000.3,-6.5557630877369,-9.94285166238124));
#16146=CARTESIAN_POINT('Origin',(530.3,20.8347199277463,-8.98420524885447));
#16147=CARTESIAN_POINT('',(530.,27.9903007971491,-8.72132494589774));
#16148=CARTESIAN_POINT('',(530.,-6.54697308746889,-9.99014842617038));
#16149=CARTESIAN_POINT('',(1000.3,27.9903007971491,-8.72132494589774));
#16150=CARTESIAN_POINT('',(530.3,27.9903007971491,-8.72132494589774));
#16151=CARTESIAN_POINT('',(1000.3,-2.96918265276748,-9.85870827469202));
#16152=CARTESIAN_POINT('Origin',(530.3,27.9903007971491,-8.72132494589774));
#16153=CARTESIAN_POINT('',(530.,31.4817958198423,-8.59039410026557));
#16154=CARTESIAN_POINT('',(530.,-2.96517580755683,-9.88215338828647));
#16155=CARTESIAN_POINT('',(1000.3,31.4817958198423,-8.59039410026557));
#16156=CARTESIAN_POINT('',(530.3,31.4817958198423,-8.59039410026557));
#16157=CARTESIAN_POINT('',(1000.3,-1.21942829621022,-9.81668796547038));
#16158=CARTESIAN_POINT('Origin',(530.3,31.4817958198423,-8.59039410026557));
#16159=CARTESIAN_POINT('',(530.,33.0131392226673,-8.53679690951582));
#16160=CARTESIAN_POINT('',(530.,-1.23259072104291,-9.73540129620761));
#16161=CARTESIAN_POINT('',(1000.3,33.0131392226673,-8.53679690951582));
#16162=CARTESIAN_POINT('',(530.3,33.0131392226673,-8.53679690951582));
#16163=CARTESIAN_POINT('',(1000.3,-0.466919019630428,-9.70860270083273));
#16164=CARTESIAN_POINT('Origin',(530.3,33.0131392226673,-8.53679690951582));
#16165=CARTESIAN_POINT('',(530.,41.8736887880862,-8.21127980662339));
#16166=CARTESIAN_POINT('',(530.,-0.457763440008385,-9.76644425650106));
#16167=CARTESIAN_POINT('',(1000.3,41.8736887880862,-8.21127980662339));
#16168=CARTESIAN_POINT('',(530.3,41.8736887880862,-8.21127980662339));
#16169=CARTESIAN_POINT('',(1000.3,3.97251134270107,-9.60368570505484));
#16170=CARTESIAN_POINT('Origin',(530.3,41.8736887880862,-8.21127980662339));
#16171=CARTESIAN_POINT('',(530.,44.1803905412862,-8.12477796039731));
#16172=CARTESIAN_POINT('',(530.,3.97671792479843,-9.63242492930901));
#16173=CARTESIAN_POINT('',(1000.3,44.1803905412862,-8.12477796039731));
#16174=CARTESIAN_POINT('',(530.3,44.1803905412862,-8.12477796039731));
#16175=CARTESIAN_POINT('',(1000.3,5.1300688013984,-9.58917400619597));
#16176=CARTESIAN_POINT('Origin',(530.3,44.1803905412862,-8.12477796039731));
#16177=CARTESIAN_POINT('',(530.,44.4055791736817,-8.11826372256729));
#16178=CARTESIAN_POINT('',(530.,5.08499746346748,-9.25572620524251));
#16179=CARTESIAN_POINT('',(1000.3,44.4055791736817,-8.11826372256729));
#16180=CARTESIAN_POINT('',(530.3,44.4055791736817,-8.11826372256729));
#16181=CARTESIAN_POINT('',(1000.3,5.19759177966526,-9.2524690863275));
#16182=CARTESIAN_POINT('Origin',(530.3,44.4055791736817,-8.11826372256729));
#16183=CARTESIAN_POINT('',(530.,69.6409394923328,-7.19117208781885));
#16184=CARTESIAN_POINT('',(530.,5.23845653549881,-9.5571776630268));
#16185=CARTESIAN_POINT('',(1000.3,69.6409394923328,-7.19117208781885));
#16186=CARTESIAN_POINT('',(530.3,69.6409394923328,-7.19117208781885));
#16187=CARTESIAN_POINT('',(1000.3,17.8561366948244,-9.09363184565257));
#16188=CARTESIAN_POINT('Origin',(530.3,69.6409394923328,-7.19117208781885));
#16189=CARTESIAN_POINT('',(530.,67.4389704827519,-6.67254136906187));
#16190=CARTESIAN_POINT('',(530.,19.9438178660136,4.51401258874338));
#16191=CARTESIAN_POINT('',(1000.3,67.4389704827519,-6.67254136906187));
#16192=CARTESIAN_POINT('',(530.3,67.4389704827519,-6.67254136906187));
#16193=CARTESIAN_POINT('',(1000.3,18.8428333612231,4.77332794812186));
#16194=CARTESIAN_POINT('Origin',(530.3,67.4389704827519,-6.67254136906187));
#16195=CARTESIAN_POINT('',(530.,65.3207035919312,-6.16282548930899));
#16196=CARTESIAN_POINT('',(530.,18.9449893681701,4.99650390264214));
#16197=CARTESIAN_POINT('',(1000.3,65.3207035919312,-6.16282548930899));
#16198=CARTESIAN_POINT('',(530.3,65.3207035919312,-6.16282548930899));
#16199=CARTESIAN_POINT('',(1000.3,17.8858559227597,5.25136184251858));
#16200=CARTESIAN_POINT('Origin',(530.3,65.3207035919312,-6.16282548930899));
#16201=CARTESIAN_POINT('',(530.,63.2050543294078,-5.66434663974745));
#16202=CARTESIAN_POINT('',(530.,17.7865654191503,5.0369338143693));
#16203=CARTESIAN_POINT('',(1000.3,63.2050543294078,-5.66434663974745));
#16204=CARTESIAN_POINT('',(530.3,63.2050543294078,-5.66434663974745));
#16205=CARTESIAN_POINT('',(1000.3,16.7287407878885,5.28617323915007));
#16206=CARTESIAN_POINT('Origin',(530.3,63.2050543294078,-5.66434663974745));
#16207=CARTESIAN_POINT('',(530.,61.0897494981079,-5.17655534875011));
#16208=CARTESIAN_POINT('',(530.,16.6324263169702,5.07534534562234));
#16209=CARTESIAN_POINT('',(1000.3,61.0897494981079,-5.17655534875011));
#16210=CARTESIAN_POINT('',(530.3,61.0897494981079,-5.17655534875011));
#16211=CARTESIAN_POINT('',(1000.3,15.5747739013202,5.31924099112101));
#16212=CARTESIAN_POINT('Origin',(530.3,61.0897494981079,-5.17655534875011));
#16213=CARTESIAN_POINT('',(530.,56.8567814482268,-4.20012990398874));
#16214=CARTESIAN_POINT('',(530.,15.5761019611805,5.32214981870466));
#16215=CARTESIAN_POINT('',(1000.3,56.8567814482268,-4.20012990398874));
#16216=CARTESIAN_POINT('',(530.3,56.8567814482268,-4.20012990398874));
#16217=CARTESIAN_POINT('',(1000.3,13.4596179362399,5.81036254108535));
#16218=CARTESIAN_POINT('Origin',(530.3,56.8567814482268,-4.20012990398874));
#16219=CARTESIAN_POINT('',(530.,52.6247053386283,-3.24514621384033));
#16220=CARTESIAN_POINT('',(530.,13.3684327295112,5.61317748045694));
#16221=CARTESIAN_POINT('',(1000.3,52.6247053386283,-3.24514621384034));
#16222=CARTESIAN_POINT('',(530.3,52.6247053386283,-3.24514621384033));
#16223=CARTESIAN_POINT('',(1000.3,11.2523946747119,6.09066932553114));
#16224=CARTESIAN_POINT('Origin',(530.3,52.6247053386283,-3.24514621384033));
#16225=CARTESIAN_POINT('',(530.,48.3925818860867,-2.31139104685195));
#16226=CARTESIAN_POINT('',(530.,11.1651258869466,5.90229406485101));
#16227=CARTESIAN_POINT('',(1000.3,48.3925818860867,-2.31139104685195));
#16228=CARTESIAN_POINT('',(530.3,48.3925818860867,-2.31139104685195));
#16229=CARTESIAN_POINT('',(1000.3,9.04906416067577,6.36917164834521));
#16230=CARTESIAN_POINT('Origin',(530.3,48.3925818860867,-2.31139104685195));
#16231=CARTESIAN_POINT('',(530.,44.1603851542302,-1.39886309156129));
#16232=CARTESIAN_POINT('',(530.,8.96559487532501,6.18968537272642));
#16233=CARTESIAN_POINT('',(1000.3,44.1603851542302,-1.39886309156129));
#16234=CARTESIAN_POINT('',(530.3,44.1603851542302,-1.39886309156129));
#16235=CARTESIAN_POINT('',(1000.3,6.84949650939677,6.64594935037175));
#16236=CARTESIAN_POINT('Origin',(530.3,44.1603851542302,-1.39886309156129));
#16237=CARTESIAN_POINT('',(530.,39.9284661993148,-0.518226182935465));
#16238=CARTESIAN_POINT('',(530.,6.73051251171626,6.39006852204533));
#16239=CARTESIAN_POINT('',(1000.3,39.9284661993148,-0.518226182935464));
#16240=CARTESIAN_POINT('',(530.3,39.9284661993148,-0.518226182935465));
#16241=CARTESIAN_POINT('',(1000.3,4.61455303425855,6.83038697635824));
#16242=CARTESIAN_POINT('Origin',(530.3,39.9284661993148,-0.518226182935465));
#16243=CARTESIAN_POINT('',(530.,35.6959539198863,0.351864183287288));
#16244=CARTESIAN_POINT('',(530.,4.57647388593571,6.74918993022124));
#16245=CARTESIAN_POINT('',(1000.3,35.6959539198863,0.351864183287288));
#16246=CARTESIAN_POINT('',(530.3,35.6959539198863,0.351864183287288));
#16247=CARTESIAN_POINT('',(1000.3,2.46021774622149,7.18423511333262));
#16248=CARTESIAN_POINT('Origin',(530.3,35.6959539198863,0.351864183287288));
#16249=CARTESIAN_POINT('',(530.,31.4638351684361,1.19002802813929));
#16250=CARTESIAN_POINT('',(530.,2.35171642701178,6.95563310898419));
#16251=CARTESIAN_POINT('',(1000.3,31.4638351684361,1.19002802813929));
#16252=CARTESIAN_POINT('',(530.3,31.4638351684361,1.19002802813929));
#16253=CARTESIAN_POINT('',(1000.3,0.235657051286673,7.37471503141019));
#16254=CARTESIAN_POINT('Origin',(530.3,31.4638351684361,1.19002802813929));
#16255=CARTESIAN_POINT('',(530.,27.2313194346823,2.01758295411348));
#16256=CARTESIAN_POINT('',(530.,0.200926831262945,7.30265121070243));
#16257=CARTESIAN_POINT('',(1000.3,27.2313194346823,2.01758295411348));
#16258=CARTESIAN_POINT('',(530.3,27.2313194346823,2.01758295411348));
#16259=CARTESIAN_POINT('',(1000.3,-1.91533103561398,7.71642867368952));
#16260=CARTESIAN_POINT('Origin',(530.3,27.2313194346823,2.01758295411348));
#16261=CARTESIAN_POINT('',(530.,22.9991815918453,2.81319671322627));
#16262=CARTESIAN_POINT('',(530.,-2.01410483371701,7.51552815417638));
#16263=CARTESIAN_POINT('',(1000.3,22.9991815918453,2.81319671322627));
#16264=CARTESIAN_POINT('',(530.3,22.9991815918453,2.81319671322627));
#16265=CARTESIAN_POINT('',(1000.3,-4.13017375513547,7.91333503373277));
#16266=CARTESIAN_POINT('Origin',(530.3,22.9991815918453,2.81319671322627));
#16267=CARTESIAN_POINT('',(530.,18.7668942878932,3.57695290698322));
#16268=CARTESIAN_POINT('',(530.,-4.22354256620973,7.72579425055228));
#16269=CARTESIAN_POINT('',(1000.3,18.7668942878932,3.57695290698322));
#16270=CARTESIAN_POINT('',(530.3,18.7668942878932,3.57695290698322));
#16271=CARTESIAN_POINT('',(1000.3,-6.33968621818579,8.10767234743075));
#16272=CARTESIAN_POINT('Origin',(530.3,18.7668942878932,3.57695290698322));
#16273=CARTESIAN_POINT('',(530.,14.5343745041312,4.31942071705799));
#16274=CARTESIAN_POINT('',(530.,-6.3989315331558,7.99153725405739));
#16275=CARTESIAN_POINT('',(1000.3,14.5343745041312,4.31942071705799));
#16276=CARTESIAN_POINT('',(530.3,14.5343745041312,4.31942071705799));
#16277=CARTESIAN_POINT('',(1000.3,-8.5151914250368,8.36277115909478));
#16278=CARTESIAN_POINT('Origin',(530.3,14.5343745041312,4.31942071705799));
#16279=CARTESIAN_POINT('',(530.,10.3021774128569,5.04153860037886));
#16280=CARTESIAN_POINT('',(530.,-8.56891424100129,8.26141529022724));
#16281=CARTESIAN_POINT('',(1000.3,10.3021774128569,5.04153860037886));
#16282=CARTESIAN_POINT('',(530.3,10.3021774128569,5.04153860037886));
#16283=CARTESIAN_POINT('',(1000.3,-10.6850127866385,8.62247423188768));
#16284=CARTESIAN_POINT('Origin',(530.3,10.3021774128569,5.04153860037886));
#16285=CARTESIAN_POINT('',(530.,9.12307707882053,5.23655122828024));
#16286=CARTESIAN_POINT('',(530.,-10.740883667461,8.52187231066958));
#16287=CARTESIAN_POINT('',(1000.3,9.12307707882053,5.23655122828024));
#16288=CARTESIAN_POINT('',(530.3,9.12307707882053,5.23655122828024));
#16289=CARTESIAN_POINT('',(1000.3,-11.3304338344792,8.61937862462027));
#16290=CARTESIAN_POINT('Origin',(530.3,9.12307707882053,5.23655122828024));
#16291=CARTESIAN_POINT('',(530.,3.11203467015523,6.20655302934813));
#16292=CARTESIAN_POINT('',(530.,-11.3723512550817,8.54389811521684));
#16293=CARTESIAN_POINT('',(1000.3,3.11203467015523,6.20655302934813));
#16294=CARTESIAN_POINT('',(530.3,3.11203467015523,6.20655302934813));
#16295=CARTESIAN_POINT('',(1000.3,-14.3778724594144,9.02889901575078));
#16296=CARTESIAN_POINT('Origin',(530.3,3.11203467015523,6.20655302934813));
#16297=CARTESIAN_POINT('',(530.,1.83677922534871,6.40767298589751));
#16298=CARTESIAN_POINT('',(530.,-14.4138677696324,8.97055513695222));
#16299=CARTESIAN_POINT('',(1000.3,1.83677922534871,6.40767298589751));
#16300=CARTESIAN_POINT('',(530.3,1.83677922534871,6.40767298589751));
#16301=CARTESIAN_POINT('',(1000.3,-15.0514954920357,9.07111511522691));
#16302=CARTESIAN_POINT('Origin',(530.3,1.83677922534871,6.40767298589751));
#16303=CARTESIAN_POINT('',(530.,-2.39588461969354,7.04304490985321));
#16304=CARTESIAN_POINT('',(530.,-15.1242896733797,8.95372610352293));
#16305=CARTESIAN_POINT('',(1000.3,-2.39588461969354,7.04304490985321));
#16306=CARTESIAN_POINT('',(530.3,-2.39588461969354,7.04304490985321));
#16307=CARTESIAN_POINT('',(1000.3,-17.2406215959009,9.27141206550078));
#16308=CARTESIAN_POINT('Origin',(530.3,-2.39588461969354,7.04304490985321));
#16309=CARTESIAN_POINT('',(530.,-6.62847744765672,7.65697144686997));
#16310=CARTESIAN_POINT('',(530.,-17.2867350309802,9.20292387714689));
#16311=CARTESIAN_POINT('',(1000.3,-6.62847744765672,7.65697144686997));
#16312=CARTESIAN_POINT('',(530.3,-6.62847744765672,7.65697144686997));
#16313=CARTESIAN_POINT('',(1000.3,-19.4030314449617,9.50988714565528));
#16314=CARTESIAN_POINT('Origin',(530.3,-6.62847744765672,7.65697144686997));
#16315=CARTESIAN_POINT('',(530.,-10.8609457949383,8.22843756340878));
#16316=CARTESIAN_POINT('',(530.,-19.4897007937091,9.39348847581068));
#16317=CARTESIAN_POINT('',(1000.3,-10.8609457949383,8.22843756340878));
#16318=CARTESIAN_POINT('',(530.3,-10.8609457949383,8.22843756340878));
#16319=CARTESIAN_POINT('',(1000.3,-21.6059349673499,9.67922153408009));
#16320=CARTESIAN_POINT('Origin',(530.3,-10.8609457949383,8.22843756340878));
#16321=CARTESIAN_POINT('',(530.,-15.093542146626,8.76813026960962));
#16322=CARTESIAN_POINT('',(530.,-21.6674950430863,9.60636622086276));
#16323=CARTESIAN_POINT('',(1000.3,-15.093542146626,8.76813026960962));
#16324=CARTESIAN_POINT('',(530.3,-15.093542146626,8.76813026960962));
#16325=CARTESIAN_POINT('',(1000.3,-23.7837932189301,9.87621257396318));
#16326=CARTESIAN_POINT('Origin',(530.3,-15.093542146626,8.76813026960962));
#16327=CARTESIAN_POINT('',(530.,-19.3260177001167,9.27604668771792));
#16328=CARTESIAN_POINT('',(530.,-23.8424504406454,9.81803926657747));
#16329=CARTESIAN_POINT('',(1000.3,-19.3260177001167,9.27604668771792));
#16330=CARTESIAN_POINT('',(530.3,-19.3260177001167,9.27604668771792));
#16331=CARTESIAN_POINT('',(1000.3,-25.9586882173908,10.0719974756316));
#16332=CARTESIAN_POINT('Origin',(530.3,-19.3260177001167,9.27604668771792));
#16333=CARTESIAN_POINT('',(530.,-23.5583668729394,9.74161506284464));
#16334=CARTESIAN_POINT('',(530.,-26.0333795082165,10.0138722807565));
#16335=CARTESIAN_POINT('',(1000.3,-23.5583668729394,9.74161506284464));
#16336=CARTESIAN_POINT('',(530.3,-23.5583668729394,9.74161506284464));
#16337=CARTESIAN_POINT('',(1000.3,-28.1495540946278,10.2466564683198));
#16338=CARTESIAN_POINT('Origin',(530.3,-23.5583668729394,9.74161506284464));
#16339=CARTESIAN_POINT('',(530.,-27.7908357967699,10.1648677583715));
#16340=CARTESIAN_POINT('',(530.,-28.2211375905819,10.20789852774));
#16341=CARTESIAN_POINT('',(1000.3,-27.7908357967699,10.1648677583715));
#16342=CARTESIAN_POINT('',(530.3,-27.7908357967699,10.1648677583715));
#16343=CARTESIAN_POINT('',(1000.3,-30.3373720524971,10.4195248755034));
#16344=CARTESIAN_POINT('Origin',(530.3,-27.7908357967699,10.1648677583715));
#16345=CARTESIAN_POINT('',(530.,-32.0234278988978,10.5563873352648));
#16346=CARTESIAN_POINT('',(530.,-30.3891821196243,10.4052177444792));
#16347=CARTESIAN_POINT('',(1000.3,-32.0234278988978,10.5563873352648));
#16348=CARTESIAN_POINT('',(530.3,-32.0234278988978,10.5563873352648));
#16349=CARTESIAN_POINT('',(1000.3,-32.5054781706883,10.6009775329259));
#16350=CARTESIAN_POINT('Origin',(530.3,-32.0234278988978,10.5563873352648));
#16351=CARTESIAN_POINT('',(530.,-36.2557730474929,10.916139421891));
#16352=CARTESIAN_POINT('',(530.,-32.555802918603,10.6016395577283));
#16353=CARTESIAN_POINT('',(1000.3,-36.2557730474929,10.916139421891));
#16354=CARTESIAN_POINT('',(530.3,-36.2557730474929,10.916139421891));
#16355=CARTESIAN_POINT('',(1000.3,-34.6719754929005,10.7815156010414));
#16356=CARTESIAN_POINT('Origin',(530.3,-36.2557730474929,10.916139421891));
#16357=CARTESIAN_POINT('',(530.,-40.4881120909422,11.2229847270614));
#16358=CARTESIAN_POINT('',(530.,-34.7540829506181,10.8072666327982));
#16359=CARTESIAN_POINT('',(1000.3,-40.4881120909422,11.2229847270614));
#16360=CARTESIAN_POINT('',(530.3,-40.4881120909422,11.2229847270614));
#16361=CARTESIAN_POINT('',(1000.3,-36.8702524723427,10.9606892853833));
#16362=CARTESIAN_POINT('Origin',(530.3,-40.4881120909422,11.2229847270614));
#16363=CARTESIAN_POINT('',(530.,-44.7204528819101,11.4980883666814));
#16364=CARTESIAN_POINT('',(530.,-36.9188580729078,10.9909819608415));
#16365=CARTESIAN_POINT('',(1000.3,-44.7204528819101,11.4980883666814));
#16366=CARTESIAN_POINT('',(530.3,-44.7204528819101,11.4980883666814));
#16367=CARTESIAN_POINT('',(1000.3,-39.0350284683918,11.1285337806515));
#16368=CARTESIAN_POINT('Origin',(530.3,-44.7204528819101,11.4980883666814));
#16369=CARTESIAN_POINT('',(530.,-48.9526648137012,11.7202814373258));
#16370=CARTESIAN_POINT('',(530.,-39.115745941736,11.2038386775899));
#16371=CARTESIAN_POINT('',(1000.3,-48.9526648137012,11.7202814373258));
#16372=CARTESIAN_POINT('',(530.3,-48.9526648137012,11.7202814373258));
#16373=CARTESIAN_POINT('',(1000.3,-41.2318519076315,11.314935212912));
#16374=CARTESIAN_POINT('Origin',(530.3,-48.9526648137012,11.7202814373258));
#16375=CARTESIAN_POINT('',(530.,-53.1848765749655,11.900151168334));
#16376=CARTESIAN_POINT('',(530.,-41.2969452869538,11.3949120348413));
#16377=CARTESIAN_POINT('',(1000.3,-53.1848765749655,11.900151168334));
#16378=CARTESIAN_POINT('',(530.3,-53.1848765749655,11.900151168334));
#16379=CARTESIAN_POINT('',(1000.3,-43.413051167586,11.4848469003454));
#16380=CARTESIAN_POINT('Origin',(530.3,-53.1848765749655,11.900151168334));
#16381=CARTESIAN_POINT('',(530.,-57.4169613525924,12.0271130586779));
#16382=CARTESIAN_POINT('',(530.,-43.4959271010671,11.609484179063));
#16383=CARTESIAN_POINT('',(1000.3,-57.4169613525924,12.0271130586779));
#16384=CARTESIAN_POINT('',(530.3,-57.4169613525924,12.0271130586779));
#16385=CARTESIAN_POINT('',(1000.3,-45.6119694898805,11.6729651242349));
#16386=CARTESIAN_POINT('Origin',(530.3,-57.4169613525924,12.0271130586779));
#16387=CARTESIAN_POINT('',(530.,-61.649169374738,12.1011767267883));
#16388=CARTESIAN_POINT('',(530.,-45.6975305749654,11.8220229433019));
#16389=CARTESIAN_POINT('',(1000.3,-61.649169374738,12.1011767267883));
#16390=CARTESIAN_POINT('',(530.3,-61.649169374738,12.1011767267883));
#16391=CARTESIAN_POINT('',(1000.3,-47.8136345860382,11.8590547773571));
#16392=CARTESIAN_POINT('Origin',(530.3,-61.649169374738,12.1011767267883));
#16393=CARTESIAN_POINT('',(530.,-65.8812535474379,12.1329183396794));
#16394=CARTESIAN_POINT('',(530.,-47.8846184598494,11.9979394023561));
#16395=CARTESIAN_POINT('',(1000.3,-65.8812535474379,12.1329183396794));
#16396=CARTESIAN_POINT('',(530.3,-65.8812535474379,12.1329183396794));
#16397=CARTESIAN_POINT('',(1000.3,-50.0006605461994,12.0138102088016));
#16398=CARTESIAN_POINT('Origin',(530.3,-65.8812535474379,12.1329183396794));
#16399=CARTESIAN_POINT('',(530.,-67.1604585904215,12.1233241378333));
#16400=CARTESIAN_POINT('',(530.,-50.1125675511397,12.2511855065633));
#16401=CARTESIAN_POINT('',(530.3,-67.1604585904215,12.1233241378333));
#16402=CARTESIAN_POINT('',(530.3,-67.1604585904215,12.1233241378333));
#16403=CARTESIAN_POINT('',(1000.,-67.1604585904215,12.1233241378333));
#16404=CARTESIAN_POINT('',(530.3,-67.1604585904215,12.1233241378333));
#16405=CARTESIAN_POINT('',(1000.3,-67.1604585904215,12.1233241378333));
#16406=CARTESIAN_POINT('',(1000.,-67.1604585904215,12.1233241378333));
#16407=CARTESIAN_POINT('',(1000.3,-50.7521700726315,12.2463884056402));
#16408=CARTESIAN_POINT('Origin',(530.3,-67.1604585684842,12.1233212129096));
#16409=CARTESIAN_POINT('',(530.,-74.3454575084117,12.0377016032812));
#16410=CARTESIAN_POINT('',(530.,-50.7864998070609,12.3184405120139));
#16411=CARTESIAN_POINT('',(1000.3,-74.3454575084117,12.0377016032812));
#16412=CARTESIAN_POINT('',(530.3,-74.3454575084117,12.0377016032812));
#16413=CARTESIAN_POINT('',(1000.3,-54.3789992770247,12.2756307071997));
#16414=CARTESIAN_POINT('Origin',(530.3,-74.3454575084117,12.0377016032812));
#16415=CARTESIAN_POINT('',(530.,-78.5782535230934,11.9318813813274));
#16416=CARTESIAN_POINT('',(530.,-54.4855668276703,12.5342003791555));
#16417=CARTESIAN_POINT('',(1000.3,-78.5782535230934,11.9318813813274));
#16418=CARTESIAN_POINT('',(1000.,-78.5782535230934,11.9318813813274));
#16419=CARTESIAN_POINT('',(1000.3,-56.6019648350112,12.4812902681786));
#16420=CARTESIAN_POINT('Origin',(530.3,-78.5782535230934,11.9318813813274));
#16421=CARTESIAN_POINT('',(530.,-82.8105885894975,11.7837503460532));
#16422=CARTESIAN_POINT('',(530.,-56.6886442361411,12.6980141270929));
#16423=CARTESIAN_POINT('',(1000.3,-82.8105885894975,11.7837503460532));
#16424=CARTESIAN_POINT('',(1000.,-82.8105885894975,11.7837503460532));
#16425=CARTESIAN_POINT('',(1000.3,-58.8048117693432,12.6239486094558));
#16426=CARTESIAN_POINT('Origin',(530.3,-82.8105885894975,11.7837503460532));
#16427=CARTESIAN_POINT('',(530.,-87.0425530455844,11.5933116397038));
#16428=CARTESIAN_POINT('',(530.,-58.8966937297905,12.8598773428921));
#16429=CARTESIAN_POINT('',(1000.3,-87.0425530455844,11.5933116397038));
#16430=CARTESIAN_POINT('',(1000.,-87.0425530455844,11.5933116397038));
#16431=CARTESIAN_POINT('',(1000.3,-61.0126759578339,12.7646579897174));
#16432=CARTESIAN_POINT('Origin',(530.3,-87.0425530455844,11.5933116397038));
#16433=CARTESIAN_POINT('',(530.,-91.2738996440537,11.3288524712606));
#16434=CARTESIAN_POINT('',(530.,-61.1868046516667,13.2092959512248));
#16435=CARTESIAN_POINT('',(1000.3,-91.2738996440537,11.3288524712606));
#16436=CARTESIAN_POINT('',(1000.,-91.2738996440537,11.3288524712606));
#16437=CARTESIAN_POINT('',(1000.3,-63.3024779509014,13.0770663670032));
#16438=CARTESIAN_POINT('Origin',(530.3,-91.2738996440537,11.3288524712606));
#16439=CARTESIAN_POINT('',(530.,-95.5047619512487,10.9692289891694));
#16440=CARTESIAN_POINT('',(530.,-63.5523236888692,13.6851876460319));
#16441=CARTESIAN_POINT('',(1000.3,-95.5047619512487,10.9692289891694));
#16442=CARTESIAN_POINT('',(1000.,-95.5047619512487,10.9692289891694));
#16443=CARTESIAN_POINT('',(1000.3,-65.6677548424667,13.5053759049863));
#16444=CARTESIAN_POINT('Origin',(530.3,-95.5047619512487,10.9692289891694));
#16445=CARTESIAN_POINT('',(530.,-99.7352754619099,10.493297389955));
#16446=CARTESIAN_POINT('',(530.,-66.0145820637119,14.2868660655261));
#16447=CARTESIAN_POINT('',(1000.3,-99.7352754619099,10.493297389955));
#16448=CARTESIAN_POINT('',(1000.,-99.7352754619099,10.493297389955));
#16449=CARTESIAN_POINT('',(1000.3,-68.1298388190425,14.0489002659189));
#16450=CARTESIAN_POINT('Origin',(530.3,-99.7352754619099,10.493297389955));
#16451=CARTESIAN_POINT('',(530.,-103.965578435041,9.8904774694633));
#16452=CARTESIAN_POINT('',(530.,-68.5620803815408,14.9354905612662));
#16453=CARTESIAN_POINT('',(1000.3,-103.965578435041,9.8904774694633));
#16454=CARTESIAN_POINT('',(1000.,-103.965578435041,9.8904774694633));
#16455=CARTESIAN_POINT('',(1000.3,-70.6772318681061,14.6340806010203));
#16456=CARTESIAN_POINT('Origin',(530.3,-103.965578435041,9.8904774694633));
#16457=CARTESIAN_POINT('',(530.,-108.195923606472,9.15016821120347));
#16458=CARTESIAN_POINT('',(530.,-71.2104191559548,15.6226214642004));
#16459=CARTESIAN_POINT('',(1000.3,-108.195923606472,9.15016821120347));
#16460=CARTESIAN_POINT('',(1000.,-108.195923606472,9.15016821120347));
#16461=CARTESIAN_POINT('',(1000.3,-73.3255917416702,15.2524668350705));
#16462=CARTESIAN_POINT('Origin',(530.3,-108.195923606472,9.15016821120347));
#16463=CARTESIAN_POINT('',(530.,-112.426085593282,8.28298424393142));
#16464=CARTESIAN_POINT('',(530.,-73.8789473071472,16.1851545178307));
#16465=CARTESIAN_POINT('',(1000.3,-112.426085593282,8.28298424393142));
#16466=CARTESIAN_POINT('',(1000.,-112.426085593282,8.28298424393142));
#16467=CARTESIAN_POINT('',(1000.3,-75.9940283005526,15.7515625341946));
#16468=CARTESIAN_POINT('Origin',(530.3,-112.426085593282,8.28298424393142));
#16469=CARTESIAN_POINT('',(530.,-116.655977472348,7.25723610566383));
#16470=CARTESIAN_POINT('',(530.,-76.7675018663253,16.9301853821469));
#16471=CARTESIAN_POINT('',(1000.3,-116.655977472348,7.25723610566383));
#16472=CARTESIAN_POINT('',(1000.,-116.655977472348,7.25723610566383));
#16473=CARTESIAN_POINT('',(1000.3,-78.8824478058582,16.4173113130131));
#16474=CARTESIAN_POINT('Origin',(530.3,-116.655977472348,7.25723610566383));
#16475=CARTESIAN_POINT('',(530.,-120.88552652393,6.07296239901076));
#16476=CARTESIAN_POINT('',(530.,-79.7434326215445,17.5927484213574));
#16477=CARTESIAN_POINT('',(1000.3,-120.88552652393,6.07296239901076));
#16478=CARTESIAN_POINT('',(1000.,-120.88552652393,6.07296239901076));
#16479=CARTESIAN_POINT('',(1000.3,-81.8582071473357,17.0006115680309));
#16480=CARTESIAN_POINT('Origin',(530.3,-120.88552652393,6.07296239901076));
#16481=CARTESIAN_POINT('',(530.,-125.114368463361,4.68801611740476));
#16482=CARTESIAN_POINT('',(530.,-83.0653764570531,18.4590664329573));
#16483=CARTESIAN_POINT('',(1000.3,-125.114368463361,4.68801611740476));
#16484=CARTESIAN_POINT('',(1000.,-125.114368463361,4.68801611740476));
#16485=CARTESIAN_POINT('',(1000.3,-85.1797974267684,17.7665932921543));
#16486=CARTESIAN_POINT('Origin',(530.3,-125.114368463361,4.68801611740476));
#16487=CARTESIAN_POINT('',(530.,-129.342931714027,3.06001919275448));
#16488=CARTESIAN_POINT('',(530.,-86.791864754679,19.4421807081324));
#16489=CARTESIAN_POINT('',(1000.3,-129.342931714027,3.06001919275448));
#16490=CARTESIAN_POINT('',(1000.,-129.342931714027,3.06001919275448));
#16491=CARTESIAN_POINT('',(1000.3,-88.9061463800122,18.6281822458073));
#16492=CARTESIAN_POINT('Origin',(530.3,-129.342931714027,3.06001919275448));
#16493=CARTESIAN_POINT('',(530.,-131.454660254428,2.12029956013948));
#16494=CARTESIAN_POINT('',(530.,-90.7334993371384,20.2412245013659));
#16495=CARTESIAN_POINT('',(1000.3,-131.454660254428,2.12029956013948));
#16496=CARTESIAN_POINT('',(1000.,-131.454660254428,2.12029956013948));
#16497=CARTESIAN_POINT('',(1000.3,-91.7893636073389,19.7713646850584));
#16498=CARTESIAN_POINT('Origin',(530.3,-131.454660254428,2.12029956013948));
#16499=CARTESIAN_POINT('',(530.,-133.565426200679,1.03325530357219));
#16500=CARTESIAN_POINT('',(530.,-94.0318929569621,21.3930210704655));
#16501=CARTESIAN_POINT('',(1000.3,-133.565426200679,1.03325530357219));
#16502=CARTESIAN_POINT('',(1000.,-133.565426200679,1.03325530357219));
#16503=CARTESIAN_POINT('',(1000.3,-95.0872759300873,20.8494989421818));
#16504=CARTESIAN_POINT('Origin',(530.3,-133.565426200679,1.03325530357219));
#16505=CARTESIAN_POINT('',(530.,-135.674529255692,-0.263843181928377));
#16506=CARTESIAN_POINT('',(530.,-98.3807331527237,22.6718433075248));
#16507=CARTESIAN_POINT('',(1000.3,-135.674529255692,-0.263843181928376));
#16508=CARTESIAN_POINT('',(1000.,-135.674529255692,-0.263843181928376));
#16509=CARTESIAN_POINT('',(1000.3,-99.4352846802302,22.0232940647745));
#16510=CARTESIAN_POINT('Origin',(530.3,-135.674529255692,-0.263843181928377));
#16511=CARTESIAN_POINT('',(530.,-137.783175508036,-1.87695738996731));
#16512=CARTESIAN_POINT('',(530.,-104.286877659092,23.7477076844927));
#16513=CARTESIAN_POINT('',(1000.3,-137.783175508036,-1.87695738996731));
#16514=CARTESIAN_POINT('',(1000.,-137.783175508036,-1.87695738996731));
#16515=CARTESIAN_POINT('',(1000.3,-105.341200785264,22.9411505804732));
#16516=CARTESIAN_POINT('Origin',(530.3,-137.783175508036,-1.87695738996731));
#16517=CARTESIAN_POINT('',(530.,-139.471226320422,-3.45950548399042));
#16518=CARTESIAN_POINT('',(530.,-110.453876526888,23.7442678102832));
#16519=CARTESIAN_POINT('',(1000.3,-139.471226320422,-3.45950548399042));
#16520=CARTESIAN_POINT('',(1000.,-139.471226320422,-3.45950548399042));
#16521=CARTESIAN_POINT('',(1000.3,-111.297901933081,22.9529937632717));
#16522=CARTESIAN_POINT('Origin',(530.3,-139.471226320422,-3.45950548399042));
#16523=CARTESIAN_POINT('',(530.,-140.313421464265,-4.3227554232343));
#16524=CARTESIAN_POINT('',(530.,-113.6428027008,23.014626174674));
#16525=CARTESIAN_POINT('',(1000.3,-140.313421464265,-4.3227554232343));
#16526=CARTESIAN_POINT('',(1000.,-140.313421464265,-4.3227554232343));
#16527=CARTESIAN_POINT('',(1000.3,-114.063900272722,22.583001205052));
#16528=CARTESIAN_POINT('Origin',(530.3,-140.313421464265,-4.3227554232343));
#16529=CARTESIAN_POINT('',(530.,-141.153716307723,-5.34161302189083));
#16530=CARTESIAN_POINT('',(530.,-118.463892987998,22.1698004795354));
#16531=CARTESIAN_POINT('',(1000.3,-141.153716307723,-5.34161302189083));
#16532=CARTESIAN_POINT('',(1000.,-141.153716307723,-5.34161302189083));
#16533=CARTESIAN_POINT('',(1000.3,-118.884040409727,21.6603716802071));
#16534=CARTESIAN_POINT('Origin',(530.3,-141.153716307723,-5.34161302189083));
#16535=CARTESIAN_POINT('',(530.,-141.570649930091,-5.98786020187093));
#16536=CARTESIAN_POINT('',(530.,-124.859692633807,19.9141262249995));
#16537=CARTESIAN_POINT('',(1000.3,-141.570649930091,-5.98786020187093));
#16538=CARTESIAN_POINT('',(1000.,-141.570649930091,-5.98786020187093));
#16539=CARTESIAN_POINT('',(1000.3,-125.068159444992,19.5910026350095));
#16540=CARTESIAN_POINT('Origin',(530.3,-141.570649930091,-5.98786020187093));
#16541=CARTESIAN_POINT('',(530.,-141.777270017911,-6.4114314076416));
#16542=CARTESIAN_POINT('',(530.,-130.624073034959,16.452623796865));
#16543=CARTESIAN_POINT('',(1000.3,-141.777270017911,-6.4114314076416));
#16544=CARTESIAN_POINT('',(1000.,-141.777270017911,-6.4114314076416));
#16545=CARTESIAN_POINT('',(1000.3,-130.727383078868,16.2408381939796));
#16546=CARTESIAN_POINT('Origin',(530.3,-141.777270017911,-6.4114314076416));
#16547=CARTESIAN_POINT('',(530.,-141.878990843277,-6.69624978836374));
#16548=CARTESIAN_POINT('',(530.,-135.120525991194,12.2274564281538));
#16549=CARTESIAN_POINT('',(1000.3,-141.878990843277,-6.69624978836374));
#16550=CARTESIAN_POINT('',(1000.,-141.878990843277,-6.69624978836374));
#16551=CARTESIAN_POINT('',(1000.3,-135.171386403878,12.0850472377928));
#16552=CARTESIAN_POINT('Origin',(530.3,-141.878990843277,-6.69624978836374));
#16553=CARTESIAN_POINT('',(530.,-141.980108926274,-7.17150507477047));
#16554=CARTESIAN_POINT('',(530.,-139.150210397252,6.12902630457484));
#16555=CARTESIAN_POINT('',(1000.3,-141.980108926274,-7.17150507477047));
#16556=CARTESIAN_POINT('',(1000.,-141.980108926274,-7.17150507477047));
#16557=CARTESIAN_POINT('',(1000.3,-139.20076943875,5.89139866137148));
#16558=CARTESIAN_POINT('Origin',(530.3,-141.980108926274,-7.17150507477047));
#16559=CARTESIAN_POINT('',(530.,-141.877381776719,-8.12686912984923));
#16560=CARTESIAN_POINT('',(530.,-141.597278413221,-10.731834675488));
#16561=CARTESIAN_POINT('',(1000.3,-141.877381776719,-8.12686912984923));
#16562=CARTESIAN_POINT('',(1000.,-141.877381776719,-8.12686912984923));
#16563=CARTESIAN_POINT('',(1000.3,-141.545914838443,-11.2095167030274));
#16564=CARTESIAN_POINT('Origin',(530.3,-141.877381776719,-8.12686912984923));
#16565=CARTESIAN_POINT('',(530.,-141.778549439408,-8.38383341778125));
#16566=CARTESIAN_POINT('',(530.,-135.835675489168,-23.8353183714376));
#16567=CARTESIAN_POINT('',(1000.3,-141.778549439408,-8.38383341778125));
#16568=CARTESIAN_POINT('',(1000.,-141.778549439408,-8.38383341778125));
#16569=CARTESIAN_POINT('',(1000.3,-135.786259320513,-23.9638005154036));
#16570=CARTESIAN_POINT('Origin',(530.3,-141.778549439408,-8.38383341778125));
#16571=CARTESIAN_POINT('',(530.,-141.573322922799,-8.76350250455198));
#16572=CARTESIAN_POINT('',(530.,-130.78963202809,-28.7133322909923));
#16573=CARTESIAN_POINT('',(1000.3,-141.573322922799,-8.76350250455198));
#16574=CARTESIAN_POINT('',(1000.,-141.573322922799,-8.76350250455198));
#16575=CARTESIAN_POINT('',(1000.3,-130.687018769785,-28.9031668343777));
#16576=CARTESIAN_POINT('Origin',(530.3,-141.573322922799,-8.76350250455198));
#16577=CARTESIAN_POINT('',(530.,-141.15940259481,-9.32229507001556));
#16578=CARTESIAN_POINT('',(530.,-123.986636535229,-32.5055343401326));
#16579=CARTESIAN_POINT('',(1000.3,-141.15940259481,-9.32229507001556));
#16580=CARTESIAN_POINT('',(1000.,-141.15940259481,-9.32229507001556));
#16581=CARTESIAN_POINT('',(1000.3,-123.779676371235,-32.7849306228644));
#16582=CARTESIAN_POINT('Origin',(530.3,-141.15940259481,-9.32229507001556));
#16583=CARTESIAN_POINT('',(530.,-140.325391679712,-10.1146056344883));
#16584=CARTESIAN_POINT('',(530.,-114.688423028747,-34.4697318510778));
#16585=CARTESIAN_POINT('',(1000.3,-140.325391679712,-10.1146056344883));
#16586=CARTESIAN_POINT('',(1000.,-140.325391679712,-10.1146056344883));
#16587=CARTESIAN_POINT('',(1000.3,-114.271417571198,-34.8658871333142));
#16588=CARTESIAN_POINT('Origin',(530.3,-140.325391679712,-10.1146056344883));
#16589=CARTESIAN_POINT('',(530.,-139.494137114582,-10.6653121228237));
#16590=CARTESIAN_POINT('',(530.,-105.145333656142,-33.4214084194628));
#16591=CARTESIAN_POINT('',(1000.3,-139.494137114582,-10.6653121228237));
#16592=CARTESIAN_POINT('',(1000.,-139.494137114582,-10.6653121228237));
#16593=CARTESIAN_POINT('',(1000.3,-104.729706373577,-33.6967616636305));
#16594=CARTESIAN_POINT('Origin',(530.3,-139.494137114582,-10.6653121228237));
#16595=CARTESIAN_POINT('',(530.,-137.817227898059,-11.3570376036061));
#16596=CARTESIAN_POINT('',(530.,-95.9039171187167,-28.6462890218439));
#16597=CARTESIAN_POINT('',(1000.3,-137.817227898059,-11.3570376036061));
#16598=CARTESIAN_POINT('',(1000.,-137.817227898059,-11.3570376036061));
#16599=CARTESIAN_POINT('',(1000.3,-95.0654625104553,-28.9921517622351));
#16600=CARTESIAN_POINT('Origin',(530.3,-137.817227898059,-11.3570376036061));
#16601=CARTESIAN_POINT('',(530.,-135.710470677943,-11.8521256909507));
#16602=CARTESIAN_POINT('',(530.,-89.6884292989672,-22.6673084867908));
#16603=CARTESIAN_POINT('',(1000.3,-135.710470677943,-11.8521256909507));
#16604=CARTESIAN_POINT('',(1000.,-135.710470677943,-11.8521256909507));
#16605=CARTESIAN_POINT('',(1000.3,-88.6350506889093,-22.9148525304631));
#16606=CARTESIAN_POINT('Origin',(530.3,-135.710470677943,-11.8521256909507));
#16607=CARTESIAN_POINT('',(530.,-133.597589028445,-12.2535736741511));
#16608=CARTESIAN_POINT('',(530.,-87.5692793450313,-20.9989627483177));
#16609=CARTESIAN_POINT('',(1000.3,-133.597589028445,-12.2535736741511));
#16610=CARTESIAN_POINT('',(1000.,-133.597589028445,-12.2535736741511));
#16611=CARTESIAN_POINT('',(1000.3,-86.5128385202819,-21.1996867399179));
#16612=CARTESIAN_POINT('Origin',(530.3,-133.597589028445,-12.2535736741511));
#16613=CARTESIAN_POINT('',(530.,-131.484790860043,-12.5810576676793));
#16614=CARTESIAN_POINT('',(530.,-85.795873978343,-19.6628457836356));
#16615=CARTESIAN_POINT('',(1000.3,-131.484790860043,-12.5810576676793));
#16616=CARTESIAN_POINT('',(1000.,-131.484790860043,-12.5810576676793));
#16617=CARTESIAN_POINT('',(1000.3,-84.7394748941423,-19.8265877803997));
#16618=CARTESIAN_POINT('Origin',(530.3,-131.484790860043,-12.5810576676793));
#16619=CARTESIAN_POINT('',(530.,-129.372544037806,-12.8134049264826));
#16620=CARTESIAN_POINT('',(530.,-83.9710012268124,-17.807576964767));
#16621=CARTESIAN_POINT('',(1000.3,-129.372544037806,-12.8134049264826));
#16622=CARTESIAN_POINT('',(1000.,-129.372544037806,-12.8134049264826));
#16623=CARTESIAN_POINT('',(1000.3,-82.9148778156936,-17.9237505941686));
#16624=CARTESIAN_POINT('Origin',(530.3,-129.372544037806,-12.8134049264826));
#16625=CARTESIAN_POINT('',(530.,-125.142304175521,-13.0883712664558));
#16626=CARTESIAN_POINT('',(530.,-82.3259527305817,-15.8714416906138));
#16627=CARTESIAN_POINT('',(1000.3,-125.142304175521,-13.0883712664558));
#16628=CARTESIAN_POINT('',(1000.,-125.142304175521,-13.0883712664558));
#16629=CARTESIAN_POINT('',(1000.3,-80.2108327994394,-16.0089248606004));
#16630=CARTESIAN_POINT('Origin',(530.3,-125.142304175521,-13.0883712664558));
#16631=CARTESIAN_POINT('',(530.,-120.704698018521,-13.2991581044613));
#16632=CARTESIAN_POINT('',(530.,-80.0326513276302,-15.231085322396));
#16633=CARTESIAN_POINT('',(1000.3,-120.704698018521,-13.2991581044613));
#16634=CARTESIAN_POINT('',(1000.,-120.704698018521,-13.2991581044613));
#16635=CARTESIAN_POINT('',(1000.3,-77.8138482491301,-15.3364787413987));
#16636=CARTESIAN_POINT('Origin',(530.3,-120.704698018521,-13.2991581044613));
#16637=CARTESIAN_POINT('',(530.,-117.615528318987,-13.3799871886597));
#16638=CARTESIAN_POINT('',(530.,-77.6344407175164,-14.4261047575888));
#16639=CARTESIAN_POINT('',(1000.3,-117.615528318987,-13.3799871886597));
#16640=CARTESIAN_POINT('',(1000.,-117.615528318987,-13.3799871886597));
#16641=CARTESIAN_POINT('',(1000.3,-76.0898558677496,-14.4665192996881));
#16642=CARTESIAN_POINT('Origin',(530.3,-117.615528318987,-13.3799871886597));
#16643=CARTESIAN_POINT('',(530.,-116.586181350565,-13.4058812030256));
#16644=CARTESIAN_POINT('',(530.,-76.082374524889,-14.4248512508496));
#16645=CARTESIAN_POINT('',(1000.3,-116.586181350565,-13.4058812030256));
#16646=CARTESIAN_POINT('',(1000.,-116.586181350565,-13.4058812030256));
#16647=CARTESIAN_POINT('',(1000.3,-75.5677010611304,-14.4377990710106));
#16648=CARTESIAN_POINT('Origin',(530.3,-116.586181326171,-13.4058795767381));
#16649=CARTESIAN_POINT('',(530.,-112.447642705282,-13.4679584304041));
#16650=CARTESIAN_POINT('',(530.,-75.4970647681721,-14.0222240132002));
#16651=CARTESIAN_POINT('',(1000.3,-112.447642705282,-13.4679584304041));
#16652=CARTESIAN_POINT('',(1000.,-112.447642705282,-13.4679584304041));
#16653=CARTESIAN_POINT('',(1000.3,-73.427795457728,-14.0532634400332));
#16654=CARTESIAN_POINT('Origin',(530.3,-112.447642705282,-13.4679584304041));
#16655=CARTESIAN_POINT('',(530.,-108.215558103601,-13.4679587102584));
#16656=CARTESIAN_POINT('',(530.,-73.3389191888352,-13.4679610165399));
#16657=CARTESIAN_POINT('',(1000.3,-108.215558103601,-13.4679587102584));
#16658=CARTESIAN_POINT('',(1000.,-108.215558103601,-13.4679587102584));
#16659=CARTESIAN_POINT('',(1000.3,-71.2228768879946,-13.4679611564671));
#16660=CARTESIAN_POINT('Origin',(530.3,-108.215558103601,-13.4679587102584));
#16661=CARTESIAN_POINT('',(530.,-103.983225207257,-13.4256356207928));
#16662=CARTESIAN_POINT('',(530.,-71.1731837390203,-13.0975370627541));
#16663=CARTESIAN_POINT('',(1000.3,-103.983225207257,-13.4256356207928));
#16664=CARTESIAN_POINT('',(1000.,-103.983225207257,-13.4256356207928));
#16665=CARTESIAN_POINT('',(1000.3,-69.0570172908485,-13.0763755180213));
#16666=CARTESIAN_POINT('Origin',(530.3,-103.983225207257,-13.4256356207928));
#16667=CARTESIAN_POINT('',(530.,-99.7506395959073,-13.3409835898078));
#16668=CARTESIAN_POINT('',(530.,-69.0143259949975,-12.7262550030232));
#16669=CARTESIAN_POINT('',(1000.3,-99.7506395959073,-13.3409835898078));
#16670=CARTESIAN_POINT('',(1000.,-99.7506395959073,-13.3409835898078));
#16671=CARTESIAN_POINT('',(1000.3,-66.8980331893225,-12.6839289875307));
#16672=CARTESIAN_POINT('Origin',(530.3,-99.7506395959073,-13.3409835898078));
#16673=CARTESIAN_POINT('',(530.,-95.5179323172731,-13.2351660014012));
#16674=CARTESIAN_POINT('',(530.,-66.8790560561839,-12.5191947279041));
#16675=CARTESIAN_POINT('',(1000.3,-95.5179323172731,-13.2351660014012));
#16676=CARTESIAN_POINT('',(1000.,-95.5179323172731,-13.2351660014012));
#16677=CARTESIAN_POINT('',(1000.3,-64.7627024168668,-12.4662859337008));
#16678=CARTESIAN_POINT('Origin',(530.3,-95.5179323172731,-13.2351660014012));
#16679=CARTESIAN_POINT('',(530.,-91.2850958113276,-13.0975985540393));
#16680=CARTESIAN_POINT('',(530.,-64.7368176729079,-12.2347778780631));
#16681=CARTESIAN_POINT('',(1000.3,-91.2850958113276,-13.0975985540393));
#16682=CARTESIAN_POINT('',(1000.,-91.2850958113276,-13.0975985540393));
#16683=CARTESIAN_POINT('',(1000.3,-62.6203994199352,-12.1659941543822));
#16684=CARTESIAN_POINT('Origin',(530.3,-91.2850958113276,-13.0975985540393));
#16685=CARTESIAN_POINT('',(530.,-87.0520121998798,-12.9494404683916));
#16686=CARTESIAN_POINT('',(530.,-62.6123601468456,-12.0940517271253));
#16687=CARTESIAN_POINT('',(1000.3,-87.0520121998798,-12.9494404683916));
#16688=CARTESIAN_POINT('',(1000.,-87.0520121998798,-12.9494404683916));
#16689=CARTESIAN_POINT('',(1000.3,-60.4958183411217,-12.0199726843015));
#16690=CARTESIAN_POINT('Origin',(530.3,-87.0520121998798,-12.9494404683916));
#16691=CARTESIAN_POINT('',(530.,-82.8188020728566,-12.7906944928253));
#16692=CARTESIAN_POINT('',(530.,-60.4879412393972,-11.9532840686147));
#16693=CARTESIAN_POINT('',(1000.3,-82.8188020728566,-12.7906944928253));
#16694=CARTESIAN_POINT('',(1000.,-82.8188020728566,-12.7906944928253));
#16695=CARTESIAN_POINT('',(1000.3,-58.3713361758856,-11.8739110808315));
#16696=CARTESIAN_POINT('Origin',(530.3,-82.8188020728566,-12.7906944928253));
#16697=CARTESIAN_POINT('',(530.,-78.5854687384029,-12.631944163258));
#16698=CARTESIAN_POINT('',(530.,-58.3713363748573,-11.8739126261446));
#16699=CARTESIAN_POINT('',(1000.3,-78.5854687384029,-12.631944163258));
#16700=CARTESIAN_POINT('',(1000.,-78.5854687384029,-12.631944163258));
#16701=CARTESIAN_POINT('',(1000.3,-56.2546697076305,-11.7945374613609));
#16702=CARTESIAN_POINT('Origin',(530.3,-78.5854687384029,-12.631944163258));
#16703=CARTESIAN_POINT('',(530.,-74.3772328043111,-12.4741341933781));
#16704=CARTESIAN_POINT('',(530.,-56.2546690952717,-11.7945332209372));
#16705=CARTESIAN_POINT('',(1000.3,-74.3772328043111,-12.4741341933781));
#16706=CARTESIAN_POINT('',(1000.,-74.3772328043111,-12.4741341933781));
#16707=CARTESIAN_POINT('',(1000.3,-54.1505511282258,-11.7156282359972));
#16708=CARTESIAN_POINT('Origin',(530.3,-74.388438761197,-12.1743435555486));
#16709=CARTESIAN_POINT('',(530.,-74.3771965570023,-12.4741328362856));
#16710=CARTESIAN_POINT('Origin',(530.,-74.388438761197,-12.1743435555486));
#16711=CARTESIAN_POINT('',(1000.3,-74.3771965570023,-12.4741328362856));
#16712=CARTESIAN_POINT('',(1000.,-74.3771965570023,-12.4741328362856));
#16713=CARTESIAN_POINT('Origin',(1000.3,-74.388438761197,-12.1743435555486));
#16714=CARTESIAN_POINT('Origin',(530.3,-74.3771965570023,-12.4741328362856));
#16715=CARTESIAN_POINT('',(530.,-73.4186389105805,-12.4381865850824));
#16716=CARTESIAN_POINT('',(530.,-54.1505327141466,-11.7156257791343));
#16717=CARTESIAN_POINT('',(1000.3,-73.4186389105805,-12.4381865850824));
#16718=CARTESIAN_POINT('',(1000.,-73.4186389105805,-12.4381865850824));
#16719=CARTESIAN_POINT('',(1000.3,-53.6712538909357,-11.6976526535327));
#16720=CARTESIAN_POINT('Origin',(530.3,-73.4186389105805,-12.4381865850824));
#16721=CARTESIAN_POINT('',(530.,-68.2165443780318,-12.2478614655091));
#16722=CARTESIAN_POINT('',(530.,-53.674322821764,-11.7158159787989));
#16723=CARTESIAN_POINT('',(1000.3,-68.2165443780318,-12.2478614655091));
#16724=CARTESIAN_POINT('',(1000.,-68.2165443780318,-12.2478614655091));
#16725=CARTESIAN_POINT('',(1000.3,-51.0732755562862,-11.6206533972396));
#16726=CARTESIAN_POINT('Origin',(530.3,-68.2165443795215,-12.24786142196));
#16727=CARTESIAN_POINT('',(530.,-65.8853464637404,-12.1662685434256));
#16728=CARTESIAN_POINT('',(530.,-51.0788231157306,-11.6480341829399));
#16729=CARTESIAN_POINT('',(1000.3,-65.8853464637404,-12.1662685434256));
#16730=CARTESIAN_POINT('',(1000.,-65.8853464637404,-12.1662685434256));
#16731=CARTESIAN_POINT('',(1000.3,-49.9132241578401,-11.6072377436727));
#16732=CARTESIAN_POINT('Origin',(530.3,-65.8853464637404,-12.1662685434256));
#16733=CARTESIAN_POINT('',(530.,-61.6520080502411,-12.0075157766484));
#16734=CARTESIAN_POINT('',(530.,-49.9044086245272,-11.5669736489802));
#16735=CARTESIAN_POINT('',(1000.3,-61.6520080502411,-12.0075157766484));
#16736=CARTESIAN_POINT('',(1000.,-61.6520080502411,-12.0075157766484));
#16737=CARTESIAN_POINT('',(1000.3,-47.7877394177775,-11.4875972655916));
#16738=CARTESIAN_POINT('Origin',(530.3,-61.6520080502411,-12.0075157766484));
#16739=CARTESIAN_POINT('',(530.,-57.4186804059014,-11.8593461742123));
#16740=CARTESIAN_POINT('',(530.,-47.7967387417911,-11.5225710906817));
#16741=CARTESIAN_POINT('',(1000.3,-57.4186804059014,-11.8593461742123));
#16742=CARTESIAN_POINT('',(1000.,-57.4186804059014,-11.8593461742123));
#16743=CARTESIAN_POINT('',(1000.3,-45.6800749196213,-11.4484862894637));
#16744=CARTESIAN_POINT('Origin',(530.3,-57.4186804059014,-11.8593461742123));
#16745=CARTESIAN_POINT('',(530.,-45.6708758337493,-11.4187911686311));
#16746=CARTESIAN_POINT('',(1000.3,-43.554270148202,-11.3394162331798));
#16747=CARTESIAN_POINT('Origin',(530.,-34.2301949661891,-2.7885));
#16748=CARTESIAN_POINT('Origin',(1000.3,-34.2301949661891,-2.7885));
#16749=CARTESIAN_POINT('Origin',(980.,-34.2301949661891,-2.7885));
#16750=CARTESIAN_POINT('',(980.,14.5370935820905,-8.91501445362346));
#16751=CARTESIAN_POINT('',(980.,14.0764880845943,-8.93228544089258));
#16752=CARTESIAN_POINT('',(980.,-9.92791944751071,-9.83236114373057));
#16753=CARTESIAN_POINT('',(980.,17.825640097442,-8.79169945303261));
#16754=CARTESIAN_POINT('',(980.,-9.69760665257086,-9.82377522675083));
#16755=CARTESIAN_POINT('',(980.,8.98633993084676,-9.11480610067852));
#16756=CARTESIAN_POINT('',(980.,-8.057974244657,-9.73783406795624));
#16757=CARTESIAN_POINT('',(980.,7.9498159954771,-8.11863810470678));
#16758=CARTESIAN_POINT('Origin',(980.,8.94981095567637,-8.11547353897887));
#16759=CARTESIAN_POINT('',(980.,7.91162121252865,3.95070102191847));
#16760=CARTESIAN_POINT('',(980.,7.94117095927302,-5.38685471298544));
#16761=CARTESIAN_POINT('',(980.,9.06874085019392,4.94143852664532));
#16762=CARTESIAN_POINT('Origin',(980.,8.91161580137052,3.95386517179979));
#16763=CARTESIAN_POINT('',(980.,9.07470437899974,4.94047619211346));
#16764=CARTESIAN_POINT('',(980.,-11.4234157322607,8.24825745111202));
#16765=CARTESIAN_POINT('',(980.,10.2524718266278,4.74568401167841));
#16766=CARTESIAN_POINT('',(980.,-11.3790963358486,8.32335151903239));
#16767=CARTESIAN_POINT('',(980.,14.4832278853995,4.02381200427449));
#16768=CARTESIAN_POINT('',(980.,-10.7350946925668,8.32668385266964));
#16769=CARTESIAN_POINT('',(980.,18.7143381064591,3.2815914594191));
#16770=CARTESIAN_POINT('',(980.,-8.5666819631755,8.06722277658781));
#16771=CARTESIAN_POINT('',(980.,22.9448286960698,2.51815949972474));
#16772=CARTESIAN_POINT('',(980.,-6.39260294803087,7.8123759642307));
#16773=CARTESIAN_POINT('',(980.,27.1748217034516,1.72294895540846));
#16774=CARTESIAN_POINT('',(980.,-4.18506373821814,7.61839878907188));
#16775=CARTESIAN_POINT('',(980.,31.4059103979666,0.895673048680985));
#16776=CARTESIAN_POINT('',(980.,-1.97236335224104,7.42189919881998));
#16777=CARTESIAN_POINT('',(980.,35.6366075738479,0.0577907444270953));
#16778=CARTESIAN_POINT('',(980.,0.177553432171728,7.08039547261872));
#16779=CARTESIAN_POINT('',(980.,39.8677023228565,-0.812008215774669));
#16780=CARTESIAN_POINT('',(980.,2.40034023664529,6.89027086736936));
#16781=CARTESIAN_POINT('',(980.,44.0982091087144,-1.6923512605041));
#16782=CARTESIAN_POINT('',(980.,4.55361164491192,6.53664188288459));
#16783=CARTESIAN_POINT('',(980.,48.3286477296425,-2.60450013952013));
#16784=CARTESIAN_POINT('',(980.,6.78679269771762,6.35257497608651));
#16785=CARTESIAN_POINT('',(980.,52.5593690989375,-3.53794595766962));
#16786=CARTESIAN_POINT('',(980.,8.9847790818859,6.07613998147927));
#16787=CARTESIAN_POINT('',(980.,56.790047827615,-4.49261432362396));
#16788=CARTESIAN_POINT('',(980.,11.1867086890314,5.79794850318324));
#16789=CARTESIAN_POINT('',(980.,61.0223285510114,-5.46888122169644));
#16790=CARTESIAN_POINT('',(980.,13.3925357506835,5.51795852547801));
#16791=CARTESIAN_POINT('',(980.,63.1369480725224,-5.95651447960952));
#16792=CARTESIAN_POINT('',(980.,15.5073578559802,5.02691398782502));
#16793=CARTESIAN_POINT('',(980.,65.251210265181,-6.45466651460745));
#16794=CARTESIAN_POINT('',(980.,16.6602873594351,4.99408719814141));
#16795=CARTESIAN_POINT('',(980.,67.3694888500801,-6.96438520829159));
#16796=CARTESIAN_POINT('',(980.,17.8160166237438,4.95960406808833));
#16797=CARTESIAN_POINT('',(980.,67.5863814199802,-7.0154700096357));
#16798=CARTESIAN_POINT('',(980.,18.7737039522174,4.48140114949884));
#16799=CARTESIAN_POINT('',(980.,67.4544063981307,-7.01998746190353));
#16800=CARTESIAN_POINT('',(980.,16.8099299929249,-8.75352765446236));
#16801=CARTESIAN_POINT('',(980.,65.3400728220214,-7.10271016870092));
#16802=CARTESIAN_POINT('',(980.,16.7724646540564,-9.00290418525829));
#16803=CARTESIAN_POINT('',(980.,63.2231258657196,-7.17499311834302));
#16804=CARTESIAN_POINT('',(980.,15.6864829242037,-8.79812720664279));
#16805=CARTESIAN_POINT('',(980.,61.1056325004252,-7.24733836805987));
#16806=CARTESIAN_POINT('',(980.,14.6281229361564,-8.83526638273717));
#16807=CARTESIAN_POINT('',(980.,56.8720437703193,-7.40238112147259));
#16808=CARTESIAN_POINT('',(980.,13.5831007524305,-8.98771152215419));
#16809=CARTESIAN_POINT('',(980.,52.6391625927615,-7.55757528084777));
#16810=CARTESIAN_POINT('',(980.,11.4665421051212,-9.06712633078751));
#16811=CARTESIAN_POINT('',(980.,48.4060249066307,-7.70241366725773));
#16812=CARTESIAN_POINT('',(980.,9.33676541911037,-9.03918296747314));
#16813=CARTESIAN_POINT('',(980.,44.1704319022672,-7.82494054567097));
#16814=CARTESIAN_POINT('',(980.,7.19347727317786,-8.89460678113378));
#16815=CARTESIAN_POINT('',(980.,39.9370939919402,-7.98369169086525));
#16816=CARTESIAN_POINT('',(980.,5.11946839837712,-9.28936065776732));
#16817=CARTESIAN_POINT('',(980.,35.7042590057348,-8.14242372051903));
#16818=CARTESIAN_POINT('',(980.,3.00279911932531,-9.3687340107448));
#16819=CARTESIAN_POINT('',(980.,33.0023854553966,-8.23698959763845));
#16820=CARTESIAN_POINT('',(980.,0.87339406779405,-9.36150789759766));
#16821=CARTESIAN_POINT('',(980.,27.979172800729,-8.42153138237623));
#16822=CARTESIAN_POINT('',(980.,-0.468647278707657,-9.4666417231619));
#16823=CARTESIAN_POINT('',(980.,27.2370940244924,-8.44935929021137));
#16824=CARTESIAN_POINT('',(980.,-2.97636084552142,-9.58236196381938));
#16825=CARTESIAN_POINT('',(980.,23.0042580061233,-8.60808935332696));
#16826=CARTESIAN_POINT('',(980.,-3.34740147109823,-9.59626856789328));
#16827=CARTESIAN_POINT('',(980.,20.8239662892667,-8.6843979322456));
#16828=CARTESIAN_POINT('',(980.,-5.47624072385908,-9.6048855013729));
#16829=CARTESIAN_POINT('',(980.,-6.55785686177258,-9.69034589046547));
#16830=CARTESIAN_POINT('Origin',(530.3,14.0764880845943,-8.93228544089258));
#16831=CARTESIAN_POINT('',(550.3,14.0764880845943,-8.93228544089258));
#16832=CARTESIAN_POINT('',(530.3,14.0764880845943,-8.93228544089258));
#16833=CARTESIAN_POINT('',(550.3,14.5370935820905,-8.91501445362346));
#16834=CARTESIAN_POINT('',(550.3,-9.92791944751071,-9.83236114373057));
#16835=CARTESIAN_POINT('',(530.3,14.5370935820905,-8.91501445362346));
#16836=CARTESIAN_POINT('Origin',(530.3,20.8239662892667,-8.6843979322456));
#16837=CARTESIAN_POINT('',(550.3,20.8239662892667,-8.6843979322456));
#16838=CARTESIAN_POINT('',(530.3,20.8239662892667,-8.6843979322456));
#16839=CARTESIAN_POINT('',(550.3,-6.55785686177258,-9.69034589046547));
#16840=CARTESIAN_POINT('',(530.3,14.0764880845943,-8.93228544089258));
#16841=CARTESIAN_POINT('Origin',(530.3,23.0042580061233,-8.60808935332696));
#16842=CARTESIAN_POINT('',(550.3,23.0042580061233,-8.60808935332696));
#16843=CARTESIAN_POINT('',(530.3,23.0042580061233,-8.60808935332696));
#16844=CARTESIAN_POINT('',(550.3,-5.47624072385908,-9.6048855013729));
#16845=CARTESIAN_POINT('Origin',(530.3,27.2370940244924,-8.44935929021137));
#16846=CARTESIAN_POINT('',(550.3,27.2370940244924,-8.44935929021137));
#16847=CARTESIAN_POINT('',(530.3,27.2370940244924,-8.44935929021137));
#16848=CARTESIAN_POINT('',(550.3,-3.34740147109823,-9.59626856789328));
#16849=CARTESIAN_POINT('Origin',(530.3,27.979172800729,-8.42153138237623));
#16850=CARTESIAN_POINT('',(550.3,27.979172800729,-8.42153138237623));
#16851=CARTESIAN_POINT('',(530.3,27.979172800729,-8.42153138237623));
#16852=CARTESIAN_POINT('',(550.3,-2.97636084552142,-9.58236196381938));
#16853=CARTESIAN_POINT('Origin',(530.3,33.0023854553966,-8.23698959763845));
#16854=CARTESIAN_POINT('',(550.3,33.0023854553966,-8.23698959763845));
#16855=CARTESIAN_POINT('',(530.3,33.0023854553966,-8.23698959763845));
#16856=CARTESIAN_POINT('',(550.3,-0.468647278707657,-9.4666417231619));
#16857=CARTESIAN_POINT('Origin',(530.3,35.7042590057348,-8.14242372051903));
#16858=CARTESIAN_POINT('',(550.3,35.7042590057348,-8.14242372051903));
#16859=CARTESIAN_POINT('',(530.3,35.7042590057348,-8.14242372051903));
#16860=CARTESIAN_POINT('',(550.3,0.87339406779405,-9.36150789759766));
#16861=CARTESIAN_POINT('Origin',(530.3,39.9370939919402,-7.98369169086525));
#16862=CARTESIAN_POINT('',(550.3,39.9370939919402,-7.98369169086525));
#16863=CARTESIAN_POINT('',(530.3,39.9370939919402,-7.98369169086525));
#16864=CARTESIAN_POINT('',(550.3,3.00279911932531,-9.3687340107448));
#16865=CARTESIAN_POINT('Origin',(530.3,44.1704319022672,-7.82494054567097));
#16866=CARTESIAN_POINT('',(550.3,44.1704319022672,-7.82494054567097));
#16867=CARTESIAN_POINT('',(530.3,44.1704319022672,-7.82494054567097));
#16868=CARTESIAN_POINT('',(550.3,5.11946839837712,-9.28936065776732));
#16869=CARTESIAN_POINT('Origin',(530.3,48.4060249066307,-7.70241366725773));
#16870=CARTESIAN_POINT('',(550.3,48.4060249066307,-7.70241366725773));
#16871=CARTESIAN_POINT('',(530.3,48.4060249066307,-7.70241366725773));
#16872=CARTESIAN_POINT('',(550.3,7.19347727317786,-8.89460678113378));
#16873=CARTESIAN_POINT('Origin',(530.3,52.6391625927615,-7.55757528084777));
#16874=CARTESIAN_POINT('',(550.3,52.6391625927615,-7.55757528084777));
#16875=CARTESIAN_POINT('',(530.3,52.6391625927615,-7.55757528084777));
#16876=CARTESIAN_POINT('',(550.3,9.33676541911037,-9.03918296747314));
#16877=CARTESIAN_POINT('Origin',(530.3,56.8720437703193,-7.40238112147259));
#16878=CARTESIAN_POINT('',(550.3,56.8720437703193,-7.40238112147259));
#16879=CARTESIAN_POINT('',(530.3,56.8720437703193,-7.40238112147259));
#16880=CARTESIAN_POINT('',(550.3,11.4665421051212,-9.06712633078751));
#16881=CARTESIAN_POINT('Origin',(530.3,61.1056325004252,-7.24733836805987));
#16882=CARTESIAN_POINT('',(550.3,61.1056325004252,-7.24733836805987));
#16883=CARTESIAN_POINT('',(530.3,61.1056325004252,-7.24733836805987));
#16884=CARTESIAN_POINT('',(550.3,13.5831007524305,-8.98771152215419));
#16885=CARTESIAN_POINT('Origin',(530.3,63.2231258657196,-7.17499311834302));
#16886=CARTESIAN_POINT('',(550.3,63.2231258657196,-7.17499311834302));
#16887=CARTESIAN_POINT('',(530.3,63.2231258657196,-7.17499311834302));
#16888=CARTESIAN_POINT('',(550.3,14.6281229361564,-8.83526638273717));
#16889=CARTESIAN_POINT('Origin',(530.3,65.3400728220214,-7.10271016870092));
#16890=CARTESIAN_POINT('',(550.3,65.3400728220214,-7.10271016870092));
#16891=CARTESIAN_POINT('',(530.3,65.3400728220214,-7.10271016870092));
#16892=CARTESIAN_POINT('',(550.3,15.6864829242037,-8.79812720664279));
#16893=CARTESIAN_POINT('Origin',(530.3,67.4544063981307,-7.01998746190353));
#16894=CARTESIAN_POINT('',(550.3,67.4544063981307,-7.01998746190353));
#16895=CARTESIAN_POINT('',(530.3,67.4544063981307,-7.01998746190353));
#16896=CARTESIAN_POINT('',(550.3,16.7724646540564,-9.00290418525829));
#16897=CARTESIAN_POINT('Origin',(530.3,67.5863814199802,-7.0154700096357));
#16898=CARTESIAN_POINT('',(550.3,67.5863814199802,-7.0154700096357));
#16899=CARTESIAN_POINT('',(530.3,67.5863814199802,-7.0154700096357));
#16900=CARTESIAN_POINT('',(550.3,16.8099299929249,-8.75352765446236));
#16901=CARTESIAN_POINT('Origin',(530.3,67.3694888500801,-6.96438520829159));
#16902=CARTESIAN_POINT('',(550.3,67.3694888500801,-6.96438520829159));
#16903=CARTESIAN_POINT('',(530.3,67.3694888500801,-6.96438520829159));
#16904=CARTESIAN_POINT('',(550.3,18.7737039522174,4.48140114949884));
#16905=CARTESIAN_POINT('Origin',(530.3,65.251210265181,-6.45466651460745));
#16906=CARTESIAN_POINT('',(550.3,65.251210265181,-6.45466651460745));
#16907=CARTESIAN_POINT('',(530.3,65.251210265181,-6.45466651460745));
#16908=CARTESIAN_POINT('',(550.3,17.8160166237438,4.95960406808833));
#16909=CARTESIAN_POINT('Origin',(530.3,63.1369480725224,-5.95651447960952));
#16910=CARTESIAN_POINT('',(550.3,63.1369480725224,-5.95651447960952));
#16911=CARTESIAN_POINT('',(530.3,63.1369480725224,-5.95651447960952));
#16912=CARTESIAN_POINT('',(550.3,16.6602873594351,4.99408719814141));
#16913=CARTESIAN_POINT('Origin',(550.3,-34.2301949661891,-2.7885));
#16914=CARTESIAN_POINT('',(550.3,61.0223285510114,-5.46888122169644));
#16915=CARTESIAN_POINT('',(550.3,15.5073578559802,5.02691398782502));
#16916=CARTESIAN_POINT('',(550.3,56.790047827615,-4.49261432362396));
#16917=CARTESIAN_POINT('',(550.3,13.3925357506835,5.51795852547801));
#16918=CARTESIAN_POINT('',(550.3,52.5593690989375,-3.53794595766963));
#16919=CARTESIAN_POINT('',(550.3,11.1867086890314,5.79794850318324));
#16920=CARTESIAN_POINT('',(550.3,48.3286477296425,-2.60450013952013));
#16921=CARTESIAN_POINT('',(550.3,8.9847790818859,6.07613998147927));
#16922=CARTESIAN_POINT('',(550.3,44.0982091087144,-1.6923512605041));
#16923=CARTESIAN_POINT('',(550.3,6.78679269771762,6.35257497608651));
#16924=CARTESIAN_POINT('',(550.3,39.8677023228565,-0.812008215774668));
#16925=CARTESIAN_POINT('',(550.3,4.55361164491192,6.53664188288459));
#16926=CARTESIAN_POINT('',(550.3,35.6366075738479,0.0577907444270964));
#16927=CARTESIAN_POINT('',(550.3,2.40034023664529,6.89027086736936));
#16928=CARTESIAN_POINT('',(550.3,31.4059103979666,0.895673048680984));
#16929=CARTESIAN_POINT('',(550.3,0.177553432171728,7.08039547261872));
#16930=CARTESIAN_POINT('',(550.3,27.1748217034516,1.72294895540846));
#16931=CARTESIAN_POINT('',(550.3,-1.97236335224104,7.42189919881998));
#16932=CARTESIAN_POINT('',(550.3,22.9448286960698,2.51815949972474));
#16933=CARTESIAN_POINT('',(550.3,-4.18506373821814,7.61839878907188));
#16934=CARTESIAN_POINT('',(550.3,18.7143381064591,3.2815914594191));
#16935=CARTESIAN_POINT('',(550.3,-6.39260294803087,7.8123759642307));
#16936=CARTESIAN_POINT('',(550.3,14.4832278853995,4.02381200427449));
#16937=CARTESIAN_POINT('',(550.3,-8.5666819631755,8.06722277658781));
#16938=CARTESIAN_POINT('',(550.3,10.2524718266278,4.74568401167841));
#16939=CARTESIAN_POINT('',(550.3,-10.7350946925668,8.32668385266964));
#16940=CARTESIAN_POINT('',(550.3,9.07470437899974,4.94047619211346));
#16941=CARTESIAN_POINT('',(550.3,-11.3790963358486,8.32335151903239));
#16942=CARTESIAN_POINT('',(550.3,9.06874085019392,4.94143852664532));
#16943=CARTESIAN_POINT('',(550.3,-11.4234157322607,8.24825745111202));
#16944=CARTESIAN_POINT('',(550.3,7.91162121252865,3.95070102191847));
#16945=CARTESIAN_POINT('Origin',(550.3,8.91161580137052,3.95386517179979));
#16946=CARTESIAN_POINT('',(550.3,7.9498159954771,-8.11863810470678));
#16947=CARTESIAN_POINT('',(550.3,7.94117095927302,-5.38685471298544));
#16948=CARTESIAN_POINT('',(550.3,8.98633993084676,-9.11480610067852));
#16949=CARTESIAN_POINT('Origin',(550.3,8.94981095567637,-8.11547353897887));
#16950=CARTESIAN_POINT('',(550.3,17.825640097442,-8.79169945303261));
#16951=CARTESIAN_POINT('',(550.3,-8.057974244657,-9.73783406795624));
#16952=CARTESIAN_POINT('',(550.3,-9.69760665257086,-9.82377522675083));
#16953=CARTESIAN_POINT('Origin',(530.3,61.0223285510114,-5.46888122169644));
#16954=CARTESIAN_POINT('',(530.3,61.0223285510114,-5.46888122169644));
#16955=CARTESIAN_POINT('Origin',(1000.,-34.2301949661891,-2.7885));
#16956=CARTESIAN_POINT('',(1000.,10.30708118105,-9.07362413310785));
#16957=CARTESIAN_POINT('',(1000.,14.0764880845943,-8.93228544089258));
#16958=CARTESIAN_POINT('',(1000.,-50.141362370868,-11.3402151848839));
#16959=CARTESIAN_POINT('',(1000.,2.6562463161526,-9.35184000546576));
#16960=CARTESIAN_POINT('',(1000.,-52.0349708746522,-11.3406379562447));
#16961=CARTESIAN_POINT('',(1000.,-55.8575189985845,-11.5015070463132));
#16962=CARTESIAN_POINT('Origin',(530.3,-34.2301949661891,-2.7885));
#16963=CARTESIAN_POINT('',(530.3,10.30708118105,-9.07362413310785));
#16964=CARTESIAN_POINT('',(530.3,14.0764880845943,-8.93228544089258));
#16965=CARTESIAN_POINT('',(530.3,10.30708118105,-9.07362413310785));
#16966=CARTESIAN_POINT('',(530.3,2.6562463161526,-9.35184000546576));
#16967=CARTESIAN_POINT('',(530.3,-14.7184220107402,-9.99014710546282));
#16968=CARTESIAN_POINT('',(530.3,2.6562463161526,-9.35184000546576));
#16969=CARTESIAN_POINT('Origin',(530.3,56.790047827615,-4.49261432362396));
#16970=CARTESIAN_POINT('',(530.3,56.790047827615,-4.49261432362396));
#16971=CARTESIAN_POINT('Origin',(530.3,52.5593690989375,-3.53794595766962));
#16972=CARTESIAN_POINT('',(530.3,52.5593690989375,-3.53794595766962));
#16973=CARTESIAN_POINT('Origin',(530.3,48.3286477296425,-2.60450013952013));
#16974=CARTESIAN_POINT('',(530.3,48.3286477296425,-2.60450013952013));
#16975=CARTESIAN_POINT('Origin',(530.3,44.0982091087144,-1.6923512605041));
#16976=CARTESIAN_POINT('',(530.3,44.0982091087144,-1.6923512605041));
#16977=CARTESIAN_POINT('Origin',(530.3,39.8677023228565,-0.812008215774668));
#16978=CARTESIAN_POINT('',(530.3,39.8677023228565,-0.812008215774668));
#16979=CARTESIAN_POINT('Origin',(530.3,35.6366075738479,0.057790744427096));
#16980=CARTESIAN_POINT('',(530.3,35.6366075738479,0.057790744427096));
#16981=CARTESIAN_POINT('Origin',(530.3,31.4059103979666,0.895673048680984));
#16982=CARTESIAN_POINT('',(530.3,31.4059103979666,0.895673048680984));
#16983=CARTESIAN_POINT('Origin',(530.3,27.1748217034516,1.72294895540846));
#16984=CARTESIAN_POINT('',(530.3,27.1748217034516,1.72294895540846));
#16985=CARTESIAN_POINT('Origin',(530.3,14.0764880845943,-8.93228544089258));
#16986=CARTESIAN_POINT('',(530.3,14.0764880845943,-8.93228544089258));
#16987=CARTESIAN_POINT('',(530.3,14.0764880845943,-8.93228544089258));
#16988=CARTESIAN_POINT('',(530.3,10.30708118105,-9.07362413310785));
#16989=CARTESIAN_POINT('Origin',(530.3,22.9448286960698,2.51815949972474));
#16990=CARTESIAN_POINT('',(530.3,22.9448286960698,2.51815949972474));
#16991=CARTESIAN_POINT('Origin',(530.3,18.7143381064591,3.2815914594191));
#16992=CARTESIAN_POINT('',(530.3,18.7143381064591,3.2815914594191));
#16993=CARTESIAN_POINT('Origin',(530.3,14.4832278853995,4.02381200427449));
#16994=CARTESIAN_POINT('',(530.3,14.4832278853995,4.02381200427449));
#16995=CARTESIAN_POINT('Origin',(530.3,10.2524718266278,4.74568401167841));
#16996=CARTESIAN_POINT('',(530.3,10.2524718266278,4.74568401167841));
#16997=CARTESIAN_POINT('Origin',(530.3,9.07470437899974,4.94047619211346));
#16998=CARTESIAN_POINT('',(530.3,9.07470437899974,4.94047619211346));
#16999=CARTESIAN_POINT('Origin',(530.3,9.06874085019392,4.94143852664532));
#17000=CARTESIAN_POINT('',(530.3,9.06874085019392,4.94143852664532));
#17001=CARTESIAN_POINT('Origin',(530.3,8.91161580137052,3.95386517179979));
#17002=CARTESIAN_POINT('',(530.3,7.91162121252865,3.95070102191847));
#17003=CARTESIAN_POINT('Origin',(530.3,7.9498159954771,-8.11863810470678));
#17004=CARTESIAN_POINT('',(530.3,7.9498159954771,-8.11863810470678));
#17005=CARTESIAN_POINT('Origin',(530.3,8.94981095567637,-8.11547353897887));
#17006=CARTESIAN_POINT('',(530.3,8.98633993084676,-9.11480610067852));
#17007=CARTESIAN_POINT('Origin',(530.3,17.825640097442,-8.79169945303261));
#17008=CARTESIAN_POINT('',(530.3,17.825640097442,-8.79169945303261));
#17009=CARTESIAN_POINT('Origin',(530.3,14.5370935820905,-8.91501445362346));
#17010=CARTESIAN_POINT('Origin',(530.3,2.65624631615258,-9.35184000546529));
#17011=CARTESIAN_POINT('',(530.3,2.6562463161526,-9.35184000546576));
#17012=CARTESIAN_POINT('Origin',(530.3,10.30708118105,-9.07362413310785));
#17013=CARTESIAN_POINT('Origin',(980.,-34.2301949661891,-2.7885));
#17014=CARTESIAN_POINT('',(980.,-112.709839841594,-12.1529600777819));
#17015=CARTESIAN_POINT('',(980.,-111.709952390069,-13.1679584791852));
#17016=CARTESIAN_POINT('Origin',(980.,-111.709952323943,-12.1679584791852));
#17017=CARTESIAN_POINT('',(980.,-112.580648408504,-3.54030530474896));
#17018=CARTESIAN_POINT('',(980.,-112.630794120348,-6.88331106085926));
#17019=CARTESIAN_POINT('',(980.,-112.580159219371,7.1293641204772));
#17020=CARTESIAN_POINT('',(980.,-112.580631091553,-3.16260652486819));
#17021=CARTESIAN_POINT('',(980.,-111.780983008485,8.10899150153894));
#17022=CARTESIAN_POINT('Origin',(980.,-111.580159219371,7.12936412047719));
#17023=CARTESIAN_POINT('',(980.,-108.139931293471,8.85540775725509));
#17024=CARTESIAN_POINT('',(980.,-75.6413534397867,15.5176220558392));
#17025=CARTESIAN_POINT('',(980.,-103.918548324335,9.5941486325428));
#17026=CARTESIAN_POINT('',(980.,-73.2717385742696,14.957332031222));
#17027=CARTESIAN_POINT('',(980.,-99.6973367354511,10.1956730270252));
#17028=CARTESIAN_POINT('',(980.,-70.6325555254614,14.3374163511792));
#17029=CARTESIAN_POINT('',(980.,-95.4752831156909,10.6706528908544));
#17030=CARTESIAN_POINT('',(980.,-68.0941002805875,13.7510283824475));
#17031=CARTESIAN_POINT('',(980.,-91.2518359437037,11.0296460861269));
#17032=CARTESIAN_POINT('',(980.,-65.6403112294489,13.206626812666));
#17033=CARTESIAN_POINT('',(980.,-87.0264518901041,11.2937325955074));
#17034=CARTESIAN_POINT('',(980.,-63.2820893575903,12.7777552876772));
#17035=CARTESIAN_POINT('',(980.,-82.7985983410532,11.483986310743));
#17036=CARTESIAN_POINT('',(980.,-60.9978821932996,12.4650201128339));
#17037=CARTESIAN_POINT('',(980.,-78.5692576957146,11.6320125417696));
#17038=CARTESIAN_POINT('',(980.,-58.7935698822769,12.3241583816197));
#17039=CARTESIAN_POINT('',(980.,-74.3440332816167,11.7376434731334));
#17040=CARTESIAN_POINT('',(980.,-56.5937180812622,12.1814027017231));
#17041=CARTESIAN_POINT('',(980.,-73.3384639233504,10.7645140655854));
#17042=CARTESIAN_POINT('Origin',(980.,-74.3381030727105,10.7376613071981));
#17043=CARTESIAN_POINT('',(980.,-73.4259207173337,-11.1790314575907));
#17044=CARTESIAN_POINT('',(980.,-73.3651609054252,4.0660471444585));
#17045=CARTESIAN_POINT('',(980.,-74.388438761197,-12.1743435555486));
#17046=CARTESIAN_POINT('Origin',(980.,-74.425912775179,-11.1750459530917));
#17047=CARTESIAN_POINT('',(980.,-78.5967108598826,-12.3321548794191));
#17048=CARTESIAN_POINT('',(980.,-54.1617751957194,-11.415838275129));
#17049=CARTESIAN_POINT('',(980.,-82.8300442131679,-12.4909052096926));
#17050=CARTESIAN_POINT('',(980.,-56.2659118291102,-11.494748177522));
#17051=CARTESIAN_POINT('',(980.,-87.0628800799328,-12.6496371504466));
#17052=CARTESIAN_POINT('',(980.,-58.3825783161969,-11.5741217976988));
#17053=CARTESIAN_POINT('',(980.,-91.2952150567217,-12.797769033853));
#17054=CARTESIAN_POINT('',(980.,-60.5064990741071,-11.720162816202));
#17055=CARTESIAN_POINT('',(980.,-95.5265537003334,-12.9352878005967));
#17056=CARTESIAN_POINT('',(980.,-62.6303314792922,-11.8661585506381));
#17057=CARTESIAN_POINT('',(980.,-99.7573878748712,-13.0410585614423));
#17058=CARTESIAN_POINT('',(980.,-64.7707619337585,-12.1663936862546));
#17059=CARTESIAN_POINT('',(980.,-103.987724647681,-13.1256656154872));
#17060=CARTESIAN_POINT('',(980.,-66.9044067402742,-12.3839964645767));
#17061=CARTESIAN_POINT('',(980.,-108.217058047696,-13.1679587101592));
#17062=CARTESIAN_POINT('',(980.,-69.0607669275792,-12.7763980147211));
#17063=CARTESIAN_POINT('',(980.,-71.2236268501233,-13.1679611564175));
#17064=CARTESIAN_POINT('Origin',(530.3,-74.3381030727105,10.7376613071981));
#17065=CARTESIAN_POINT('',(550.3,-74.3440332816167,11.7376434731334));
#17066=CARTESIAN_POINT('',(530.3,-74.3440332816167,11.7376434731334));
#17067=CARTESIAN_POINT('',(550.3,-73.3384639233504,10.7645140655854));
#17068=CARTESIAN_POINT('Origin',(550.3,-74.3381030727105,10.7376613071981));
#17069=CARTESIAN_POINT('',(530.3,-73.3384639233504,10.7645140655854));
#17070=CARTESIAN_POINT('Origin',(530.3,-78.5692576957146,11.6320125417696));
#17071=CARTESIAN_POINT('',(550.3,-78.5692576957146,11.6320125417696));
#17072=CARTESIAN_POINT('',(530.3,-78.5692576957146,11.6320125417696));
#17073=CARTESIAN_POINT('',(550.3,-56.5937180812622,12.1814027017231));
#17074=CARTESIAN_POINT('',(530.3,-74.3440332816167,11.7376434731334));
#17075=CARTESIAN_POINT('Origin',(530.3,-82.7985983410532,11.483986310743));
#17076=CARTESIAN_POINT('',(550.3,-82.7985983410532,11.483986310743));
#17077=CARTESIAN_POINT('',(530.3,-82.7985983410532,11.483986310743));
#17078=CARTESIAN_POINT('',(550.3,-58.7935698822769,12.3241583816197));
#17079=CARTESIAN_POINT('Origin',(530.3,-87.0264518901041,11.2937325955074));
#17080=CARTESIAN_POINT('',(550.3,-87.0264518901041,11.2937325955074));
#17081=CARTESIAN_POINT('',(530.3,-87.0264518901041,11.2937325955074));
#17082=CARTESIAN_POINT('',(550.3,-60.9978821932996,12.4650201128339));
#17083=CARTESIAN_POINT('Origin',(530.3,-91.2518359437037,11.0296460861269));
#17084=CARTESIAN_POINT('',(550.3,-91.2518359437037,11.0296460861269));
#17085=CARTESIAN_POINT('',(530.3,-91.2518359437037,11.0296460861269));
#17086=CARTESIAN_POINT('',(550.3,-63.2820893575903,12.7777552876772));
#17087=CARTESIAN_POINT('Origin',(530.3,-95.4752831156909,10.6706528908544));
#17088=CARTESIAN_POINT('',(550.3,-95.4752831156909,10.6706528908544));
#17089=CARTESIAN_POINT('',(530.3,-95.4752831156909,10.6706528908544));
#17090=CARTESIAN_POINT('',(550.3,-65.6403112294489,13.206626812666));
#17091=CARTESIAN_POINT('Origin',(530.3,-99.6973367354511,10.1956730270252));
#17092=CARTESIAN_POINT('',(550.3,-99.6973367354511,10.1956730270252));
#17093=CARTESIAN_POINT('',(530.3,-99.6973367354511,10.1956730270252));
#17094=CARTESIAN_POINT('',(550.3,-68.0941002805875,13.7510283824475));
#17095=CARTESIAN_POINT('Origin',(530.3,-103.918548324335,9.5941486325428));
#17096=CARTESIAN_POINT('',(550.3,-103.918548324335,9.5941486325428));
#17097=CARTESIAN_POINT('',(530.3,-103.918548324335,9.5941486325428));
#17098=CARTESIAN_POINT('',(550.3,-70.6325555254614,14.3374163511792));
#17099=CARTESIAN_POINT('Origin',(530.3,-108.139931293471,8.85540775725509));
#17100=CARTESIAN_POINT('',(550.3,-108.139931293471,8.85540775725509));
#17101=CARTESIAN_POINT('',(530.3,-108.139931293471,8.85540775725509));
#17102=CARTESIAN_POINT('',(550.3,-73.2717385742696,14.957332031222));
#17103=CARTESIAN_POINT('Origin',(530.3,-111.780983008485,8.10899150153894));
#17104=CARTESIAN_POINT('',(550.3,-111.780983008485,8.10899150153894));
#17105=CARTESIAN_POINT('',(530.3,-111.780983008485,8.10899150153894));
#17106=CARTESIAN_POINT('',(550.3,-75.6413534397867,15.5176220558392));
#17107=CARTESIAN_POINT('Origin',(530.3,-111.580159219371,7.12936412047719));
#17108=CARTESIAN_POINT('',(550.3,-112.580159219371,7.1293641204772));
#17109=CARTESIAN_POINT('',(530.3,-112.580159219371,7.1293641204772));
#17110=CARTESIAN_POINT('Origin',(550.3,-111.580159219371,7.12936412047719));
#17111=CARTESIAN_POINT('Origin',(530.3,-112.580648408504,-3.54030530474896));
#17112=CARTESIAN_POINT('',(550.3,-112.580648408504,-3.54030530474896));
#17113=CARTESIAN_POINT('',(530.3,-112.580648408504,-3.54030530474896));
#17114=CARTESIAN_POINT('',(550.3,-112.580631091553,-3.16260652486819));
#17115=CARTESIAN_POINT('Origin',(530.3,-112.709839841594,-12.1529600777819));
#17116=CARTESIAN_POINT('',(550.3,-112.709839841594,-12.1529600777819));
#17117=CARTESIAN_POINT('',(530.3,-112.709839841594,-12.1529600777819));
#17118=CARTESIAN_POINT('',(550.3,-112.630794120348,-6.88331106085926));
#17119=CARTESIAN_POINT('Origin',(550.3,-34.2301949661891,-2.7885));
#17120=CARTESIAN_POINT('',(550.3,-111.709952390069,-13.1679584791852));
#17121=CARTESIAN_POINT('Origin',(550.3,-111.709952323943,-12.1679584791852));
#17122=CARTESIAN_POINT('',(550.3,-108.217058047696,-13.1679587101592));
#17123=CARTESIAN_POINT('',(550.3,-71.2236268501233,-13.1679611564175));
#17124=CARTESIAN_POINT('',(550.3,-103.987724647681,-13.1256656154872));
#17125=CARTESIAN_POINT('',(550.3,-69.0607669275792,-12.7763980147211));
#17126=CARTESIAN_POINT('',(550.3,-99.7573878748712,-13.0410585614423));
#17127=CARTESIAN_POINT('',(550.3,-66.9044067402742,-12.3839964645767));
#17128=CARTESIAN_POINT('',(550.3,-95.5265537003334,-12.9352878005967));
#17129=CARTESIAN_POINT('',(550.3,-64.7707619337585,-12.1663936862546));
#17130=CARTESIAN_POINT('',(550.3,-91.2952150567217,-12.797769033853));
#17131=CARTESIAN_POINT('',(550.3,-62.6303314792922,-11.8661585506381));
#17132=CARTESIAN_POINT('',(550.3,-87.0628800799328,-12.6496371504466));
#17133=CARTESIAN_POINT('',(550.3,-60.5064990741071,-11.720162816202));
#17134=CARTESIAN_POINT('',(550.3,-82.8300442131679,-12.4909052096926));
#17135=CARTESIAN_POINT('',(550.3,-58.3825783161969,-11.5741217976988));
#17136=CARTESIAN_POINT('',(550.3,-78.5967108598826,-12.3321548794191));
#17137=CARTESIAN_POINT('',(550.3,-56.2659118291102,-11.494748177522));
#17138=CARTESIAN_POINT('',(550.3,-74.388438761197,-12.1743435555486));
#17139=CARTESIAN_POINT('',(550.3,-54.1617751957194,-11.415838275129));
#17140=CARTESIAN_POINT('',(550.3,-73.4259207173337,-11.1790314575907));
#17141=CARTESIAN_POINT('Origin',(550.3,-74.425912775179,-11.1750459530917));
#17142=CARTESIAN_POINT('',(550.3,-73.3651609054252,4.0660471444585));
#17143=CARTESIAN_POINT('Origin',(530.3,-73.3384639233504,10.7645140655854));
#17144=CARTESIAN_POINT('',(530.3,-73.4259207173337,-11.1790314575907));
#17145=CARTESIAN_POINT('Origin',(530.3,-74.425912775179,-11.1750459530917));
#17146=CARTESIAN_POINT('',(530.3,-74.388438761197,-12.1743435555486));
#17147=CARTESIAN_POINT('Origin',(530.3,-74.388438761279,-12.1743435533604));
#17148=CARTESIAN_POINT('',(530.3,-78.5967108598826,-12.3321548794191));
#17149=CARTESIAN_POINT('Origin',(530.3,-78.5967108598826,-12.3321548794191));
#17150=CARTESIAN_POINT('',(530.3,-82.8300442131679,-12.4909052096926));
#17151=CARTESIAN_POINT('Origin',(530.3,-82.8300442131679,-12.4909052096926));
#17152=CARTESIAN_POINT('',(530.3,-87.0628800799328,-12.6496371504466));
#17153=CARTESIAN_POINT('Origin',(530.3,-87.0628800799328,-12.6496371504466));
#17154=CARTESIAN_POINT('',(530.3,-91.2952150567217,-12.797769033853));
#17155=CARTESIAN_POINT('Origin',(530.3,-91.2952150567217,-12.797769033853));
#17156=CARTESIAN_POINT('',(530.3,-95.5265537003334,-12.9352878005967));
#17157=CARTESIAN_POINT('Origin',(530.3,-95.5265537003334,-12.9352878005967));
#17158=CARTESIAN_POINT('',(530.3,-99.7573878748712,-13.0410585614423));
#17159=CARTESIAN_POINT('Origin',(530.3,-99.7573878748712,-13.0410585614423));
#17160=CARTESIAN_POINT('',(530.3,-103.987724647681,-13.1256656154872));
#17161=CARTESIAN_POINT('Origin',(530.3,-103.987724647681,-13.1256656154872));
#17162=CARTESIAN_POINT('',(530.3,-108.217058047696,-13.1679587101592));
#17163=CARTESIAN_POINT('Origin',(530.3,-108.217058047696,-13.1679587101592));
#17164=CARTESIAN_POINT('',(530.3,-111.709952390069,-13.1679584791852));
#17165=CARTESIAN_POINT('Origin',(530.3,-74.3531014614759,11.7375485747942));
#17166=CARTESIAN_POINT('',(1000.,-74.3399210924705,11.7377462781746));
#17167=CARTESIAN_POINT('',(1000.,-74.3531014614759,11.7375485747942));
#17168=CARTESIAN_POINT('',(1000.,-94.6689167285318,11.4328146669262));
#17169=CARTESIAN_POINT('',(530.3,-74.3531014614759,11.7375485747942));
#17170=CARTESIAN_POINT('',(530.3,-74.3531014614759,11.7375485747942));
#17171=CARTESIAN_POINT('',(530.3,-74.3399210924705,11.7377462781746));
#17172=CARTESIAN_POINT('',(530.3,-74.3531014614759,11.7375485747942));
#17173=CARTESIAN_POINT('',(530.3,-74.3399210924705,11.7377462781746));
#17174=CARTESIAN_POINT('Origin',(530.3,-74.3399210924705,11.7377462781746));
#17175=CARTESIAN_POINT('',(1000.,-74.3440332816167,11.7376434731334));
#17176=CARTESIAN_POINT('',(1000.,-94.7254957809524,11.228105362168));
#17177=CARTESIAN_POINT('',(530.3,-74.3440332816167,11.7376434731334));
#17178=CARTESIAN_POINT('',(530.3,-74.3399210924705,11.7377462781746));
#17179=CARTESIAN_POINT('',(530.3,-74.3440332816167,11.7376434731334));
#17180=CARTESIAN_POINT('',(530.3,-74.3440332816167,11.7376434731334));
#17181=CARTESIAN_POINT('Origin',(530.3,-74.3381030727105,10.7376613071981));
#17182=CARTESIAN_POINT('Origin',(1000.,-74.3381030727105,10.7376613071981));
#17183=CARTESIAN_POINT('Origin',(530.3,-74.3381030727105,10.7376613071981));
#17184=CARTESIAN_POINT('Origin',(530.3,-111.709952323943,-12.1679584791852));
#17185=CARTESIAN_POINT('Origin',(530.3,-34.2301949661891,-2.7885));
#17186=CARTESIAN_POINT('Origin',(1000.,-34.2301949661891,-2.7885));
#17187=CARTESIAN_POINT('Origin',(980.,-34.2301949661891,-2.7885));
#17188=CARTESIAN_POINT('',(980.,-141.505467989479,-8.25814187619291));
#17189=CARTESIAN_POINT('',(980.,-141.319556318498,-8.60207849563009));
#17190=CARTESIAN_POINT('',(980.,-130.428179488158,-28.7511272792756));
#17191=CARTESIAN_POINT('',(980.,-141.583295287757,-8.05579073457241));
#17192=CARTESIAN_POINT('',(980.,-135.50971673981,-23.8471079212157));
#17193=CARTESIAN_POINT('',(980.,-141.676705767364,-7.18707185188074));
#17194=CARTESIAN_POINT('',(980.,-141.249731295638,-11.1579409404277));
#17195=CARTESIAN_POINT('',(980.,-141.589728977379,-6.77828068407071));
#17196=CARTESIAN_POINT('',(980.,-138.902351965986,5.85239914476622));
#17197=CARTESIAN_POINT('',(980.,-141.500344090037,-6.52800293826931));
#17198=CARTESIAN_POINT('',(980.,-134.885494180279,11.993581341338));
#17199=CARTESIAN_POINT('',(980.,-141.308862562486,-6.13546578293407));
#17200=CARTESIAN_POINT('',(980.,-130.45410484651,16.116788887091));
#17201=CARTESIAN_POINT('',(980.,-140.911126431737,-5.51897471797236));
#17202=CARTESIAN_POINT('',(980.,-124.811221260211,19.4358808198075));
#17203=CARTESIAN_POINT('',(980.,-140.089945104808,-4.52329226040283));
#17204=CARTESIAN_POINT('',(980.,-118.64702483596,21.4762511420162));
#17205=CARTESIAN_POINT('',(980.,-139.261163441911,-3.67379113780419));
#17206=CARTESIAN_POINT('',(980.,-113.844794805783,22.3779842034843));
#17207=CARTESIAN_POINT('',(980.,-137.588958408693,-2.1060984660446));
#17208=CARTESIAN_POINT('',(980.,-111.090279308712,22.7364203705392));
#17209=CARTESIAN_POINT('',(980.,-135.504371442495,-0.511389609910766));
#17210=CARTESIAN_POINT('',(980.,-105.152952616728,22.707443272824));
#17211=CARTESIAN_POINT('',(980.,-133.417957992599,0.771754767295476));
#17212=CARTESIAN_POINT('',(980.,-99.2716268023342,21.7717501762536));
#17213=CARTESIAN_POINT('',(980.,-131.324893423237,1.84968281649083));
#17214=CARTESIAN_POINT('',(980.,-94.9448643160532,20.5853942604644));
#17215=CARTESIAN_POINT('',(980.,-129.227978328627,2.78281046269715));
#17216=CARTESIAN_POINT('',(980.,-91.663495828116,19.4990128624857));
#17217=CARTESIAN_POINT('',(980.,-125.013724088164,4.40529841817186));
#17218=CARTESIAN_POINT('',(980.,-88.7947759245421,18.349594087665));
#17219=CARTESIAN_POINT('',(980.,-120.798355699682,5.78583211010104));
#17220=CARTESIAN_POINT('',(980.,-85.0827901010575,17.4826844587447));
#17221=CARTESIAN_POINT('',(980.,-117.849789139024,6.61143072771209));
#17222=CARTESIAN_POINT('',(980.,-81.7741772472637,16.7126018203725));
#17223=CARTESIAN_POINT('',(980.,-116.580159219371,5.64846670635512));
#17224=CARTESIAN_POINT('Origin',(980.,-117.580159219371,5.64846670635512));
#17225=CARTESIAN_POINT('',(980.,-116.58015895929,-12.0804685945193));
#17226=CARTESIAN_POINT('',(980.,-116.580159219371,1.42998335317756));
#17227=CARTESIAN_POINT('',(980.,-117.603851353643,-13.0801860313385));
#17228=CARTESIAN_POINT('Origin',(980.,-117.580159219371,-12.0804685945193));
#17229=CARTESIAN_POINT('',(980.,-117.607832454453,-13.0800858773944));
#17230=CARTESIAN_POINT('',(980.,-76.0727636333804,-14.1249981165869));
#17231=CARTESIAN_POINT('',(980.,-120.693656317774,-12.9993443380391));
#17232=CARTESIAN_POINT('',(980.,-76.0820844817309,-14.1666199644657));
#17233=CARTESIAN_POINT('',(980.,-125.125456405212,-12.7888332890516));
#17234=CARTESIAN_POINT('',(980.,-77.8012104046929,-15.0367407919981));
#17235=CARTESIAN_POINT('',(980.,-129.346400435455,-12.5144711798069));
#17236=CARTESIAN_POINT('',(980.,-80.1926794197337,-15.7094717480382));
#17237=CARTESIAN_POINT('',(980.,-131.44539486551,-12.2835816848237));
#17238=CARTESIAN_POINT('',(980.,-82.8854049350881,-17.6251830682717));
#17239=CARTESIAN_POINT('',(980.,-133.54659951559,-11.9578946881574));
#17240=CARTESIAN_POINT('',(980.,-84.6968012347064,-19.5296198360342));
#17241=CARTESIAN_POINT('',(980.,-135.648127455613,-11.5586039122818));
#17242=CARTESIAN_POINT('',(980.,-86.4593446353568,-20.9044835851745));
#17243=CARTESIAN_POINT('',(980.,-137.725121679368,-11.0705101310687));
#17244=CARTESIAN_POINT('',(980.,-88.5695638644797,-22.6220694984975));
#17245=CARTESIAN_POINT('',(980.,-139.352769154385,-10.3991051312589));
#17246=CARTESIAN_POINT('',(980.,-94.9622097323529,-28.7102222483062));
#17247=CARTESIAN_POINT('',(980.,-140.137808428137,-9.87901629230516));
#17248=CARTESIAN_POINT('',(980.,-104.576178390057,-33.4386106924753));
#17249=CARTESIAN_POINT('',(980.,-140.93386381782,-9.12276348585691));
#17250=CARTESIAN_POINT('',(980.,-114.07431351275,-34.6393425598885));
#17251=CARTESIAN_POINT('',(980.,-123.546373394363,-32.5958807108481));
#17252=CARTESIAN_POINT('Origin',(530.3,-120.798355699682,5.78583211010104));
#17253=CARTESIAN_POINT('',(550.3,-120.798355699682,5.78583211010104));
#17254=CARTESIAN_POINT('',(530.3,-120.798355699682,5.78583211010104));
#17255=CARTESIAN_POINT('',(550.3,-117.849789139024,6.61143072771209));
#17256=CARTESIAN_POINT('',(550.3,-81.7741772472637,16.7126018203725));
#17257=CARTESIAN_POINT('',(530.3,-117.849789139024,6.61143072771209));
#17258=CARTESIAN_POINT('Origin',(530.3,-125.013724088164,4.40529841817186));
#17259=CARTESIAN_POINT('',(550.3,-125.013724088164,4.40529841817186));
#17260=CARTESIAN_POINT('',(530.3,-125.013724088164,4.40529841817186));
#17261=CARTESIAN_POINT('',(550.3,-85.0827901010575,17.4826844587447));
#17262=CARTESIAN_POINT('Origin',(530.3,-129.227978328627,2.78281046269715));
#17263=CARTESIAN_POINT('',(550.3,-129.227978328627,2.78281046269715));
#17264=CARTESIAN_POINT('',(530.3,-129.227978328627,2.78281046269715));
#17265=CARTESIAN_POINT('',(550.3,-88.7947759245421,18.349594087665));
#17266=CARTESIAN_POINT('Origin',(530.3,-131.324893423237,1.84968281649083));
#17267=CARTESIAN_POINT('',(550.3,-131.324893423237,1.84968281649083));
#17268=CARTESIAN_POINT('',(530.3,-131.324893423237,1.84968281649083));
#17269=CARTESIAN_POINT('',(550.3,-91.663495828116,19.4990128624857));
#17270=CARTESIAN_POINT('Origin',(530.3,-133.417957992599,0.771754767295476));
#17271=CARTESIAN_POINT('',(550.3,-133.417957992599,0.771754767295476));
#17272=CARTESIAN_POINT('',(530.3,-133.417957992599,0.771754767295476));
#17273=CARTESIAN_POINT('',(550.3,-94.9448643160532,20.5853942604644));
#17274=CARTESIAN_POINT('Origin',(530.3,-135.504371442495,-0.511389609910766));
#17275=CARTESIAN_POINT('',(550.3,-135.504371442495,-0.511389609910766));
#17276=CARTESIAN_POINT('',(530.3,-135.504371442495,-0.511389609910766));
#17277=CARTESIAN_POINT('',(550.3,-99.2716268023342,21.7717501762536));
#17278=CARTESIAN_POINT('Origin',(530.3,-137.588958408693,-2.1060984660446));
#17279=CARTESIAN_POINT('',(550.3,-137.588958408693,-2.1060984660446));
#17280=CARTESIAN_POINT('',(530.3,-137.588958408693,-2.1060984660446));
#17281=CARTESIAN_POINT('',(550.3,-105.152952616728,22.707443272824));
#17282=CARTESIAN_POINT('Origin',(530.3,-139.261163441911,-3.67379113780419));
#17283=CARTESIAN_POINT('',(550.3,-139.261163441911,-3.67379113780419));
#17284=CARTESIAN_POINT('',(530.3,-139.261163441911,-3.67379113780419));
#17285=CARTESIAN_POINT('',(550.3,-111.090279308712,22.7364203705392));
#17286=CARTESIAN_POINT('Origin',(530.3,-140.089945104808,-4.52329226040283));
#17287=CARTESIAN_POINT('',(550.3,-140.089945104808,-4.52329226040283));
#17288=CARTESIAN_POINT('',(530.3,-140.089945104808,-4.52329226040283));
#17289=CARTESIAN_POINT('',(550.3,-113.844794805783,22.3779842034843));
#17290=CARTESIAN_POINT('Origin',(530.3,-140.911126431737,-5.51897471797237));
#17291=CARTESIAN_POINT('',(550.3,-140.911126431737,-5.51897471797237));
#17292=CARTESIAN_POINT('',(530.3,-140.911126431737,-5.51897471797237));
#17293=CARTESIAN_POINT('',(550.3,-118.64702483596,21.4762511420162));
#17294=CARTESIAN_POINT('Origin',(530.3,-141.308862562486,-6.13546578293407));
#17295=CARTESIAN_POINT('',(550.3,-141.308862562486,-6.13546578293407));
#17296=CARTESIAN_POINT('',(530.3,-141.308862562486,-6.13546578293407));
#17297=CARTESIAN_POINT('',(550.3,-124.811221260211,19.4358808198075));
#17298=CARTESIAN_POINT('Origin',(530.3,-141.500344090037,-6.52800293826931));
#17299=CARTESIAN_POINT('',(550.3,-141.500344090037,-6.52800293826931));
#17300=CARTESIAN_POINT('',(530.3,-141.500344090037,-6.52800293826931));
#17301=CARTESIAN_POINT('',(550.3,-130.45410484651,16.116788887091));
#17302=CARTESIAN_POINT('Origin',(530.3,-141.589728977379,-6.77828068407071));
#17303=CARTESIAN_POINT('',(550.3,-141.589728977379,-6.77828068407071));
#17304=CARTESIAN_POINT('',(530.3,-141.589728977379,-6.77828068407071));
#17305=CARTESIAN_POINT('',(550.3,-134.885494180279,11.993581341338));
#17306=CARTESIAN_POINT('Origin',(530.3,-141.676705767364,-7.18707185188074));
#17307=CARTESIAN_POINT('',(550.3,-141.676705767364,-7.18707185188074));
#17308=CARTESIAN_POINT('',(530.3,-141.676705767364,-7.18707185188074));
#17309=CARTESIAN_POINT('',(550.3,-138.902351965986,5.85239914476622));
#17310=CARTESIAN_POINT('Origin',(530.3,-141.583295287757,-8.05579073457241));
#17311=CARTESIAN_POINT('',(550.3,-141.583295287757,-8.05579073457241));
#17312=CARTESIAN_POINT('',(530.3,-141.583295287757,-8.05579073457241));
#17313=CARTESIAN_POINT('',(550.3,-141.249731295638,-11.1579409404277));
#17314=CARTESIAN_POINT('Origin',(530.3,-141.505467989479,-8.25814187619291));
#17315=CARTESIAN_POINT('',(550.3,-141.505467989479,-8.25814187619291));
#17316=CARTESIAN_POINT('',(530.3,-141.505467989479,-8.25814187619291));
#17317=CARTESIAN_POINT('',(550.3,-135.50971673981,-23.8471079212157));
#17318=CARTESIAN_POINT('Origin',(550.3,-34.2301949661891,-2.7885));
#17319=CARTESIAN_POINT('',(550.3,-141.319556318498,-8.6020784956301));
#17320=CARTESIAN_POINT('',(550.3,-130.428179488158,-28.7511272792756));
#17321=CARTESIAN_POINT('',(550.3,-140.93386381782,-9.12276348585691));
#17322=CARTESIAN_POINT('',(550.3,-123.546373394363,-32.5958807108481));
#17323=CARTESIAN_POINT('',(550.3,-140.137808428137,-9.87901629230516));
#17324=CARTESIAN_POINT('',(550.3,-114.07431351275,-34.6393425598885));
#17325=CARTESIAN_POINT('',(550.3,-139.352769154385,-10.3991051312589));
#17326=CARTESIAN_POINT('',(550.3,-104.576178390057,-33.4386106924753));
#17327=CARTESIAN_POINT('',(550.3,-137.725121679368,-11.0705101310687));
#17328=CARTESIAN_POINT('',(550.3,-94.9622097323529,-28.7102222483062));
#17329=CARTESIAN_POINT('',(550.3,-135.648127455613,-11.5586039122818));
#17330=CARTESIAN_POINT('',(550.3,-88.5695638644797,-22.6220694984975));
#17331=CARTESIAN_POINT('',(550.3,-133.54659951559,-11.9578946881574));
#17332=CARTESIAN_POINT('',(550.3,-86.4593446353568,-20.9044835851745));
#17333=CARTESIAN_POINT('',(550.3,-131.44539486551,-12.2835816848237));
#17334=CARTESIAN_POINT('',(550.3,-84.6968012347064,-19.5296198360342));
#17335=CARTESIAN_POINT('',(550.3,-129.346400435455,-12.5144711798069));
#17336=CARTESIAN_POINT('',(550.3,-82.8854049350881,-17.6251830682717));
#17337=CARTESIAN_POINT('',(550.3,-125.125456405212,-12.7888332890516));
#17338=CARTESIAN_POINT('',(550.3,-80.1926794197337,-15.7094717480382));
#17339=CARTESIAN_POINT('',(550.3,-120.693656317774,-12.9993443380391));
#17340=CARTESIAN_POINT('',(550.3,-77.8012104046929,-15.0367407919981));
#17341=CARTESIAN_POINT('',(550.3,-117.607832454453,-13.0800858773944));
#17342=CARTESIAN_POINT('',(550.3,-76.0820844817309,-14.1666199644657));
#17343=CARTESIAN_POINT('',(550.3,-117.603851353643,-13.0801860313385));
#17344=CARTESIAN_POINT('',(550.3,-76.0727636333804,-14.1249981165869));
#17345=CARTESIAN_POINT('',(550.3,-116.58015895929,-12.0804685945193));
#17346=CARTESIAN_POINT('Origin',(550.3,-117.580159219371,-12.0804685945193));
#17347=CARTESIAN_POINT('',(550.3,-116.580159219371,5.64846670635512));
#17348=CARTESIAN_POINT('',(550.3,-116.580159219371,1.42998335317756));
#17349=CARTESIAN_POINT('Origin',(550.3,-117.580159219371,5.64846670635512));
#17350=CARTESIAN_POINT('Origin',(530.3,-117.580159219371,5.64846670635512));
#17351=CARTESIAN_POINT('',(530.3,-116.580159219371,5.64846670635512));
#17352=CARTESIAN_POINT('Origin',(530.3,-116.580159219371,5.64846670635512));
#17353=CARTESIAN_POINT('',(530.3,-116.58015895929,-12.0804685945193));
#17354=CARTESIAN_POINT('Origin',(530.3,-117.580159219371,-12.0804685945193));
#17355=CARTESIAN_POINT('',(530.3,-117.603851353643,-13.0801860313385));
#17356=CARTESIAN_POINT('Origin',(530.3,-117.603851353643,-13.0801860313385));
#17357=CARTESIAN_POINT('',(530.3,-117.607832454453,-13.0800858773944));
#17358=CARTESIAN_POINT('Origin',(530.3,-117.607832454453,-13.0800858773944));
#17359=CARTESIAN_POINT('',(530.3,-120.693656317774,-12.9993443380391));
#17360=CARTESIAN_POINT('Origin',(530.3,-120.693656317774,-12.9993443380391));
#17361=CARTESIAN_POINT('',(530.3,-125.125456405212,-12.7888332890516));
#17362=CARTESIAN_POINT('Origin',(530.3,-125.125456405212,-12.7888332890516));
#17363=CARTESIAN_POINT('',(530.3,-129.346400435455,-12.5144711798069));
#17364=CARTESIAN_POINT('Origin',(530.3,-129.346400435455,-12.5144711798069));
#17365=CARTESIAN_POINT('',(530.3,-131.44539486551,-12.2835816848237));
#17366=CARTESIAN_POINT('Origin',(530.3,-131.44539486551,-12.2835816848237));
#17367=CARTESIAN_POINT('',(530.3,-133.54659951559,-11.9578946881574));
#17368=CARTESIAN_POINT('Origin',(530.3,-133.54659951559,-11.9578946881574));
#17369=CARTESIAN_POINT('',(530.3,-135.648127455613,-11.5586039122818));
#17370=CARTESIAN_POINT('Origin',(530.3,-135.648127455613,-11.5586039122818));
#17371=CARTESIAN_POINT('',(530.3,-137.725121679368,-11.0705101310687));
#17372=CARTESIAN_POINT('Origin',(530.3,-137.725121679368,-11.0705101310687));
#17373=CARTESIAN_POINT('',(530.3,-139.352769154385,-10.3991051312589));
#17374=CARTESIAN_POINT('Origin',(530.3,-139.352769154385,-10.3991051312589));
#17375=CARTESIAN_POINT('',(530.3,-140.137808428137,-9.87901629230516));
#17376=CARTESIAN_POINT('Origin',(530.3,-140.137808428137,-9.87901629230516));
#17377=CARTESIAN_POINT('',(530.3,-140.93386381782,-9.12276348585691));
#17378=CARTESIAN_POINT('Origin',(530.3,-140.93386381782,-9.12276348585691));
#17379=CARTESIAN_POINT('',(530.3,-141.319556318498,-8.6020784956301));
#17380=CARTESIAN_POINT('Origin',(530.3,-141.319556318498,-8.6020784956301));
#17381=CARTESIAN_POINT('Origin',(980.,-34.2301949661891,-2.7885));
#17382=CARTESIAN_POINT('',(980.,-69.7249780460066,10.8040541046337));
#17383=CARTESIAN_POINT('',(980.,-69.5617570141301,-10.9583780856995));
#17384=CARTESIAN_POINT('',(980.,-69.5913991791464,-7.00615698573111));
#17385=CARTESIAN_POINT('',(980.,-69.2742127624711,11.7981114881533));
#17386=CARTESIAN_POINT('Origin',(980.,-68.4250148272892,10.8138034637504));
#17387=CARTESIAN_POINT('',(980.,-68.5429406255399,11.8068256487844));
#17388=CARTESIAN_POINT('',(980.,-51.8415895649344,12.0058462986175));
#17389=CARTESIAN_POINT('',(980.,-68.4325142174933,11.8137751198533));
#17390=CARTESIAN_POINT('Origin',(980.,-68.4250148272892,10.8138034637504));
#17391=CARTESIAN_POINT('',(980.,-65.8812535629951,11.8329099018929));
#17392=CARTESIAN_POINT('',(980.,-51.3870728985748,11.9416181153665));
#17393=CARTESIAN_POINT('',(980.,-61.6529190707149,11.8011964124746));
#17394=CARTESIAN_POINT('',(980.,-50.001785557127,11.7138102087413));
#17395=CARTESIAN_POINT('',(980.,-57.4240841828706,11.7271917742365));
#17396=CARTESIAN_POINT('',(980.,-47.8181340331479,11.5590875836931));
#17397=CARTESIAN_POINT('',(980.,-53.1957442278382,11.6003422279927));
#17398=CARTESIAN_POINT('',(980.,-45.6200288582726,11.3730719357925));
#17399=CARTESIAN_POINT('',(980.,-48.9668986824419,11.4206155617404));
#17400=CARTESIAN_POINT('',(980.,-43.4248542702321,11.1850777167811));
#17401=CARTESIAN_POINT('',(980.,-44.7380473232818,11.198598922703));
#17402=CARTESIAN_POINT('',(980.,-41.246833080275,11.0153085711249));
#17403=CARTESIAN_POINT('',(980.,-40.5086884549351,10.9236891091019));
#17404=CARTESIAN_POINT('',(980.,-39.0535552096516,10.8291049364937));
#17405=CARTESIAN_POINT('',(980.,-36.2793247981074,10.6170595199709));
#17406=CARTESIAN_POINT('',(980.,-36.8913872111365,10.6614341496925));
#17407=CARTESIAN_POINT('',(980.,-32.0499487386273,10.2575598078479));
#17408=CARTESIAN_POINT('',(980.,-34.6964556533054,10.4825146145565));
#17409=CARTESIAN_POINT('',(980.,-27.8195781415103,9.86624572269137));
#17410=CARTESIAN_POINT('',(980.,-32.5325547779995,10.3022014146416));
#17411=CARTESIAN_POINT('',(980.,-23.589694818523,9.44325159079398));
#17412=CARTESIAN_POINT('',(980.,-30.3666689853388,10.1209582993939));
#17413=CARTESIAN_POINT('',(980.,-19.3602924082503,8.97800736648664));
#17414=CARTESIAN_POINT('',(980.,-28.1816194861895,9.94837411706323));
#17415=CARTESIAN_POINT('',(980.,-15.1303877922846,8.47039947263616));
#17416=CARTESIAN_POINT('',(980.,-25.9936980258269,9.77404636979766));
#17417=CARTESIAN_POINT('',(980.,-10.8999898307568,7.93098708022764));
#17418=CARTESIAN_POINT('',(980.,-23.8211887298789,9.57855188957827));
#17419=CARTESIAN_POINT('',(980.,-6.67008105559286,7.35986655605196));
#17420=CARTESIAN_POINT('',(980.,-21.645527800805,9.38184514932767));
#17421=CARTESIAN_POINT('',(980.,-2.43968393247352,6.74625850028911));
#17422=CARTESIAN_POINT('',(980.,-19.4453650353039,9.21288813687904));
#17423=CARTESIAN_POINT('',(980.,1.79114372590707,6.11116220924324));
#17424=CARTESIAN_POINT('',(980.,-17.284788509721,8.9746808371154));
#17425=CARTESIAN_POINT('',(980.,3.02456167711936,5.91664042479213));
#17426=CARTESIAN_POINT('',(980.,-15.0976808552857,8.77469105734095));
#17427=CARTESIAN_POINT('',(980.,3.08658715249816,5.90661062748363));
#17428=CARTESIAN_POINT('',(980.,-14.4422582061209,8.74110346974223));
#17429=CARTESIAN_POINT('',(980.,3.90898208916753,4.92567334834861));
#17430=CARTESIAN_POINT('Origin',(980.,2.90898750668105,4.92250821978067));
#17431=CARTESIAN_POINT('',(980.,3.95094668337666,-8.33490518038605));
#17432=CARTESIAN_POINT('',(980.,3.92099717641401,1.12897255783653));
#17433=CARTESIAN_POINT('',(980.,2.98840341590594,-9.33736822064918));
#17434=CARTESIAN_POINT('Origin',(980.,2.95095175392551,-8.33806984326929));
#17435=CARTESIAN_POINT('',(980.,1.83708745708587,-9.38051707832087));
#17436=CARTESIAN_POINT('',(980.,-15.4722473493233,-10.0292338951354));
#17437=CARTESIAN_POINT('',(980.,-2.39572878494439,-9.539045092127));
#17438=CARTESIAN_POINT('',(980.,-16.0480244142664,-10.0503527384453));
#17439=CARTESIAN_POINT('',(980.,-3.15432329542304,-9.56530755306491));
#17440=CARTESIAN_POINT('',(980.,-18.1771956284753,-10.0853977888524));
#17441=CARTESIAN_POINT('',(980.,-14.7184220107402,-9.99014710546282));
#17442=CARTESIAN_POINT('',(980.,-18.5470016541175,-10.1308007008751));
#17443=CARTESIAN_POINT('',(980.,-19.3295430043541,-10.151715517753));
#17444=CARTESIAN_POINT('',(980.,-24.3363316295425,-10.3271476718788));
#17445=CARTESIAN_POINT('',(980.,-23.5633837079871,-10.3105743991243));
#17446=CARTESIAN_POINT('',(980.,-26.6314506258581,-10.4256920222619));
#17447=CARTESIAN_POINT('',(980.,-27.7967150406591,-10.4693777979652));
#17448=CARTESIAN_POINT('',(980.,-28.7484065826918,-10.5050782522048));
#17449=CARTESIAN_POINT('',(980.,-32.0295542604374,-10.628143027455));
#17450=CARTESIAN_POINT('',(980.,-30.8650911760198,-10.5844663746859));
#17451=CARTESIAN_POINT('',(980.,-36.262875127764,-10.7763314341215));
#17452=CARTESIAN_POINT('',(980.,-32.9914816125259,-10.6618155238479));
#17453=CARTESIAN_POINT('',(980.,-40.4967123676779,-10.9351157646677));
#17454=CARTESIAN_POINT('',(980.,-35.0983865286338,-10.7326588666221));
#17455=CARTESIAN_POINT('',(980.,-44.7295503425214,-11.0938581460101));
#17456=CARTESIAN_POINT('',(980.,-37.2153091873476,-10.8120546510399));
#17457=CARTESIAN_POINT('',(980.,-48.9628756131484,-11.2420322713182));
#17458=CARTESIAN_POINT('',(980.,-39.3411228068882,-10.9052533292675));
#17459=CARTESIAN_POINT('',(980.,-53.1967114472928,-11.4008070303836));
#17460=CARTESIAN_POINT('',(980.,-41.4485934009405,-10.9602361898143));
#17461=CARTESIAN_POINT('',(980.,-57.4295485272869,-11.5595428649771));
#17462=CARTESIAN_POINT('',(980.,-43.5655125606881,-11.0396269602538));
#17463=CARTESIAN_POINT('',(980.,-61.6628761055582,-11.7077124651007));
#17464=CARTESIAN_POINT('',(980.,-45.6907558785154,-11.1486764294026));
#17465=CARTESIAN_POINT('',(980.,-65.8962144692976,-11.8664652300119));
#17466=CARTESIAN_POINT('',(980.,-47.7987945856173,-11.1878009708774));
#17467=CARTESIAN_POINT('',(980.,-68.2272755038335,-11.9480533176468));
#17468=CARTESIAN_POINT('',(980.,-49.9239050090554,-11.3074278797807));
#17469=CARTESIAN_POINT('',(980.,-69.0553412448683,-11.9783491429721));
#17470=CARTESIAN_POINT('',(980.,-51.0841253875475,-11.3208496359693));
#17471=CARTESIAN_POINT('Origin',(980.,-68.2617934598334,-10.9486492813621));
#17472=CARTESIAN_POINT('Origin',(530.3,3.02456167711936,5.91664042479213));
#17473=CARTESIAN_POINT('',(550.3,3.02456167711936,5.91664042479213));
#17474=CARTESIAN_POINT('',(530.3,3.02456167711936,5.91664042479213));
#17475=CARTESIAN_POINT('',(550.3,3.08658715249816,5.90661062748363));
#17476=CARTESIAN_POINT('',(550.3,-14.4422582061209,8.74110346974223));
#17477=CARTESIAN_POINT('',(530.3,3.08658715249816,5.90661062748363));
#17478=CARTESIAN_POINT('Origin',(530.3,1.79114372590707,6.11116220924324));
#17479=CARTESIAN_POINT('',(550.3,1.79114372590707,6.11116220924324));
#17480=CARTESIAN_POINT('',(530.3,1.79114372590707,6.11116220924324));
#17481=CARTESIAN_POINT('',(550.3,-15.0976808552857,8.77469105734095));
#17482=CARTESIAN_POINT('Origin',(530.3,-2.43968393247352,6.74625850028911));
#17483=CARTESIAN_POINT('',(550.3,-2.43968393247352,6.74625850028911));
#17484=CARTESIAN_POINT('',(530.3,-2.43968393247352,6.74625850028911));
#17485=CARTESIAN_POINT('',(550.3,-17.284788509721,8.9746808371154));
#17486=CARTESIAN_POINT('Origin',(530.3,-6.67008105559285,7.35986655605196));
#17487=CARTESIAN_POINT('',(550.3,-6.67008105559286,7.35986655605196));
#17488=CARTESIAN_POINT('',(530.3,-6.67008105559285,7.35986655605196));
#17489=CARTESIAN_POINT('',(550.3,-19.4453650353039,9.21288813687904));
#17490=CARTESIAN_POINT('Origin',(530.3,-10.8999898307568,7.93098708022764));
#17491=CARTESIAN_POINT('',(550.3,-10.8999898307568,7.93098708022764));
#17492=CARTESIAN_POINT('',(530.3,-10.8999898307568,7.93098708022764));
#17493=CARTESIAN_POINT('',(550.3,-21.645527800805,9.38184514932767));
#17494=CARTESIAN_POINT('Origin',(530.3,-15.1303877922846,8.47039947263616));
#17495=CARTESIAN_POINT('',(550.3,-15.1303877922846,8.47039947263616));
#17496=CARTESIAN_POINT('',(530.3,-15.1303877922846,8.47039947263616));
#17497=CARTESIAN_POINT('',(550.3,-23.8211887298789,9.57855188957827));
#17498=CARTESIAN_POINT('Origin',(530.3,-19.3602924082503,8.97800736648664));
#17499=CARTESIAN_POINT('',(550.3,-19.3602924082503,8.97800736648664));
#17500=CARTESIAN_POINT('',(530.3,-19.3602924082503,8.97800736648664));
#17501=CARTESIAN_POINT('',(550.3,-25.9936980258269,9.77404636979766));
#17502=CARTESIAN_POINT('Origin',(530.3,-23.589694818523,9.44325159079398));
#17503=CARTESIAN_POINT('',(550.3,-23.589694818523,9.44325159079398));
#17504=CARTESIAN_POINT('',(530.3,-23.589694818523,9.44325159079398));
#17505=CARTESIAN_POINT('',(550.3,-28.1816194861895,9.94837411706323));
#17506=CARTESIAN_POINT('Origin',(530.3,-27.8195781415103,9.86624572269137));
#17507=CARTESIAN_POINT('',(550.3,-27.8195781415103,9.86624572269136));
#17508=CARTESIAN_POINT('',(530.3,-27.8195781415103,9.86624572269137));
#17509=CARTESIAN_POINT('',(550.3,-30.3666689853388,10.1209582993939));
#17510=CARTESIAN_POINT('Origin',(530.3,-32.0499487386273,10.2575598078479));
#17511=CARTESIAN_POINT('',(550.3,-32.0499487386273,10.2575598078479));
#17512=CARTESIAN_POINT('',(530.3,-32.0499487386273,10.2575598078479));
#17513=CARTESIAN_POINT('',(550.3,-32.5325547779995,10.3022014146416));
#17514=CARTESIAN_POINT('Origin',(530.3,-36.2793247981074,10.6170595199709));
#17515=CARTESIAN_POINT('',(550.3,-36.2793247981074,10.6170595199709));
#17516=CARTESIAN_POINT('',(530.3,-36.2793247981074,10.6170595199709));
#17517=CARTESIAN_POINT('',(550.3,-34.6964556533054,10.4825146145565));
#17518=CARTESIAN_POINT('Origin',(530.3,-40.5086884549351,10.9236891091019));
#17519=CARTESIAN_POINT('',(550.3,-40.5086884549351,10.9236891091019));
#17520=CARTESIAN_POINT('',(530.3,-40.5086884549351,10.9236891091019));
#17521=CARTESIAN_POINT('',(550.3,-36.8913872111365,10.6614341496925));
#17522=CARTESIAN_POINT('Origin',(530.3,-44.7380473232818,11.198598922703));
#17523=CARTESIAN_POINT('',(550.3,-44.7380473232818,11.198598922703));
#17524=CARTESIAN_POINT('',(530.3,-44.7380473232818,11.198598922703));
#17525=CARTESIAN_POINT('',(550.3,-39.0535552096516,10.8291049364937));
#17526=CARTESIAN_POINT('Origin',(530.3,-48.9668986824419,11.4206155617404));
#17527=CARTESIAN_POINT('',(550.3,-48.9668986824419,11.4206155617404));
#17528=CARTESIAN_POINT('',(530.3,-48.9668986824419,11.4206155617404));
#17529=CARTESIAN_POINT('',(550.3,-41.246833080275,11.0153085711249));
#17530=CARTESIAN_POINT('Origin',(530.3,-53.1957442278382,11.6003422279927));
#17531=CARTESIAN_POINT('',(550.3,-53.1957442278382,11.6003422279927));
#17532=CARTESIAN_POINT('',(530.3,-53.1957442278382,11.6003422279927));
#17533=CARTESIAN_POINT('',(550.3,-43.4248542702321,11.1850777167811));
#17534=CARTESIAN_POINT('Origin',(530.3,-57.4240841828706,11.7271917742365));
#17535=CARTESIAN_POINT('',(550.3,-57.4240841828706,11.7271917742365));
#17536=CARTESIAN_POINT('',(530.3,-57.4240841828706,11.7271917742365));
#17537=CARTESIAN_POINT('',(550.3,-45.6200288582726,11.3730719357925));
#17538=CARTESIAN_POINT('Origin',(530.3,-61.6529190707149,11.8011964124746));
#17539=CARTESIAN_POINT('',(550.3,-61.6529190707149,11.8011964124746));
#17540=CARTESIAN_POINT('',(530.3,-61.6529190707149,11.8011964124746));
#17541=CARTESIAN_POINT('',(550.3,-47.8181340331479,11.5590875836931));
#17542=CARTESIAN_POINT('Origin',(530.3,-65.8812535629951,11.8329099018929));
#17543=CARTESIAN_POINT('',(550.3,-65.8812535629951,11.8329099018929));
#17544=CARTESIAN_POINT('',(530.3,-65.8812535629951,11.8329099018929));
#17545=CARTESIAN_POINT('',(550.3,-50.001785557127,11.7138102087413));
#17546=CARTESIAN_POINT('Origin',(530.3,-68.4325142174933,11.8137751198533));
#17547=CARTESIAN_POINT('',(550.3,-68.4325142174933,11.8137751198533));
#17548=CARTESIAN_POINT('',(530.3,-68.4325142174933,11.8137751198533));
#17549=CARTESIAN_POINT('',(550.3,-51.3870728985748,11.9416181153665));
#17550=CARTESIAN_POINT('Origin',(530.3,-68.4250148272892,10.8138034637504));
#17551=CARTESIAN_POINT('',(550.3,-68.5429406255399,11.8068256487844));
#17552=CARTESIAN_POINT('',(530.3,-68.5429406255399,11.8068256487844));
#17553=CARTESIAN_POINT('Origin',(550.3,-68.4250148272892,10.8138034637504));
#17554=CARTESIAN_POINT('Origin',(530.3,-69.2742127624711,11.7981114881533));
#17555=CARTESIAN_POINT('',(550.3,-69.2742127624711,11.7981114881533));
#17556=CARTESIAN_POINT('',(530.3,-69.2742127624711,11.7981114881533));
#17557=CARTESIAN_POINT('',(550.3,-51.8415895649344,12.0058462986175));
#17558=CARTESIAN_POINT('Origin',(530.3,-68.4250148272892,10.8138034637504));
#17559=CARTESIAN_POINT('',(550.3,-69.7249780460066,10.8040541046337));
#17560=CARTESIAN_POINT('',(530.3,-69.7249780460066,10.8040541046337));
#17561=CARTESIAN_POINT('Origin',(550.3,-68.4250148272892,10.8138034637504));
#17562=CARTESIAN_POINT('Origin',(550.3,-34.2301949661891,-2.7885));
#17563=CARTESIAN_POINT('',(550.3,-69.5617570141301,-10.9583780856995));
#17564=CARTESIAN_POINT('',(550.3,-69.5913991791464,-7.00615698573111));
#17565=CARTESIAN_POINT('',(550.3,-69.0553412448683,-11.9783491429721));
#17566=CARTESIAN_POINT('Origin',(550.3,-68.2617934598334,-10.9486492813621));
#17567=CARTESIAN_POINT('',(550.3,-68.2272755038335,-11.9480533176468));
#17568=CARTESIAN_POINT('',(550.3,-51.0841253875475,-11.3208496359693));
#17569=CARTESIAN_POINT('',(550.3,-65.8962144692976,-11.8664652300119));
#17570=CARTESIAN_POINT('',(550.3,-49.9239050090554,-11.3074278797807));
#17571=CARTESIAN_POINT('',(550.3,-61.6628761055582,-11.7077124651007));
#17572=CARTESIAN_POINT('',(550.3,-47.7987945856173,-11.1878009708774));
#17573=CARTESIAN_POINT('',(550.3,-57.4295485272869,-11.5595428649771));
#17574=CARTESIAN_POINT('',(550.3,-45.6907558785154,-11.1486764294026));
#17575=CARTESIAN_POINT('',(550.3,-53.1967114472928,-11.4008070303836));
#17576=CARTESIAN_POINT('',(550.3,-43.5655125606881,-11.0396269602538));
#17577=CARTESIAN_POINT('',(550.3,-48.9628756131484,-11.2420322713182));
#17578=CARTESIAN_POINT('',(550.3,-41.4485934009405,-10.9602361898143));
#17579=CARTESIAN_POINT('',(550.3,-44.7295503425214,-11.0938581460101));
#17580=CARTESIAN_POINT('',(550.3,-39.3411228068882,-10.9052533292675));
#17581=CARTESIAN_POINT('',(550.3,-40.4967123676779,-10.9351157646677));
#17582=CARTESIAN_POINT('',(550.3,-37.2153091873476,-10.8120546510399));
#17583=CARTESIAN_POINT('',(550.3,-36.262875127764,-10.7763314341215));
#17584=CARTESIAN_POINT('',(550.3,-35.0983865286338,-10.7326588666221));
#17585=CARTESIAN_POINT('',(550.3,-32.0295542604374,-10.628143027455));
#17586=CARTESIAN_POINT('',(550.3,-32.9914816125259,-10.6618155238479));
#17587=CARTESIAN_POINT('',(550.3,-27.7967150406591,-10.4693777979652));
#17588=CARTESIAN_POINT('',(550.3,-30.8650911760198,-10.5844663746859));
#17589=CARTESIAN_POINT('',(550.3,-23.5633837079871,-10.3105743991243));
#17590=CARTESIAN_POINT('',(550.3,-28.7484065826918,-10.5050782522048));
#17591=CARTESIAN_POINT('',(550.3,-19.3295430043541,-10.151715517753));
#17592=CARTESIAN_POINT('',(550.3,-26.6314506258581,-10.4256920222619));
#17593=CARTESIAN_POINT('',(550.3,-14.7184220107402,-9.99014710546282));
#17594=CARTESIAN_POINT('',(550.3,-24.3363316295425,-10.3271476718788));
#17595=CARTESIAN_POINT('',(550.3,-3.15432329542304,-9.56530755306491));
#17596=CARTESIAN_POINT('',(550.3,-18.5470016541175,-10.1308007008751));
#17597=CARTESIAN_POINT('',(550.3,-2.39572878494439,-9.539045092127));
#17598=CARTESIAN_POINT('',(550.3,-18.1771956284753,-10.0853977888524));
#17599=CARTESIAN_POINT('',(550.3,1.83708745708587,-9.38051707832087));
#17600=CARTESIAN_POINT('',(550.3,-16.0480244142664,-10.0503527384453));
#17601=CARTESIAN_POINT('',(550.3,2.98840341590594,-9.33736822064918));
#17602=CARTESIAN_POINT('',(550.3,-15.4722473493233,-10.0292338951354));
#17603=CARTESIAN_POINT('',(550.3,3.95094668337666,-8.33490518038605));
#17604=CARTESIAN_POINT('Origin',(550.3,2.95095175392551,-8.33806984326929));
#17605=CARTESIAN_POINT('',(550.3,3.90898208916753,4.92567334834861));
#17606=CARTESIAN_POINT('',(550.3,3.92099717641401,1.12897255783653));
#17607=CARTESIAN_POINT('Origin',(550.3,2.90898750668105,4.92250821978067));
#17608=CARTESIAN_POINT('Origin',(530.3,3.90898208916753,4.92567334834861));
#17609=CARTESIAN_POINT('',(530.3,3.90898208916753,4.92567334834861));
#17610=CARTESIAN_POINT('',(530.3,3.95094668337666,-8.33490518038605));
#17611=CARTESIAN_POINT('Origin',(530.3,2.95095175392551,-8.33806984326929));
#17612=CARTESIAN_POINT('',(530.3,2.98840341590595,-9.33736822064918));
#17613=CARTESIAN_POINT('Origin',(530.3,2.98840341590595,-9.33736822064918));
#17614=CARTESIAN_POINT('',(530.3,1.83708745708587,-9.38051707832087));
#17615=CARTESIAN_POINT('Origin',(530.3,1.83708745708587,-9.38051707832087));
#17616=CARTESIAN_POINT('',(530.3,-2.39572878494438,-9.539045092127));
#17617=CARTESIAN_POINT('Origin',(530.3,-2.39572878494438,-9.539045092127));
#17618=CARTESIAN_POINT('',(530.3,-3.15432329542304,-9.56530755306491));
#17619=CARTESIAN_POINT('Origin',(530.3,-3.15432329542304,-9.56530755306491));
#17620=CARTESIAN_POINT('',(530.3,-14.7184220107402,-9.99014710546282));
#17621=CARTESIAN_POINT('Origin',(530.3,-14.7184220107402,-9.99014710546282));
#17622=CARTESIAN_POINT('',(530.3,-19.3295430043541,-10.151715517753));
#17623=CARTESIAN_POINT('Origin',(530.3,-19.3295430043541,-10.151715517753));
#17624=CARTESIAN_POINT('',(530.3,-23.5633837079871,-10.3105743991243));
#17625=CARTESIAN_POINT('Origin',(530.3,-23.5633837079871,-10.3105743991243));
#17626=CARTESIAN_POINT('',(530.3,-27.7967150406591,-10.4693777979652));
#17627=CARTESIAN_POINT('Origin',(530.3,-27.7967150406591,-10.4693777979652));
#17628=CARTESIAN_POINT('',(530.3,-32.0295542604374,-10.628143027455));
#17629=CARTESIAN_POINT('Origin',(530.3,-32.0295542604374,-10.628143027455));
#17630=CARTESIAN_POINT('',(530.3,-36.262875127764,-10.7763314341215));
#17631=CARTESIAN_POINT('Origin',(530.3,-36.262875127764,-10.7763314341215));
#17632=CARTESIAN_POINT('',(530.3,-40.4967123676779,-10.9351157646677));
#17633=CARTESIAN_POINT('Origin',(530.3,-40.4967123676779,-10.9351157646677));
#17634=CARTESIAN_POINT('',(530.3,-44.7295503425214,-11.0938581460101));
#17635=CARTESIAN_POINT('Origin',(530.3,-44.7295503425214,-11.0938581460101));
#17636=CARTESIAN_POINT('',(530.3,-48.9628756131484,-11.2420322713182));
#17637=CARTESIAN_POINT('Origin',(530.3,-48.9628756131484,-11.2420322713182));
#17638=CARTESIAN_POINT('',(530.3,-53.1967114472928,-11.4008070303836));
#17639=CARTESIAN_POINT('Origin',(530.3,-53.1967114472928,-11.4008070303836));
#17640=CARTESIAN_POINT('',(530.3,-57.4295485272869,-11.5595428649771));
#17641=CARTESIAN_POINT('Origin',(530.3,-57.4295485272869,-11.5595428649771));
#17642=CARTESIAN_POINT('',(530.3,-61.6628761055582,-11.7077124651007));
#17643=CARTESIAN_POINT('Origin',(530.3,-61.6628761055582,-11.7077124651007));
#17644=CARTESIAN_POINT('',(530.3,-65.8962144692976,-11.8664652300119));
#17645=CARTESIAN_POINT('Origin',(530.3,-65.8962144692976,-11.8664652300119));
#17646=CARTESIAN_POINT('',(530.3,-68.2272755038335,-11.9480533176468));
#17647=CARTESIAN_POINT('Origin',(530.3,-68.2272755038335,-11.9480533176468));
#17648=CARTESIAN_POINT('',(530.3,-69.0553412448683,-11.9783491429721));
#17649=CARTESIAN_POINT('Origin',(530.3,-68.2617934598334,-10.9486492813621));
#17650=CARTESIAN_POINT('',(530.3,-69.5617570141301,-10.9583780856995));
#17651=CARTESIAN_POINT('Origin',(530.3,-69.5617570141302,-10.9583780856995));
#17652=CARTESIAN_POINT('Origin',(530.3,2.90898750668105,4.92250821978067));
#17653=UNCERTAINTY_MEASURE_WITH_UNIT(LENGTH_MEASURE(0.01),#17657,
'DISTANCE_ACCURACY_VALUE',
'Maximum model space distance between geometric entities at asserted c
onnectivities');
#17654=UNCERTAINTY_MEASURE_WITH_UNIT(LENGTH_MEASURE(0.01),#17657,
'DISTANCE_ACCURACY_VALUE',
'Maximum model space distance between geometric entities at asserted c
onnectivities');
#17655=(
GEOMETRIC_REPRESENTATION_CONTEXT(3)
GLOBAL_UNCERTAINTY_ASSIGNED_CONTEXT((#17653))
GLOBAL_UNIT_ASSIGNED_CONTEXT((#17657,#17659,#17660))
REPRESENTATION_CONTEXT('','3D')
);
#17656=(
GEOMETRIC_REPRESENTATION_CONTEXT(3)
GLOBAL_UNCERTAINTY_ASSIGNED_CONTEXT((#17654))
GLOBAL_UNIT_ASSIGNED_CONTEXT((#17657,#17659,#17660))
REPRESENTATION_CONTEXT('','3D')
);
#17657=(
LENGTH_UNIT()
NAMED_UNIT(*)
SI_UNIT(.MILLI.,.METRE.)
);
#17658=(
LENGTH_UNIT()
NAMED_UNIT(*)
SI_UNIT($,.METRE.)
);
#17659=(
NAMED_UNIT(*)
PLANE_ANGLE_UNIT()
SI_UNIT($,.RADIAN.)
);
#17660=(
NAMED_UNIT(*)
SI_UNIT($,.STERADIAN.)
SOLID_ANGLE_UNIT()
);
#17661=SHAPE_DEFINITION_REPRESENTATION(#17662,#17663);
#17662=PRODUCT_DEFINITION_SHAPE('',$,#17665);
#17663=SHAPE_REPRESENTATION('',(#11125),#17655);
#17664=PRODUCT_DEFINITION_CONTEXT('part definition',#17669,'design');
#17665=PRODUCT_DEFINITION('2026-10-04-19-37-30-945','aereo rc',#17666,#17664);
#17666=PRODUCT_DEFINITION_FORMATION('',$,#17671);
#17667=PRODUCT_RELATED_PRODUCT_CATEGORY('aereo rc','aereo rc',(#17671));
#17668=APPLICATION_PROTOCOL_DEFINITION('international standard',
'automotive_design',2009,#17669);
#17669=APPLICATION_CONTEXT(
'Core Data for Automotive Mechanical Design Process');
#17670=PRODUCT_CONTEXT('part definition',#17669,'mechanical');
#17671=PRODUCT('2026-10-04-19-37-30-945','aereo rc',$,(#17670));
#17672=PRESENTATION_STYLE_ASSIGNMENT((#17673));
#17673=SURFACE_STYLE_USAGE(.BOTH.,#17674);
#17674=SURFACE_SIDE_STYLE('',(#17675));
#17675=SURFACE_STYLE_FILL_AREA(#17676);
#17676=FILL_AREA_STYLE('Acciaio - Satinato',(#17677));
#17677=FILL_AREA_STYLE_COLOUR('Acciaio - Satinato',#17678);
#17678=COLOUR_RGB('Acciaio - Satinato',0.627450980392157,0.627450980392157,
0.627450980392157);
ENDSEC;
END-ISO-10303-21;
